[wait] Thu May 28 03:38:45 BST 2026 waiting for a GPU with >=10000 MiB free and <50% util
[wait] Thu May 28 03:38:45 BST 2026 no suitable GPU yet
[launch] Thu May 28 03:40:29 BST 2026 act_epoch40_fs4 gpu=2 demos=40 frame_stack=4 batch_size=128 lr=3e-5 lr_backbone=3e-6 kl=20 grad_clip=1
Traceback (most recent call last):
  File "/home/xd1125/miniconda3/envs/safe_bigym_hoi/lib/python3.10/site-packages/hydra/_internal/config_loader_impl.py", line 390, in _apply_overrides_to_config
    OmegaConf.update(cfg, key, value, merge=True)
  File "/home/xd1125/miniconda3/envs/safe_bigym_hoi/lib/python3.10/site-packages/omegaconf/omegaconf.py", line 741, in update
    root.__setattr__(last_key, value)
  File "/home/xd1125/miniconda3/envs/safe_bigym_hoi/lib/python3.10/site-packages/omegaconf/dictconfig.py", line 337, in __setattr__
    raise e
  File "/home/xd1125/miniconda3/envs/safe_bigym_hoi/lib/python3.10/site-packages/omegaconf/dictconfig.py", line 334, in __setattr__
    self.__set_impl(key, value)
  File "/home/xd1125/miniconda3/envs/safe_bigym_hoi/lib/python3.10/site-packages/omegaconf/dictconfig.py", line 318, in __set_impl
    self._set_item_impl(key, value)
  File "/home/xd1125/miniconda3/envs/safe_bigym_hoi/lib/python3.10/site-packages/omegaconf/basecontainer.py", line 549, in _set_item_impl
    self._validate_set(key, value)
  File "/home/xd1125/miniconda3/envs/safe_bigym_hoi/lib/python3.10/site-packages/omegaconf/dictconfig.py", line 180, in _validate_set
    target = self._get_node(key) if key is not None else self
  File "/home/xd1125/miniconda3/envs/safe_bigym_hoi/lib/python3.10/site-packages/omegaconf/dictconfig.py", line 475, in _get_node
    self._validate_get(key)
  File "/home/xd1125/miniconda3/envs/safe_bigym_hoi/lib/python3.10/site-packages/omegaconf/dictconfig.py", line 164, in _validate_get
    self._format_and_raise(
  File "/home/xd1125/miniconda3/envs/safe_bigym_hoi/lib/python3.10/site-packages/omegaconf/base.py", line 231, in _format_and_raise
    format_and_raise(
  File "/home/xd1125/miniconda3/envs/safe_bigym_hoi/lib/python3.10/site-packages/omegaconf/_utils.py", line 899, in format_and_raise
    _raise(ex, cause)
  File "/home/xd1125/miniconda3/envs/safe_bigym_hoi/lib/python3.10/site-packages/omegaconf/_utils.py", line 797, in _raise
    raise ex.with_traceback(sys.exc_info()[2])  # set env var OC_CAUSE=1 for full trace
omegaconf.errors.ConfigAttributeError: Key 'kl_weight' is not in struct
    full_key: method.actor_model.kl_weight
    object_type=dict

The above exception was the direct cause of the following exception:

Traceback (most recent call last):
  File "/home/xd1125/Workspace/safe_bigym_hoi/external/robobase/train.py", line 24, in <module>
    main()
  File "/home/xd1125/miniconda3/envs/safe_bigym_hoi/lib/python3.10/site-packages/hydra/main.py", line 94, in decorated_main
    _run_hydra(
  File "/home/xd1125/miniconda3/envs/safe_bigym_hoi/lib/python3.10/site-packages/hydra/_internal/utils.py", line 394, in _run_hydra
    _run_app(
  File "/home/xd1125/miniconda3/envs/safe_bigym_hoi/lib/python3.10/site-packages/hydra/_internal/utils.py", line 457, in _run_app
    run_and_report(
  File "/home/xd1125/miniconda3/envs/safe_bigym_hoi/lib/python3.10/site-packages/hydra/_internal/utils.py", line 223, in run_and_report
    raise ex
  File "/home/xd1125/miniconda3/envs/safe_bigym_hoi/lib/python3.10/site-packages/hydra/_internal/utils.py", line 220, in run_and_report
    return func()
  File "/home/xd1125/miniconda3/envs/safe_bigym_hoi/lib/python3.10/site-packages/hydra/_internal/utils.py", line 458, in <lambda>
    lambda: hydra.run(
  File "/home/xd1125/miniconda3/envs/safe_bigym_hoi/lib/python3.10/site-packages/hydra/_internal/hydra.py", line 105, in run
    cfg = self.compose_config(
  File "/home/xd1125/miniconda3/envs/safe_bigym_hoi/lib/python3.10/site-packages/hydra/_internal/hydra.py", line 594, in compose_config
    cfg = self.config_loader.load_configuration(
  File "/home/xd1125/miniconda3/envs/safe_bigym_hoi/lib/python3.10/site-packages/hydra/_internal/config_loader_impl.py", line 142, in load_configuration
    return self._load_configuration_impl(
  File "/home/xd1125/miniconda3/envs/safe_bigym_hoi/lib/python3.10/site-packages/hydra/_internal/config_loader_impl.py", line 276, in _load_configuration_impl
    ConfigLoaderImpl._apply_overrides_to_config(config_overrides, cfg)
  File "/home/xd1125/miniconda3/envs/safe_bigym_hoi/lib/python3.10/site-packages/hydra/_internal/config_loader_impl.py", line 392, in _apply_overrides_to_config
    raise ConfigCompositionException(
hydra.errors.ConfigCompositionException: Could not override 'method.actor_model.kl_weight'.
To append to your config use +method.actor_model.kl_weight=20
[relaunch] Thu May 28 03:41:09 BST 2026 act_epoch40_fs4 gpu=2 demos=40 frame_stack=4 batch_size=128 lr=3e-5 lr_backbone=3e-6 kl=20 grad_clip=1
[2026-05-28 03:41:11,361][OpenGL.acceleratesupport][INFO] - No OpenGL_accelerate module loaded: No module named 'OpenGL_accelerate'
[2026-05-28 03:41:11,493][absl][INFO] - MUJOCO_GL=egl, attempting to import specified OpenGL backend.
[2026-05-28 03:41:11,500][absl][INFO] - MuJoCo library version is: 3.1.5
workspace: /home/xd1125/Workspace/safe_bigym_hoi/external/robobase/exp_local/pixel_act/bigym_drawer_top_open_20260528034109
safety_filter: None
wandb: [wandb.login()] Loaded credentials for https://api.wandb.ai from /home/xd1125/.netrc.
wandb: Currently logged in as: nixsuperdai to https://api.wandb.ai. Use `wandb login --relogin` to force relogin
wandb: setting up run 7sg50q6f
wandb: Tracking run with wandb version 0.25.0
wandb: Run data is saved locally in /home/xd1125/Workspace/safe_bigym_hoi/external/robobase/wandb/run-20260528_034112-7sg50q6f
wandb: Run `wandb offline` to turn off syncing.
wandb: Syncing run act_epoch40_fs4_lr3e5_kl20
wandb: ⭐️ View project at https://wandb.ai/nixsuperdai/act_bigym
wandb: 🚀 View run at https://wandb.ai/nixsuperdai/act_bigym/runs/7sg50q6f
[2026-05-28 03:41:12,889][root][INFO] - Start to load demos.
[2026-05-28 03:41:18,609][root][INFO] - Loading from DemoStore: drawer_top_open
[2026-05-28 03:41:18,613][root][INFO] - Demos are cached already: /home/xd1125/.bigym/demonstrations/0.9.0
[2026-05-28 03:41:18,614][root][INFO] - Demos are cached already: /home/xd1125/.bigym/demonstrations/0.9.0
[2026-05-28 03:41:18,615][root][INFO] - Demos are cached already: /home/xd1125/.bigym/demonstrations/0.9.0
[2026-05-28 03:41:19,336][root][INFO] - Finished loading demos.
/home/xd1125/miniconda3/envs/safe_bigym_hoi/lib/python3.10/site-packages/gymnasium/core.py:311: UserWarning: [33mWARN: env.is_vector_env to get variables from other wrappers is deprecated and will be removed in v1.0, to get this variable you can do `env.unwrapped.is_vector_env` for environment variables or `env.get_wrapper_attr('is_vector_env')` that will search the reminding wrappers.[0m
  logger.warn(
/home/xd1125/miniconda3/envs/safe_bigym_hoi/lib/python3.10/site-packages/gymnasium/core.py:311: UserWarning: [33mWARN: env.is_demo_env to get variables from other wrappers is deprecated and will be removed in v1.0, to get this variable you can do `env.unwrapped.is_demo_env` for environment variables or `env.get_wrapper_attr('is_demo_env')` that will search the reminding wrappers.[0m
  logger.warn(
/home/xd1125/miniconda3/envs/safe_bigym_hoi/lib/python3.10/site-packages/torchvision/models/_utils.py:208: UserWarning: The parameter 'pretrained' is deprecated since 0.13 and may be removed in the future, please use 'weights' instead.
  warnings.warn(
/home/xd1125/miniconda3/envs/safe_bigym_hoi/lib/python3.10/site-packages/torchvision/models/_utils.py:223: UserWarning: Arguments other than a weight enum or `None` for 'weights' are deprecated since 0.13 and may be removed in the future. The current behavior is equivalent to passing `weights=ResNet18_Weights.IMAGENET1K_V1`. You can also use `weights=ResNet18_Weights.DEFAULT` to get the most up-to-date weights.
  warnings.warn(msg)
[2026-05-28 03:41:31,830][root][WARNING] - Multicam fusion is enabled but view_fusion_model is not set!
[2026-05-28 03:41:32,537][root][INFO] - 	 saving to disk: /tmp/tmpr084dkt8
[2026-05-28 03:41:32,539][root][INFO] - Creating a EpochReplayBuffer replay memory with the following parameters:
[2026-05-28 03:41:32,539][root][INFO] - 	 frame_stack: 4
[2026-05-28 03:41:32,539][root][INFO] - 	 replay_capacity: 1000000
[2026-05-28 03:41:32,540][root][INFO] - 	 batch_size: 128
[2026-05-28 03:41:32,540][root][INFO] - 	 nstep: 1
[2026-05-28 03:41:32,540][root][INFO] - 	 gamma: 0.990000
Skipping failed demonstration 7
Skipping failed demonstration 13
Skipping failed demonstration 15
Skipping failed demonstration 20
Skipping failed demonstration 29
Skipping failed demonstration 39
/home/xd1125/miniconda3/envs/safe_bigym_hoi/lib/python3.10/site-packages/gymnasium/core.py:311: UserWarning: [33mWARN: env.is_vector_env to get variables from other wrappers is deprecated and will be removed in v1.0, to get this variable you can do `env.unwrapped.is_vector_env` for environment variables or `env.get_wrapper_attr('is_vector_env')` that will search the reminding wrappers.[0m
  logger.warn(
| pretrain       | Iter: 0 | T: 0:00:06 | BS: 3392 | Batched Update FPS: 0.6865
/home/xd1125/miniconda3/envs/safe_bigym_hoi/lib/python3.10/site-packages/gymnasium/core.py:311: UserWarning: [33mWARN: env.give_agent_info to get variables from other wrappers is deprecated and will be removed in v1.0, to get this variable you can do `env.unwrapped.give_agent_info` for environment variables or `env.get_wrapper_attr('give_agent_info')` that will search the reminding wrappers.[0m
  logger.warn(
wandb: WARNING `format` argument was not provided, defaulting to `gif`. This parameter will be required in v0.20.0, please specify the format explicitly.
wandb: Encoding video...
| pretrain_eval  | Iter: 0 | S: 0 | E: 0 | L: 200 | R: 0.0000 | T: 0:02:30
[2026-05-28 03:44:13,058][root][INFO] - Finished replay epoch 1/10000
[2026-05-28 03:44:18,512][root][INFO] - Finished replay epoch 2/10000
[2026-05-28 03:44:23,942][root][INFO] - Finished replay epoch 3/10000
| pretrain       | Iter: 0 | T: 0:02:56 | BS: 3392 | Batched Update FPS: 4.1819
[2026-05-28 03:44:29,279][root][INFO] - Finished replay epoch 4/10000
[2026-05-28 03:44:34,609][root][INFO] - Finished replay epoch 5/10000
[2026-05-28 03:44:40,003][root][INFO] - Finished replay epoch 6/10000
[2026-05-28 03:44:45,319][root][INFO] - Finished replay epoch 7/10000
| pretrain       | Iter: 0 | T: 0:03:16 | BS: 3392 | Batched Update FPS: 4.0007
[2026-05-28 03:44:50,703][root][INFO] - Finished replay epoch 8/10000
[2026-05-28 03:44:56,110][root][INFO] - Finished replay epoch 9/10000
[2026-05-28 03:45:01,404][root][INFO] - Finished replay epoch 10/10000
[2026-05-28 03:45:06,778][root][INFO] - Finished replay epoch 11/10000
| pretrain       | Iter: 0 | T: 0:03:37 | BS: 3392 | Batched Update FPS: 3.9664
[2026-05-28 03:45:12,172][root][INFO] - Finished replay epoch 12/10000
[2026-05-28 03:45:17,481][root][INFO] - Finished replay epoch 13/10000
[2026-05-28 03:45:22,821][root][INFO] - Finished replay epoch 14/10000
[2026-05-28 03:45:28,189][root][INFO] - Finished replay epoch 15/10000
| pretrain       | Iter: 0 | T: 0:03:57 | BS: 3392 | Batched Update FPS: 3.0631
[2026-05-28 03:45:33,600][root][INFO] - Finished replay epoch 16/10000
[2026-05-28 03:45:38,998][root][INFO] - Finished replay epoch 17/10000
[2026-05-28 03:45:44,385][root][INFO] - Finished replay epoch 18/10000
[2026-05-28 03:45:49,774][root][INFO] - Finished replay epoch 19/10000
| pretrain       | Iter: 0 | T: 0:04:18 | BS: 3392 | Batched Update FPS: 3.1813
[2026-05-28 03:45:55,152][root][INFO] - Finished replay epoch 20/10000
[2026-05-28 03:46:00,593][root][INFO] - Finished replay epoch 21/10000
[2026-05-28 03:46:05,997][root][INFO] - Finished replay epoch 22/10000
[2026-05-28 03:46:11,287][root][INFO] - Finished replay epoch 23/10000
| pretrain       | Iter: 0 | T: 0:04:39 | BS: 3392 | Batched Update FPS: 3.1484
[2026-05-28 03:46:16,664][root][INFO] - Finished replay epoch 24/10000
[2026-05-28 03:46:22,082][root][INFO] - Finished replay epoch 25/10000
[2026-05-28 03:46:27,437][root][INFO] - Finished replay epoch 26/10000
| pretrain       | Iter: 0 | T: 0:05:00 | BS: 3392 | Batched Update FPS: 3.2704
[2026-05-28 03:46:32,832][root][INFO] - Finished replay epoch 27/10000
[2026-05-28 03:46:38,223][root][INFO] - Finished replay epoch 28/10000
[2026-05-28 03:46:43,632][root][INFO] - Finished replay epoch 29/10000
[2026-05-28 03:46:48,931][root][INFO] - Finished replay epoch 30/10000
| pretrain       | Iter: 0 | T: 0:05:20 | BS: 3392 | Batched Update FPS: 3.8207
[2026-05-28 03:46:54,401][root][INFO] - Finished replay epoch 31/10000
[2026-05-28 03:46:59,746][root][INFO] - Finished replay epoch 32/10000
[2026-05-28 03:47:05,062][root][INFO] - Finished replay epoch 33/10000
[2026-05-28 03:47:10,433][root][INFO] - Finished replay epoch 34/10000
| pretrain       | Iter: 0 | T: 0:05:41 | BS: 3392 | Batched Update FPS: 3.7965
[2026-05-28 03:47:15,916][root][INFO] - Finished replay epoch 35/10000
[2026-05-28 03:47:21,312][root][INFO] - Finished replay epoch 36/10000
[2026-05-28 03:47:26,627][root][INFO] - Finished replay epoch 37/10000
[2026-05-28 03:47:32,018][root][INFO] - Finished replay epoch 38/10000
| pretrain       | Iter: 0 | T: 0:06:02 | BS: 3392 | Batched Update FPS: 3.8441
[2026-05-28 03:47:37,669][root][INFO] - Finished replay epoch 39/10000
[2026-05-28 03:47:43,057][root][INFO] - Finished replay epoch 40/10000
[2026-05-28 03:47:48,436][root][INFO] - Finished replay epoch 41/10000
[2026-05-28 03:47:53,836][root][INFO] - Finished replay epoch 42/10000
| pretrain       | Iter: 0 | T: 0:06:23 | BS: 3392 | Batched Update FPS: 4.0668
[2026-05-28 03:47:59,233][root][INFO] - Finished replay epoch 43/10000
[2026-05-28 03:48:04,596][root][INFO] - Finished replay epoch 44/10000
[2026-05-28 03:48:09,981][root][INFO] - Finished replay epoch 45/10000
[2026-05-28 03:48:15,361][root][INFO] - Finished replay epoch 46/10000
| pretrain       | Iter: 0 | T: 0:06:43 | BS: 3392 | Batched Update FPS: 4.1415
[2026-05-28 03:48:20,802][root][INFO] - Finished replay epoch 47/10000
[2026-05-28 03:48:26,159][root][INFO] - Finished replay epoch 48/10000
[2026-05-28 03:48:31,547][root][INFO] - Finished replay epoch 49/10000
[2026-05-28 03:48:36,954][root][INFO] - Finished replay epoch 50/10000
| pretrain       | Iter: 0 | T: 0:07:04 | BS: 3392 | Batched Update FPS: 3.1235
[2026-05-28 03:48:42,445][root][INFO] - Finished replay epoch 51/10000
[2026-05-28 03:48:47,823][root][INFO] - Finished replay epoch 52/10000
[2026-05-28 03:48:53,201][root][INFO] - Finished replay epoch 53/10000
| pretrain       | Iter: 0 | T: 0:07:25 | BS: 3392 | Batched Update FPS: 3.3670
[2026-05-28 03:48:58,585][root][INFO] - Finished replay epoch 54/10000
[2026-05-28 03:49:03,967][root][INFO] - Finished replay epoch 55/10000
[2026-05-28 03:49:09,315][root][INFO] - Finished replay epoch 56/10000
[2026-05-28 03:49:14,846][root][INFO] - Finished replay epoch 57/10000
| pretrain       | Iter: 0 | T: 0:07:46 | BS: 3392 | Batched Update FPS: 3.6723
[2026-05-28 03:49:20,208][root][INFO] - Finished replay epoch 58/10000
[2026-05-28 03:49:25,608][root][INFO] - Finished replay epoch 59/10000
[2026-05-28 03:49:31,041][root][INFO] - Finished replay epoch 60/10000
[2026-05-28 03:49:36,433][root][INFO] - Finished replay epoch 61/10000
| pretrain       | Iter: 0 | T: 0:08:07 | BS: 3392 | Batched Update FPS: 3.0464
[2026-05-28 03:49:41,822][root][INFO] - Finished replay epoch 62/10000
[2026-05-28 03:49:47,131][root][INFO] - Finished replay epoch 63/10000
[2026-05-28 03:49:52,515][root][INFO] - Finished replay epoch 64/10000
[2026-05-28 03:49:57,889][root][INFO] - Finished replay epoch 65/10000
| pretrain       | Iter: 0 | T: 0:08:27 | BS: 3392 | Batched Update FPS: 3.1123
[2026-05-28 03:50:03,344][root][INFO] - Finished replay epoch 66/10000
[2026-05-28 03:50:08,654][root][INFO] - Finished replay epoch 67/10000
[2026-05-28 03:50:14,011][root][INFO] - Finished replay epoch 68/10000
[2026-05-28 03:50:19,440][root][INFO] - Finished replay epoch 69/10000
| pretrain       | Iter: 0 | T: 0:08:48 | BS: 3392 | Batched Update FPS: 3.3425
[2026-05-28 03:50:24,799][root][INFO] - Finished replay epoch 70/10000
[2026-05-28 03:50:30,200][root][INFO] - Finished replay epoch 71/10000
[2026-05-28 03:50:35,580][root][INFO] - Finished replay epoch 72/10000
[2026-05-28 03:50:40,984][root][INFO] - Finished replay epoch 73/10000
| pretrain       | Iter: 0 | T: 0:09:09 | BS: 3392 | Batched Update FPS: 3.9565
[2026-05-28 03:50:46,370][root][INFO] - Finished replay epoch 74/10000
[2026-05-28 03:50:51,771][root][INFO] - Finished replay epoch 75/10000
[2026-05-28 03:50:57,166][root][INFO] - Finished replay epoch 76/10000
| pretrain       | Iter: 0 | T: 0:09:29 | BS: 3392 | Batched Update FPS: 5.9497
[2026-05-28 03:51:02,736][root][INFO] - Finished replay epoch 77/10000
[2026-05-28 03:51:08,120][root][INFO] - Finished replay epoch 78/10000
[2026-05-28 03:51:13,479][root][INFO] - Finished replay epoch 79/10000
[2026-05-28 03:51:18,870][root][INFO] - Finished replay epoch 80/10000
| pretrain       | Iter: 0 | T: 0:09:50 | BS: 3392 | Batched Update FPS: 4.2511
[2026-05-28 03:51:24,219][root][INFO] - Finished replay epoch 81/10000
[2026-05-28 03:51:29,649][root][INFO] - Finished replay epoch 82/10000
[2026-05-28 03:51:35,015][root][INFO] - Finished replay epoch 83/10000
[2026-05-28 03:51:40,476][root][INFO] - Finished replay epoch 84/10000
| pretrain       | Iter: 0 | T: 0:10:11 | BS: 3392 | Batched Update FPS: 3.1305
[2026-05-28 03:51:45,862][root][INFO] - Finished replay epoch 85/10000
[2026-05-28 03:51:50,564][root][INFO] - Finished replay epoch 86/10000
[2026-05-28 03:51:55,902][root][INFO] - Finished replay epoch 87/10000
[2026-05-28 03:52:01,294][root][INFO] - Finished replay epoch 88/10000
| pretrain       | Iter: 0 | T: 0:10:31 | BS: 3392 | Batched Update FPS: 3.3399
[2026-05-28 03:52:06,667][root][INFO] - Finished replay epoch 89/10000
[2026-05-28 03:52:11,997][root][INFO] - Finished replay epoch 90/10000
[2026-05-28 03:52:17,374][root][INFO] - Finished replay epoch 91/10000
[2026-05-28 03:52:22,733][root][INFO] - Finished replay epoch 92/10000
| pretrain       | Iter: 0 | T: 0:10:52 | BS: 3392 | Batched Update FPS: 3.2943
[2026-05-28 03:52:28,149][root][INFO] - Finished replay epoch 93/10000
[2026-05-28 03:52:33,609][root][INFO] - Finished replay epoch 94/10000
[2026-05-28 03:52:39,034][root][INFO] - Finished replay epoch 95/10000
[2026-05-28 03:52:44,448][root][INFO] - Finished replay epoch 96/10000
| pretrain       | Iter: 0 | T: 0:11:13 | BS: 3392 | Batched Update FPS: 3.9512
/home/xd1125/miniconda3/envs/safe_bigym_hoi/lib/python3.10/site-packages/gymnasium/core.py:311: UserWarning: [33mWARN: env.give_agent_info to get variables from other wrappers is deprecated and will be removed in v1.0, to get this variable you can do `env.unwrapped.give_agent_info` for environment variables or `env.get_wrapper_attr('give_agent_info')` that will search the reminding wrappers.[0m
  logger.warn(
wandb: WARNING `format` argument was not provided, defaulting to `gif`. This parameter will be required in v0.20.0, please specify the format explicitly.
wandb: Encoding video...
| pretrain_eval  | Iter: 0 | S: 2500 | E: 0 | L: 100 | R: 1.0000 | T: 0:12:27
[2026-05-28 03:54:06,884][root][INFO] - Finished replay epoch 97/10000
[2026-05-28 03:54:12,212][root][INFO] - Finished replay epoch 98/10000
[2026-05-28 03:54:17,626][root][INFO] - Finished replay epoch 99/10000
[2026-05-28 03:54:23,015][root][INFO] - Finished replay epoch 100/10000
| pretrain       | Iter: 0 | T: 0:12:50 | BS: 3392 | Batched Update FPS: 3.3290
[2026-05-28 03:54:28,426][root][INFO] - Finished replay epoch 101/10000
[2026-05-28 03:54:33,918][root][INFO] - Finished replay epoch 102/10000
[2026-05-28 03:54:39,373][root][INFO] - Finished replay epoch 103/10000
| pretrain       | Iter: 0 | T: 0:13:11 | BS: 3392 | Batched Update FPS: 3.2021
[2026-05-28 03:54:44,803][root][INFO] - Finished replay epoch 104/10000
[2026-05-28 03:54:50,248][root][INFO] - Finished replay epoch 105/10000
[2026-05-28 03:54:55,624][root][INFO] - Finished replay epoch 106/10000
[2026-05-28 03:55:01,132][root][INFO] - Finished replay epoch 107/10000
| pretrain       | Iter: 0 | T: 0:13:32 | BS: 3392 | Batched Update FPS: 3.0522
[2026-05-28 03:55:06,522][root][INFO] - Finished replay epoch 108/10000
[2026-05-28 03:55:11,917][root][INFO] - Finished replay epoch 109/10000
[2026-05-28 03:55:17,377][root][INFO] - Finished replay epoch 110/10000
[2026-05-28 03:55:22,792][root][INFO] - Finished replay epoch 111/10000
| pretrain       | Iter: 0 | T: 0:13:53 | BS: 3392 | Batched Update FPS: 3.9370
[2026-05-28 03:55:28,209][root][INFO] - Finished replay epoch 112/10000
[2026-05-28 03:55:33,653][root][INFO] - Finished replay epoch 113/10000
[2026-05-28 03:55:39,015][root][INFO] - Finished replay epoch 114/10000
[2026-05-28 03:55:44,421][root][INFO] - Finished replay epoch 115/10000
| pretrain       | Iter: 0 | T: 0:14:14 | BS: 3392 | Batched Update FPS: 6.1000
[2026-05-28 03:55:50,002][root][INFO] - Finished replay epoch 116/10000
[2026-05-28 03:55:55,392][root][INFO] - Finished replay epoch 117/10000
[2026-05-28 03:56:00,757][root][INFO] - Finished replay epoch 118/10000
[2026-05-28 03:56:06,150][root][INFO] - Finished replay epoch 119/10000
| pretrain       | Iter: 0 | T: 0:14:35 | BS: 3392 | Batched Update FPS: 3.0524
[2026-05-28 03:56:11,606][root][INFO] - Finished replay epoch 120/10000
[2026-05-28 03:56:16,972][root][INFO] - Finished replay epoch 121/10000
[2026-05-28 03:56:22,334][root][INFO] - Finished replay epoch 122/10000
[2026-05-28 03:56:27,718][root][INFO] - Finished replay epoch 123/10000
| pretrain       | Iter: 0 | T: 0:14:55 | BS: 3392 | Batched Update FPS: 4.0073
[2026-05-28 03:56:33,012][root][INFO] - Finished replay epoch 124/10000
[2026-05-28 03:56:38,351][root][INFO] - Finished replay epoch 125/10000
[2026-05-28 03:56:43,739][root][INFO] - Finished replay epoch 126/10000
| pretrain       | Iter: 0 | T: 0:15:16 | BS: 3392 | Batched Update FPS: 3.0722
[2026-05-28 03:56:49,181][root][INFO] - Finished replay epoch 127/10000
[2026-05-28 03:56:54,534][root][INFO] - Finished replay epoch 128/10000
[2026-05-28 03:56:59,938][root][INFO] - Finished replay epoch 129/10000
[2026-05-28 03:57:05,494][root][INFO] - Finished replay epoch 130/10000
| pretrain       | Iter: 0 | T: 0:15:37 | BS: 3392 | Batched Update FPS: 4.1389
[2026-05-28 03:57:10,862][root][INFO] - Finished replay epoch 131/10000
[2026-05-28 03:57:16,200][root][INFO] - Finished replay epoch 132/10000
[2026-05-28 03:57:21,596][root][INFO] - Finished replay epoch 133/10000
[2026-05-28 03:57:26,949][root][INFO] - Finished replay epoch 134/10000
| pretrain       | Iter: 0 | T: 0:15:58 | BS: 3392 | Batched Update FPS: 3.2206
[2026-05-28 03:57:32,371][root][INFO] - Finished replay epoch 135/10000
[2026-05-28 03:57:37,667][root][INFO] - Finished replay epoch 136/10000
[2026-05-28 03:57:42,980][root][INFO] - Finished replay epoch 137/10000
[2026-05-28 03:57:48,375][root][INFO] - Finished replay epoch 138/10000
| pretrain       | Iter: 0 | T: 0:16:18 | BS: 3392 | Batched Update FPS: 3.8535
[2026-05-28 03:57:53,805][root][INFO] - Finished replay epoch 139/10000
[2026-05-28 03:57:59,152][root][INFO] - Finished replay epoch 140/10000
[2026-05-28 03:58:04,551][root][INFO] - Finished replay epoch 141/10000
[2026-05-28 03:58:09,933][root][INFO] - Finished replay epoch 142/10000
| pretrain       | Iter: 0 | T: 0:16:39 | BS: 3392 | Batched Update FPS: 3.8885
[2026-05-28 03:58:15,461][root][INFO] - Finished replay epoch 143/10000
[2026-05-28 03:58:20,986][root][INFO] - Finished replay epoch 144/10000
[2026-05-28 03:58:26,352][root][INFO] - Finished replay epoch 145/10000
[2026-05-28 03:58:31,734][root][INFO] - Finished replay epoch 146/10000
| pretrain       | Iter: 0 | T: 0:17:00 | BS: 3392 | Batched Update FPS: 4.0201
[2026-05-28 03:58:37,084][root][INFO] - Finished replay epoch 147/10000
[2026-05-28 03:58:42,475][root][INFO] - Finished replay epoch 148/10000
[2026-05-28 03:58:47,840][root][INFO] - Finished replay epoch 149/10000
[2026-05-28 03:58:53,272][root][INFO] - Finished replay epoch 150/10000
| pretrain       | Iter: 0 | T: 0:17:20 | BS: 3392 | Batched Update FPS: 4.5215
[2026-05-28 03:58:58,577][root][INFO] - Finished replay epoch 151/10000
[2026-05-28 03:59:03,987][root][INFO] - Finished replay epoch 152/10000
[2026-05-28 03:59:08,672][root][INFO] - Finished replay epoch 153/10000
| pretrain       | Iter: 0 | T: 0:17:39 | BS: 3392 | Batched Update FPS: 5.9030
[2026-05-28 03:59:12,807][root][INFO] - Finished replay epoch 154/10000
[2026-05-28 03:59:16,744][root][INFO] - Finished replay epoch 155/10000
[2026-05-28 03:59:20,680][root][INFO] - Finished replay epoch 156/10000
[2026-05-28 03:59:24,591][root][INFO] - Finished replay epoch 157/10000
| pretrain       | Iter: 0 | T: 0:17:54 | BS: 3392 | Batched Update FPS: 4.7260
[2026-05-28 03:59:28,570][root][INFO] - Finished replay epoch 158/10000
[2026-05-28 03:59:32,513][root][INFO] - Finished replay epoch 159/10000
[2026-05-28 03:59:36,439][root][INFO] - Finished replay epoch 160/10000
[2026-05-28 03:59:40,388][root][INFO] - Finished replay epoch 161/10000
| pretrain       | Iter: 0 | T: 0:18:10 | BS: 3392 | Batched Update FPS: 4.8875
[2026-05-28 03:59:44,322][root][INFO] - Finished replay epoch 162/10000
[2026-05-28 03:59:48,274][root][INFO] - Finished replay epoch 163/10000
[2026-05-28 03:59:52,202][root][INFO] - Finished replay epoch 164/10000
[2026-05-28 03:59:56,137][root][INFO] - Finished replay epoch 165/10000
| pretrain       | Iter: 0 | T: 0:18:25 | BS: 3392 | Batched Update FPS: 4.9819
[2026-05-28 04:00:00,067][root][INFO] - Finished replay epoch 166/10000
[2026-05-28 04:00:03,979][root][INFO] - Finished replay epoch 167/10000
[2026-05-28 04:00:07,899][root][INFO] - Finished replay epoch 168/10000
[2026-05-28 04:00:11,867][root][INFO] - Finished replay epoch 169/10000
| pretrain       | Iter: 0 | T: 0:18:40 | BS: 3392 | Batched Update FPS: 5.0149
[2026-05-28 04:00:15,773][root][INFO] - Finished replay epoch 170/10000
[2026-05-28 04:00:19,680][root][INFO] - Finished replay epoch 171/10000
[2026-05-28 04:00:23,586][root][INFO] - Finished replay epoch 172/10000
[2026-05-28 04:00:27,491][root][INFO] - Finished replay epoch 173/10000
| pretrain       | Iter: 0 | T: 0:18:55 | BS: 3392 | Batched Update FPS: 4.8937
[2026-05-28 04:00:31,440][root][INFO] - Finished replay epoch 174/10000
[2026-05-28 04:00:35,438][root][INFO] - Finished replay epoch 175/10000
[2026-05-28 04:00:39,387][root][INFO] - Finished replay epoch 176/10000
| pretrain       | Iter: 0 | T: 0:19:10 | BS: 3392 | Batched Update FPS: 4.9937
[2026-05-28 04:00:43,277][root][INFO] - Finished replay epoch 177/10000
[2026-05-28 04:00:47,199][root][INFO] - Finished replay epoch 178/10000
[2026-05-28 04:00:51,112][root][INFO] - Finished replay epoch 179/10000
[2026-05-28 04:00:54,966][root][INFO] - Finished replay epoch 180/10000
| pretrain       | Iter: 0 | T: 0:19:25 | BS: 3392 | Batched Update FPS: 4.9484
[2026-05-28 04:00:58,904][root][INFO] - Finished replay epoch 181/10000
[2026-05-28 04:01:02,877][root][INFO] - Finished replay epoch 182/10000
[2026-05-28 04:01:06,820][root][INFO] - Finished replay epoch 183/10000
[2026-05-28 04:01:10,754][root][INFO] - Finished replay epoch 184/10000
| pretrain       | Iter: 0 | T: 0:19:40 | BS: 3392 | Batched Update FPS: 4.8563
[2026-05-28 04:01:14,770][root][INFO] - Finished replay epoch 185/10000
[2026-05-28 04:01:18,683][root][INFO] - Finished replay epoch 186/10000
[2026-05-28 04:01:22,623][root][INFO] - Finished replay epoch 187/10000
[2026-05-28 04:01:26,583][root][INFO] - Finished replay epoch 188/10000
| pretrain       | Iter: 0 | T: 0:19:56 | BS: 3392 | Batched Update FPS: 4.9053
[2026-05-28 04:01:30,524][root][INFO] - Finished replay epoch 189/10000
[2026-05-28 04:01:34,524][root][INFO] - Finished replay epoch 190/10000
[2026-05-28 04:01:38,458][root][INFO] - Finished replay epoch 191/10000
[2026-05-28 04:01:42,332][root][INFO] - Finished replay epoch 192/10000
| pretrain       | Iter: 0 | T: 0:20:11 | BS: 3392 | Batched Update FPS: 5.5620
wandb: WARNING `format` argument was not provided, defaulting to `gif`. This parameter will be required in v0.20.0, please specify the format explicitly.
wandb: Encoding video...
| pretrain_eval  | Iter: 0 | S: 5000 | E: 0 | L: 92 | R: 1.0000 | T: 0:21:02
[2026-05-28 04:02:39,499][root][INFO] - Finished replay epoch 193/10000
[2026-05-28 04:02:43,333][root][INFO] - Finished replay epoch 194/10000
[2026-05-28 04:02:47,125][root][INFO] - Finished replay epoch 195/10000
[2026-05-28 04:02:50,974][root][INFO] - Finished replay epoch 196/10000
| pretrain       | Iter: 0 | T: 0:21:19 | BS: 3392 | Batched Update FPS: 4.9153
[2026-05-28 04:02:54,820][root][INFO] - Finished replay epoch 197/10000
[2026-05-28 04:02:58,706][root][INFO] - Finished replay epoch 198/10000
[2026-05-28 04:03:02,589][root][INFO] - Finished replay epoch 199/10000
[2026-05-28 04:03:06,448][root][INFO] - Finished replay epoch 200/10000
| pretrain       | Iter: 0 | T: 0:21:34 | BS: 3392 | Batched Update FPS: 5.2329
[2026-05-28 04:03:10,324][root][INFO] - Finished replay epoch 201/10000
[2026-05-28 04:03:14,186][root][INFO] - Finished replay epoch 202/10000
[2026-05-28 04:03:18,030][root][INFO] - Finished replay epoch 203/10000
| pretrain       | Iter: 0 | T: 0:21:48 | BS: 3392 | Batched Update FPS: 4.6744
[2026-05-28 04:03:21,895][root][INFO] - Finished replay epoch 204/10000
[2026-05-28 04:03:27,175][root][INFO] - Finished replay epoch 205/10000
[2026-05-28 04:03:32,538][root][INFO] - Finished replay epoch 206/10000
[2026-05-28 04:03:37,976][root][INFO] - Finished replay epoch 207/10000
| pretrain       | Iter: 0 | T: 0:22:09 | BS: 3392 | Batched Update FPS: 4.7778
[2026-05-28 04:03:43,315][root][INFO] - Finished replay epoch 208/10000
[2026-05-28 04:03:48,671][root][INFO] - Finished replay epoch 209/10000
[2026-05-28 04:03:54,056][root][INFO] - Finished replay epoch 210/10000
[2026-05-28 04:03:59,359][root][INFO] - Finished replay epoch 211/10000
| pretrain       | Iter: 0 | T: 0:22:29 | BS: 3392 | Batched Update FPS: 4.4812
[2026-05-28 04:04:04,723][root][INFO] - Finished replay epoch 212/10000
[2026-05-28 04:04:10,128][root][INFO] - Finished replay epoch 213/10000
[2026-05-28 04:04:15,402][root][INFO] - Finished replay epoch 214/10000
[2026-05-28 04:04:20,753][root][INFO] - Finished replay epoch 215/10000
| pretrain       | Iter: 0 | T: 0:22:50 | BS: 3392 | Batched Update FPS: 3.3411
[2026-05-28 04:04:26,183][root][INFO] - Finished replay epoch 216/10000
[2026-05-28 04:04:31,555][root][INFO] - Finished replay epoch 217/10000
[2026-05-28 04:04:36,896][root][INFO] - Finished replay epoch 218/10000
[2026-05-28 04:04:42,314][root][INFO] - Finished replay epoch 219/10000
| pretrain       | Iter: 0 | T: 0:23:11 | BS: 3392 | Batched Update FPS: 3.2787
[2026-05-28 04:04:47,763][root][INFO] - Finished replay epoch 220/10000
[2026-05-28 04:04:53,105][root][INFO] - Finished replay epoch 221/10000
[2026-05-28 04:04:58,579][root][INFO] - Finished replay epoch 222/10000
[2026-05-28 04:05:03,937][root][INFO] - Finished replay epoch 223/10000
| pretrain       | Iter: 0 | T: 0:23:32 | BS: 3392 | Batched Update FPS: 4.5548
[2026-05-28 04:05:09,303][root][INFO] - Finished replay epoch 224/10000
[2026-05-28 04:05:14,603][root][INFO] - Finished replay epoch 225/10000
[2026-05-28 04:05:19,938][root][INFO] - Finished replay epoch 226/10000
| pretrain       | Iter: 0 | T: 0:23:52 | BS: 3392 | Batched Update FPS: 4.4742
[2026-05-28 04:05:25,331][root][INFO] - Finished replay epoch 227/10000
[2026-05-28 04:05:30,576][root][INFO] - Finished replay epoch 228/10000
[2026-05-28 04:05:35,949][root][INFO] - Finished replay epoch 229/10000
[2026-05-28 04:05:41,314][root][INFO] - Finished replay epoch 230/10000
| pretrain       | Iter: 0 | T: 0:24:13 | BS: 3392 | Batched Update FPS: 5.0506
[2026-05-28 04:05:47,051][root][INFO] - Finished replay epoch 231/10000
[2026-05-28 04:05:52,456][root][INFO] - Finished replay epoch 232/10000
[2026-05-28 04:05:57,882][root][INFO] - Finished replay epoch 233/10000
[2026-05-28 04:06:03,288][root][INFO] - Finished replay epoch 234/10000
| pretrain       | Iter: 0 | T: 0:24:34 | BS: 3392 | Batched Update FPS: 3.2294
[2026-05-28 04:06:08,708][root][INFO] - Finished replay epoch 235/10000
[2026-05-28 04:06:14,011][root][INFO] - Finished replay epoch 236/10000
[2026-05-28 04:06:19,366][root][INFO] - Finished replay epoch 237/10000
[2026-05-28 04:06:24,666][root][INFO] - Finished replay epoch 238/10000
| pretrain       | Iter: 0 | T: 0:24:54 | BS: 3392 | Batched Update FPS: 3.3674
[2026-05-28 04:06:30,230][root][INFO] - Finished replay epoch 239/10000
[2026-05-28 04:06:35,570][root][INFO] - Finished replay epoch 240/10000
[2026-05-28 04:06:40,973][root][INFO] - Finished replay epoch 241/10000
[2026-05-28 04:06:46,418][root][INFO] - Finished replay epoch 242/10000
| pretrain       | Iter: 0 | T: 0:25:15 | BS: 3392 | Batched Update FPS: 3.0764
[2026-05-28 04:06:51,843][root][INFO] - Finished replay epoch 243/10000
[2026-05-28 04:06:57,276][root][INFO] - Finished replay epoch 244/10000
[2026-05-28 04:07:03,152][root][INFO] - Finished replay epoch 245/10000
[2026-05-28 04:07:08,585][root][INFO] - Finished replay epoch 246/10000
| pretrain       | Iter: 0 | T: 0:25:37 | BS: 3392 | Batched Update FPS: 3.9422
[2026-05-28 04:07:13,954][root][INFO] - Finished replay epoch 247/10000
[2026-05-28 04:07:19,312][root][INFO] - Finished replay epoch 248/10000
[2026-05-28 04:07:24,689][root][INFO] - Finished replay epoch 249/10000
[2026-05-28 04:07:30,090][root][INFO] - Finished replay epoch 250/10000
| pretrain       | Iter: 0 | T: 0:25:57 | BS: 3392 | Batched Update FPS: 4.0313
[2026-05-28 04:07:35,573][root][INFO] - Finished replay epoch 251/10000
[2026-05-28 04:07:41,039][root][INFO] - Finished replay epoch 252/10000
[2026-05-28 04:07:46,409][root][INFO] - Finished replay epoch 253/10000
| pretrain       | Iter: 0 | T: 0:26:18 | BS: 3392 | Batched Update FPS: 3.1465
[2026-05-28 04:07:51,850][root][INFO] - Finished replay epoch 254/10000
[2026-05-28 04:07:57,276][root][INFO] - Finished replay epoch 255/10000
[2026-05-28 04:08:02,580][root][INFO] - Finished replay epoch 256/10000
[2026-05-28 04:08:07,997][root][INFO] - Finished replay epoch 257/10000
| pretrain       | Iter: 0 | T: 0:26:39 | BS: 3392 | Batched Update FPS: 3.3862
[2026-05-28 04:08:13,363][root][INFO] - Finished replay epoch 258/10000
[2026-05-28 04:08:18,808][root][INFO] - Finished replay epoch 259/10000
[2026-05-28 04:08:24,199][root][INFO] - Finished replay epoch 260/10000
[2026-05-28 04:08:29,608][root][INFO] - Finished replay epoch 261/10000
| pretrain       | Iter: 0 | T: 0:27:00 | BS: 3392 | Batched Update FPS: 3.2697
[2026-05-28 04:08:35,074][root][INFO] - Finished replay epoch 262/10000
[2026-05-28 04:08:40,467][root][INFO] - Finished replay epoch 263/10000
[2026-05-28 04:08:45,773][root][INFO] - Finished replay epoch 264/10000
[2026-05-28 04:08:51,195][root][INFO] - Finished replay epoch 265/10000
| pretrain       | Iter: 0 | T: 0:27:20 | BS: 3392 | Batched Update FPS: 3.3542
[2026-05-28 04:08:56,644][root][INFO] - Finished replay epoch 266/10000
[2026-05-28 04:09:01,995][root][INFO] - Finished replay epoch 267/10000
[2026-05-28 04:09:07,387][root][INFO] - Finished replay epoch 268/10000
[2026-05-28 04:09:12,838][root][INFO] - Finished replay epoch 269/10000
| pretrain       | Iter: 0 | T: 0:27:42 | BS: 3392 | Batched Update FPS: 4.2162
[2026-05-28 04:09:18,522][root][INFO] - Finished replay epoch 270/10000
[2026-05-28 04:09:23,876][root][INFO] - Finished replay epoch 271/10000
[2026-05-28 04:09:29,318][root][INFO] - Finished replay epoch 272/10000
[2026-05-28 04:09:34,682][root][INFO] - Finished replay epoch 273/10000
| pretrain       | Iter: 0 | T: 0:28:02 | BS: 3392 | Batched Update FPS: 3.9154
[2026-05-28 04:09:40,063][root][INFO] - Finished replay epoch 274/10000
[2026-05-28 04:09:45,466][root][INFO] - Finished replay epoch 275/10000
[2026-05-28 04:09:50,962][root][INFO] - Finished replay epoch 276/10000
| pretrain       | Iter: 0 | T: 0:28:23 | BS: 3392 | Batched Update FPS: 4.2099
[2026-05-28 04:09:56,340][root][INFO] - Finished replay epoch 277/10000
[2026-05-28 04:10:01,701][root][INFO] - Finished replay epoch 278/10000
[2026-05-28 04:10:07,083][root][INFO] - Finished replay epoch 279/10000
[2026-05-28 04:10:12,461][root][INFO] - Finished replay epoch 280/10000
| pretrain       | Iter: 0 | T: 0:28:44 | BS: 3392 | Batched Update FPS: 4.5319
[2026-05-28 04:10:17,919][root][INFO] - Finished replay epoch 281/10000
[2026-05-28 04:10:23,306][root][INFO] - Finished replay epoch 282/10000
[2026-05-28 04:10:28,759][root][INFO] - Finished replay epoch 283/10000
[2026-05-28 04:10:34,072][root][INFO] - Finished replay epoch 284/10000
| pretrain       | Iter: 0 | T: 0:29:05 | BS: 3392 | Batched Update FPS: 4.7700
[2026-05-28 04:10:39,449][root][INFO] - Finished replay epoch 285/10000
[2026-05-28 04:10:44,870][root][INFO] - Finished replay epoch 286/10000
[2026-05-28 04:10:50,275][root][INFO] - Finished replay epoch 287/10000
[2026-05-28 04:10:55,659][root][INFO] - Finished replay epoch 288/10000
| pretrain       | Iter: 0 | T: 0:29:25 | BS: 3392 | Batched Update FPS: 3.7297
wandb: WARNING `format` argument was not provided, defaulting to `gif`. This parameter will be required in v0.20.0, please specify the format explicitly.
wandb: Encoding video...
| pretrain_eval  | Iter: 0 | S: 7500 | E: 0 | L: 96 | R: 1.0000 | T: 0:30:35
[2026-05-28 04:12:13,535][root][INFO] - Finished replay epoch 289/10000
[2026-05-28 04:12:18,901][root][INFO] - Finished replay epoch 290/10000
[2026-05-28 04:12:24,360][root][INFO] - Finished replay epoch 291/10000
[2026-05-28 04:12:29,733][root][INFO] - Finished replay epoch 292/10000
| pretrain       | Iter: 0 | T: 0:30:59 | BS: 3392 | Batched Update FPS: 4.0065
[2026-05-28 04:12:35,181][root][INFO] - Finished replay epoch 293/10000
[2026-05-28 04:12:40,540][root][INFO] - Finished replay epoch 294/10000
[2026-05-28 04:12:45,929][root][INFO] - Finished replay epoch 295/10000
[2026-05-28 04:12:51,271][root][INFO] - Finished replay epoch 296/10000
| pretrain       | Iter: 0 | T: 0:31:19 | BS: 3392 | Batched Update FPS: 3.9994
[2026-05-28 04:12:56,628][root][INFO] - Finished replay epoch 297/10000
[2026-05-28 04:13:01,960][root][INFO] - Finished replay epoch 298/10000
[2026-05-28 04:13:07,347][root][INFO] - Finished replay epoch 299/10000
[2026-05-28 04:13:12,679][root][INFO] - Finished replay epoch 300/10000
| pretrain       | Iter: 0 | T: 0:31:40 | BS: 3392 | Batched Update FPS: 4.0860
[2026-05-28 04:13:18,102][root][INFO] - Finished replay epoch 301/10000
[2026-05-28 04:13:23,546][root][INFO] - Finished replay epoch 302/10000
[2026-05-28 04:13:29,061][root][INFO] - Finished replay epoch 303/10000
| pretrain       | Iter: 0 | T: 0:32:01 | BS: 3392 | Batched Update FPS: 3.7798
[2026-05-28 04:13:34,484][root][INFO] - Finished replay epoch 304/10000
[2026-05-28 04:13:39,934][root][INFO] - Finished replay epoch 305/10000
[2026-05-28 04:13:45,360][root][INFO] - Finished replay epoch 306/10000
[2026-05-28 04:13:50,830][root][INFO] - Finished replay epoch 307/10000
| pretrain       | Iter: 0 | T: 0:32:22 | BS: 3392 | Batched Update FPS: 5.9067
[2026-05-28 04:13:56,346][root][INFO] - Finished replay epoch 308/10000
[2026-05-28 04:14:01,794][root][INFO] - Finished replay epoch 309/10000
[2026-05-28 04:14:07,228][root][INFO] - Finished replay epoch 310/10000
[2026-05-28 04:14:12,611][root][INFO] - Finished replay epoch 311/10000
| pretrain       | Iter: 0 | T: 0:32:43 | BS: 3392 | Batched Update FPS: 3.1701
[2026-05-28 04:14:18,166][root][INFO] - Finished replay epoch 312/10000
[2026-05-28 04:14:23,498][root][INFO] - Finished replay epoch 313/10000
[2026-05-28 04:14:28,930][root][INFO] - Finished replay epoch 314/10000
[2026-05-28 04:14:34,246][root][INFO] - Finished replay epoch 315/10000
| pretrain       | Iter: 0 | T: 0:33:04 | BS: 3392 | Batched Update FPS: 4.0274
[2026-05-28 04:14:39,586][root][INFO] - Finished replay epoch 316/10000
[2026-05-28 04:14:45,017][root][INFO] - Finished replay epoch 317/10000
[2026-05-28 04:14:50,382][root][INFO] - Finished replay epoch 318/10000
[2026-05-28 04:14:55,753][root][INFO] - Finished replay epoch 319/10000
| pretrain       | Iter: 0 | T: 0:33:24 | BS: 3392 | Batched Update FPS: 3.7970
[2026-05-28 04:15:01,155][root][INFO] - Finished replay epoch 320/10000
[2026-05-28 04:15:06,595][root][INFO] - Finished replay epoch 321/10000
[2026-05-28 04:15:11,946][root][INFO] - Finished replay epoch 322/10000
[2026-05-28 04:15:17,352][root][INFO] - Finished replay epoch 323/10000
| pretrain       | Iter: 0 | T: 0:33:45 | BS: 3392 | Batched Update FPS: 4.2354
[2026-05-28 04:15:22,826][root][INFO] - Finished replay epoch 324/10000
[2026-05-28 04:15:28,241][root][INFO] - Finished replay epoch 325/10000
[2026-05-28 04:15:33,641][root][INFO] - Finished replay epoch 326/10000
| pretrain       | Iter: 0 | T: 0:34:06 | BS: 3392 | Batched Update FPS: 3.9488
[2026-05-28 04:15:39,154][root][INFO] - Finished replay epoch 327/10000
[2026-05-28 04:15:44,615][root][INFO] - Finished replay epoch 328/10000
[2026-05-28 04:15:49,993][root][INFO] - Finished replay epoch 329/10000
[2026-05-28 04:15:55,437][root][INFO] - Finished replay epoch 330/10000
| pretrain       | Iter: 0 | T: 0:34:27 | BS: 3392 | Batched Update FPS: 3.0527
[2026-05-28 04:16:00,880][root][INFO] - Finished replay epoch 331/10000
[2026-05-28 04:16:06,239][root][INFO] - Finished replay epoch 332/10000
[2026-05-28 04:16:11,578][root][INFO] - Finished replay epoch 333/10000
[2026-05-28 04:16:16,978][root][INFO] - Finished replay epoch 334/10000
| pretrain       | Iter: 0 | T: 0:34:48 | BS: 3392 | Batched Update FPS: 3.3226
[2026-05-28 04:16:22,401][root][INFO] - Finished replay epoch 335/10000
[2026-05-28 04:16:27,920][root][INFO] - Finished replay epoch 336/10000
[2026-05-28 04:16:33,388][root][INFO] - Finished replay epoch 337/10000
[2026-05-28 04:16:38,816][root][INFO] - Finished replay epoch 338/10000
| pretrain       | Iter: 0 | T: 0:35:09 | BS: 3392 | Batched Update FPS: 3.0143
[2026-05-28 04:16:44,222][root][INFO] - Finished replay epoch 339/10000
[2026-05-28 04:16:49,583][root][INFO] - Finished replay epoch 340/10000
[2026-05-28 04:16:55,015][root][INFO] - Finished replay epoch 341/10000
[2026-05-28 04:17:00,502][root][INFO] - Finished replay epoch 342/10000
| pretrain       | Iter: 0 | T: 0:35:29 | BS: 3392 | Batched Update FPS: 3.2504
[2026-05-28 04:17:05,947][root][INFO] - Finished replay epoch 343/10000
[2026-05-28 04:17:11,319][root][INFO] - Finished replay epoch 344/10000
[2026-05-28 04:17:16,709][root][INFO] - Finished replay epoch 345/10000
[2026-05-28 04:17:22,136][root][INFO] - Finished replay epoch 346/10000
| pretrain       | Iter: 0 | T: 0:35:50 | BS: 3392 | Batched Update FPS: 3.3591
[2026-05-28 04:17:27,812][root][INFO] - Finished replay epoch 347/10000
[2026-05-28 04:17:33,229][root][INFO] - Finished replay epoch 348/10000
[2026-05-28 04:17:38,623][root][INFO] - Finished replay epoch 349/10000
[2026-05-28 04:17:43,980][root][INFO] - Finished replay epoch 350/10000
| pretrain       | Iter: 0 | T: 0:36:11 | BS: 3392 | Batched Update FPS: 3.2007
[2026-05-28 04:17:49,468][root][INFO] - Finished replay epoch 351/10000
[2026-05-28 04:17:54,869][root][INFO] - Finished replay epoch 352/10000
[2026-05-28 04:18:00,297][root][INFO] - Finished replay epoch 353/10000
| pretrain       | Iter: 0 | T: 0:36:32 | BS: 3392 | Batched Update FPS: 3.2879
[2026-05-28 04:18:05,649][root][INFO] - Finished replay epoch 354/10000
[2026-05-28 04:18:11,042][root][INFO] - Finished replay epoch 355/10000
[2026-05-28 04:18:16,457][root][INFO] - Finished replay epoch 356/10000
[2026-05-28 04:18:21,800][root][INFO] - Finished replay epoch 357/10000
| pretrain       | Iter: 0 | T: 0:36:52 | BS: 3392 | Batched Update FPS: 4.9446
[2026-05-28 04:18:25,671][root][INFO] - Finished replay epoch 358/10000
[2026-05-28 04:18:29,537][root][INFO] - Finished replay epoch 359/10000
[2026-05-28 04:18:33,411][root][INFO] - Finished replay epoch 360/10000
[2026-05-28 04:18:37,311][root][INFO] - Finished replay epoch 361/10000
| pretrain       | Iter: 0 | T: 0:37:07 | BS: 3392 | Batched Update FPS: 5.2110
[2026-05-28 04:18:41,238][root][INFO] - Finished replay epoch 362/10000
[2026-05-28 04:18:45,120][root][INFO] - Finished replay epoch 363/10000
[2026-05-28 04:18:49,034][root][INFO] - Finished replay epoch 364/10000
[2026-05-28 04:18:52,965][root][INFO] - Finished replay epoch 365/10000
| pretrain       | Iter: 0 | T: 0:37:22 | BS: 3392 | Batched Update FPS: 4.8884
[2026-05-28 04:18:56,933][root][INFO] - Finished replay epoch 366/10000
[2026-05-28 04:19:00,853][root][INFO] - Finished replay epoch 367/10000
[2026-05-28 04:19:04,730][root][INFO] - Finished replay epoch 368/10000
[2026-05-28 04:19:08,616][root][INFO] - Finished replay epoch 369/10000
| pretrain       | Iter: 0 | T: 0:37:37 | BS: 3392 | Batched Update FPS: 4.9506
[2026-05-28 04:19:12,539][root][INFO] - Finished replay epoch 370/10000
[2026-05-28 04:19:16,448][root][INFO] - Finished replay epoch 371/10000
[2026-05-28 04:19:20,379][root][INFO] - Finished replay epoch 372/10000
[2026-05-28 04:19:24,312][root][INFO] - Finished replay epoch 373/10000
| pretrain       | Iter: 0 | T: 0:37:52 | BS: 3392 | Batched Update FPS: 4.9414
[2026-05-28 04:19:28,285][root][INFO] - Finished replay epoch 374/10000
[2026-05-28 04:19:32,283][root][INFO] - Finished replay epoch 375/10000
[2026-05-28 04:19:36,222][root][INFO] - Finished replay epoch 376/10000
| pretrain       | Iter: 0 | T: 0:38:07 | BS: 3392 | Batched Update FPS: 4.7617
[2026-05-28 04:19:40,187][root][INFO] - Finished replay epoch 377/10000
[2026-05-28 04:19:44,158][root][INFO] - Finished replay epoch 378/10000
[2026-05-28 04:19:48,105][root][INFO] - Finished replay epoch 379/10000
[2026-05-28 04:19:52,051][root][INFO] - Finished replay epoch 380/10000
| pretrain       | Iter: 0 | T: 0:38:22 | BS: 3392 | Batched Update FPS: 5.1079
[2026-05-28 04:19:55,970][root][INFO] - Finished replay epoch 381/10000
[2026-05-28 04:19:59,925][root][INFO] - Finished replay epoch 382/10000
[2026-05-28 04:20:03,890][root][INFO] - Finished replay epoch 383/10000
[2026-05-28 04:20:07,849][root][INFO] - Finished replay epoch 384/10000
| pretrain       | Iter: 0 | T: 0:38:38 | BS: 3392 | Batched Update FPS: 5.7593
wandb: WARNING `format` argument was not provided, defaulting to `gif`. This parameter will be required in v0.20.0, please specify the format explicitly.
wandb: Encoding video...
| pretrain_eval  | Iter: 0 | S: 10000 | E: 0 | L: 200 | R: 0.0000 | T: 0:40:35
[2026-05-28 04:22:14,671][root][INFO] - Finished replay epoch 385/10000
[2026-05-28 04:22:20,000][root][INFO] - Finished replay epoch 386/10000
[2026-05-28 04:22:25,452][root][INFO] - Finished replay epoch 387/10000
[2026-05-28 04:22:30,970][root][INFO] - Finished replay epoch 388/10000
| pretrain       | Iter: 0 | T: 0:41:01 | BS: 3392 | Batched Update FPS: 3.3522
[2026-05-28 04:22:36,262][root][INFO] - Finished replay epoch 389/10000
[2026-05-28 04:22:41,624][root][INFO] - Finished replay epoch 390/10000
[2026-05-28 04:22:46,996][root][INFO] - Finished replay epoch 391/10000
[2026-05-28 04:22:52,415][root][INFO] - Finished replay epoch 392/10000
| pretrain       | Iter: 0 | T: 0:41:21 | BS: 3392 | Batched Update FPS: 3.7883
[2026-05-28 04:22:57,740][root][INFO] - Finished replay epoch 393/10000
[2026-05-28 04:23:03,064][root][INFO] - Finished replay epoch 394/10000
[2026-05-28 04:23:08,482][root][INFO] - Finished replay epoch 395/10000
[2026-05-28 04:23:13,847][root][INFO] - Finished replay epoch 396/10000
| pretrain       | Iter: 0 | T: 0:41:42 | BS: 3392 | Batched Update FPS: 3.0817
[2026-05-28 04:23:19,249][root][INFO] - Finished replay epoch 397/10000
[2026-05-28 04:23:24,579][root][INFO] - Finished replay epoch 398/10000
[2026-05-28 04:23:29,974][root][INFO] - Finished replay epoch 399/10000
[2026-05-28 04:23:35,389][root][INFO] - Finished replay epoch 400/10000
| pretrain       | Iter: 0 | T: 0:42:03 | BS: 3392 | Batched Update FPS: 3.4932
[2026-05-28 04:23:40,776][root][INFO] - Finished replay epoch 401/10000
[2026-05-28 04:23:46,123][root][INFO] - Finished replay epoch 402/10000
[2026-05-28 04:23:51,513][root][INFO] - Finished replay epoch 403/10000
| pretrain       | Iter: 0 | T: 0:42:23 | BS: 3392 | Batched Update FPS: 4.0161
[2026-05-28 04:23:56,863][root][INFO] - Finished replay epoch 404/10000
[2026-05-28 04:24:02,245][root][INFO] - Finished replay epoch 405/10000
[2026-05-28 04:24:07,640][root][INFO] - Finished replay epoch 406/10000
[2026-05-28 04:24:13,039][root][INFO] - Finished replay epoch 407/10000
| pretrain       | Iter: 0 | T: 0:42:44 | BS: 3392 | Batched Update FPS: 4.1596
[2026-05-28 04:24:18,427][root][INFO] - Finished replay epoch 408/10000
[2026-05-28 04:24:23,835][root][INFO] - Finished replay epoch 409/10000
[2026-05-28 04:24:29,272][root][INFO] - Finished replay epoch 410/10000
[2026-05-28 04:24:34,616][root][INFO] - Finished replay epoch 411/10000
| pretrain       | Iter: 0 | T: 0:43:05 | BS: 3392 | Batched Update FPS: 4.1913
[2026-05-28 04:24:40,005][root][INFO] - Finished replay epoch 412/10000
[2026-05-28 04:24:45,471][root][INFO] - Finished replay epoch 413/10000
[2026-05-28 04:24:50,881][root][INFO] - Finished replay epoch 414/10000
[2026-05-28 04:24:56,251][root][INFO] - Finished replay epoch 415/10000
| pretrain       | Iter: 0 | T: 0:43:26 | BS: 3392 | Batched Update FPS: 3.5224
[2026-05-28 04:25:01,580][root][INFO] - Finished replay epoch 416/10000
[2026-05-28 04:25:07,006][root][INFO] - Finished replay epoch 417/10000
[2026-05-28 04:25:12,442][root][INFO] - Finished replay epoch 418/10000
[2026-05-28 04:25:17,834][root][INFO] - Finished replay epoch 419/10000
| pretrain       | Iter: 0 | T: 0:43:46 | BS: 3392 | Batched Update FPS: 3.1824
[2026-05-28 04:25:23,178][root][INFO] - Finished replay epoch 420/10000
[2026-05-28 04:25:28,640][root][INFO] - Finished replay epoch 421/10000
[2026-05-28 04:25:34,086][root][INFO] - Finished replay epoch 422/10000
[2026-05-28 04:25:39,555][root][INFO] - Finished replay epoch 423/10000
| pretrain       | Iter: 0 | T: 0:44:07 | BS: 3392 | Batched Update FPS: 6.2003
[2026-05-28 04:25:45,232][root][INFO] - Finished replay epoch 424/10000
[2026-05-28 04:25:50,609][root][INFO] - Finished replay epoch 425/10000
[2026-05-28 04:25:56,005][root][INFO] - Finished replay epoch 426/10000
| pretrain       | Iter: 0 | T: 0:44:28 | BS: 3392 | Batched Update FPS: 4.3466
[2026-05-28 04:26:01,412][root][INFO] - Finished replay epoch 427/10000
[2026-05-28 04:26:06,717][root][INFO] - Finished replay epoch 428/10000
[2026-05-28 04:26:12,201][root][INFO] - Finished replay epoch 429/10000
[2026-05-28 04:26:17,532][root][INFO] - Finished replay epoch 430/10000
| pretrain       | Iter: 0 | T: 0:44:49 | BS: 3392 | Batched Update FPS: 3.0980
[2026-05-28 04:26:23,006][root][INFO] - Finished replay epoch 431/10000
[2026-05-28 04:26:28,359][root][INFO] - Finished replay epoch 432/10000
[2026-05-28 04:26:33,813][root][INFO] - Finished replay epoch 433/10000
[2026-05-28 04:26:39,231][root][INFO] - Finished replay epoch 434/10000
| pretrain       | Iter: 0 | T: 0:45:10 | BS: 3392 | Batched Update FPS: 4.0602
[2026-05-28 04:26:44,597][root][INFO] - Finished replay epoch 435/10000
[2026-05-28 04:26:49,955][root][INFO] - Finished replay epoch 436/10000
[2026-05-28 04:26:55,272][root][INFO] - Finished replay epoch 437/10000
[2026-05-28 04:27:00,651][root][INFO] - Finished replay epoch 438/10000
| pretrain       | Iter: 0 | T: 0:45:30 | BS: 3392 | Batched Update FPS: 4.2541
[2026-05-28 04:27:06,093][root][INFO] - Finished replay epoch 439/10000
[2026-05-28 04:27:11,446][root][INFO] - Finished replay epoch 440/10000
[2026-05-28 04:27:16,858][root][INFO] - Finished replay epoch 441/10000
[2026-05-28 04:27:22,231][root][INFO] - Finished replay epoch 442/10000
| pretrain       | Iter: 0 | T: 0:45:51 | BS: 3392 | Batched Update FPS: 3.1498
[2026-05-28 04:27:27,598][root][INFO] - Finished replay epoch 443/10000
[2026-05-28 04:27:32,987][root][INFO] - Finished replay epoch 444/10000
[2026-05-28 04:27:38,442][root][INFO] - Finished replay epoch 445/10000
[2026-05-28 04:27:43,874][root][INFO] - Finished replay epoch 446/10000
| pretrain       | Iter: 0 | T: 0:46:12 | BS: 3392 | Batched Update FPS: 4.0270
[2026-05-28 04:27:49,258][root][INFO] - Finished replay epoch 447/10000
[2026-05-28 04:27:54,604][root][INFO] - Finished replay epoch 448/10000
[2026-05-28 04:28:00,029][root][INFO] - Finished replay epoch 449/10000
[2026-05-28 04:28:05,496][root][INFO] - Finished replay epoch 450/10000
| pretrain       | Iter: 0 | T: 0:46:33 | BS: 3392 | Batched Update FPS: 3.4763
[2026-05-28 04:28:10,853][root][INFO] - Finished replay epoch 451/10000
[2026-05-28 04:28:16,296][root][INFO] - Finished replay epoch 452/10000
[2026-05-28 04:28:21,701][root][INFO] - Finished replay epoch 453/10000
| pretrain       | Iter: 0 | T: 0:46:54 | BS: 3392 | Batched Update FPS: 3.0410
[2026-05-28 04:28:27,063][root][INFO] - Finished replay epoch 454/10000
[2026-05-28 04:28:32,638][root][INFO] - Finished replay epoch 455/10000
[2026-05-28 04:28:38,045][root][INFO] - Finished replay epoch 456/10000
[2026-05-28 04:28:43,520][root][INFO] - Finished replay epoch 457/10000
| pretrain       | Iter: 0 | T: 0:47:15 | BS: 3392 | Batched Update FPS: 2.9916
[2026-05-28 04:28:48,924][root][INFO] - Finished replay epoch 458/10000
[2026-05-28 04:28:54,351][root][INFO] - Finished replay epoch 459/10000
[2026-05-28 04:28:59,823][root][INFO] - Finished replay epoch 460/10000
[2026-05-28 04:29:05,166][root][INFO] - Finished replay epoch 461/10000
| pretrain       | Iter: 0 | T: 0:47:35 | BS: 3392 | Batched Update FPS: 6.2077
[2026-05-28 04:29:10,047][root][INFO] - Finished replay epoch 462/10000
[2026-05-28 04:29:15,485][root][INFO] - Finished replay epoch 463/10000
[2026-05-28 04:29:20,920][root][INFO] - Finished replay epoch 464/10000
[2026-05-28 04:29:26,348][root][INFO] - Finished replay epoch 465/10000
| pretrain       | Iter: 0 | T: 0:47:56 | BS: 3392 | Batched Update FPS: 3.2393
[2026-05-28 04:29:31,767][root][INFO] - Finished replay epoch 466/10000
[2026-05-28 04:29:37,118][root][INFO] - Finished replay epoch 467/10000
[2026-05-28 04:29:42,453][root][INFO] - Finished replay epoch 468/10000
[2026-05-28 04:29:47,965][root][INFO] - Finished replay epoch 469/10000
| pretrain       | Iter: 0 | T: 0:48:16 | BS: 3392 | Batched Update FPS: 3.9736
[2026-05-28 04:29:53,441][root][INFO] - Finished replay epoch 470/10000
[2026-05-28 04:29:58,803][root][INFO] - Finished replay epoch 471/10000
[2026-05-28 04:30:04,204][root][INFO] - Finished replay epoch 472/10000
[2026-05-28 04:30:09,782][root][INFO] - Finished replay epoch 473/10000
| pretrain       | Iter: 0 | T: 0:48:37 | BS: 3392 | Batched Update FPS: 3.0819
[2026-05-28 04:30:15,167][root][INFO] - Finished replay epoch 474/10000
[2026-05-28 04:30:20,619][root][INFO] - Finished replay epoch 475/10000
[2026-05-28 04:30:25,974][root][INFO] - Finished replay epoch 476/10000
| pretrain       | Iter: 0 | T: 0:48:58 | BS: 3392 | Batched Update FPS: 3.2460
[2026-05-28 04:30:31,413][root][INFO] - Finished replay epoch 477/10000
[2026-05-28 04:30:36,789][root][INFO] - Finished replay epoch 478/10000
[2026-05-28 04:30:42,158][root][INFO] - Finished replay epoch 479/10000
[2026-05-28 04:30:47,499][root][INFO] - Finished replay epoch 480/10000
| pretrain       | Iter: 0 | T: 0:49:19 | BS: 3392 | Batched Update FPS: 3.8155
wandb: WARNING `format` argument was not provided, defaulting to `gif`. This parameter will be required in v0.20.0, please specify the format explicitly.
wandb: Encoding video...
| pretrain_eval  | Iter: 0 | S: 12500 | E: 0 | L: 200 | R: 0.0000 | T: 0:51:45
[2026-05-28 04:33:24,372][root][INFO] - Finished replay epoch 481/10000
[2026-05-28 04:33:29,719][root][INFO] - Finished replay epoch 482/10000
[2026-05-28 04:33:35,148][root][INFO] - Finished replay epoch 483/10000
[2026-05-28 04:33:40,635][root][INFO] - Finished replay epoch 484/10000
| pretrain       | Iter: 0 | T: 0:52:11 | BS: 3392 | Batched Update FPS: 3.1928
[2026-05-28 04:33:46,008][root][INFO] - Finished replay epoch 485/10000
[2026-05-28 04:33:51,365][root][INFO] - Finished replay epoch 486/10000
[2026-05-28 04:33:56,892][root][INFO] - Finished replay epoch 487/10000
[2026-05-28 04:34:02,318][root][INFO] - Finished replay epoch 488/10000
| pretrain       | Iter: 0 | T: 0:52:32 | BS: 3392 | Batched Update FPS: 3.7994
[2026-05-28 04:34:07,847][root][INFO] - Finished replay epoch 489/10000
[2026-05-28 04:34:13,285][root][INFO] - Finished replay epoch 490/10000
[2026-05-28 04:34:18,759][root][INFO] - Finished replay epoch 491/10000
[2026-05-28 04:34:24,134][root][INFO] - Finished replay epoch 492/10000
| pretrain       | Iter: 0 | T: 0:52:53 | BS: 3392 | Batched Update FPS: 3.9371
[2026-05-28 04:34:29,610][root][INFO] - Finished replay epoch 493/10000
[2026-05-28 04:34:35,063][root][INFO] - Finished replay epoch 494/10000
[2026-05-28 04:34:40,540][root][INFO] - Finished replay epoch 495/10000
[2026-05-28 04:34:46,037][root][INFO] - Finished replay epoch 496/10000
| pretrain       | Iter: 0 | T: 0:53:14 | BS: 3392 | Batched Update FPS: 4.0228
[2026-05-28 04:34:51,462][root][INFO] - Finished replay epoch 497/10000
[2026-05-28 04:34:56,831][root][INFO] - Finished replay epoch 498/10000
[2026-05-28 04:35:02,263][root][INFO] - Finished replay epoch 499/10000
[2026-05-28 04:35:07,972][root][INFO] - Finished replay epoch 500/10000
| pretrain       | Iter: 0 | T: 0:53:35 | BS: 3392 | Batched Update FPS: 6.2410
[2026-05-28 04:35:13,303][root][INFO] - Finished replay epoch 501/10000
[2026-05-28 04:35:18,683][root][INFO] - Finished replay epoch 502/10000
[2026-05-28 04:35:24,119][root][INFO] - Finished replay epoch 503/10000
| pretrain       | Iter: 0 | T: 0:53:56 | BS: 3392 | Batched Update FPS: 3.9703
[2026-05-28 04:35:29,499][root][INFO] - Finished replay epoch 504/10000
[2026-05-28 04:35:34,860][root][INFO] - Finished replay epoch 505/10000
[2026-05-28 04:35:40,259][root][INFO] - Finished replay epoch 506/10000
[2026-05-28 04:35:45,715][root][INFO] - Finished replay epoch 507/10000
| pretrain       | Iter: 0 | T: 0:54:17 | BS: 3392 | Batched Update FPS: 3.0868
[2026-05-28 04:35:51,119][root][INFO] - Finished replay epoch 508/10000
[2026-05-28 04:35:56,505][root][INFO] - Finished replay epoch 509/10000
[2026-05-28 04:36:01,827][root][INFO] - Finished replay epoch 510/10000
[2026-05-28 04:36:07,235][root][INFO] - Finished replay epoch 511/10000
| pretrain       | Iter: 0 | T: 0:54:37 | BS: 3392 | Batched Update FPS: 3.1525
[2026-05-28 04:36:11,993][root][INFO] - Finished replay epoch 512/10000
[2026-05-28 04:36:17,452][root][INFO] - Finished replay epoch 513/10000
[2026-05-28 04:36:22,916][root][INFO] - Finished replay epoch 514/10000
[2026-05-28 04:36:28,299][root][INFO] - Finished replay epoch 515/10000
| pretrain       | Iter: 0 | T: 0:54:58 | BS: 3392 | Batched Update FPS: 4.2603
[2026-05-28 04:36:33,736][root][INFO] - Finished replay epoch 516/10000
[2026-05-28 04:36:39,163][root][INFO] - Finished replay epoch 517/10000
[2026-05-28 04:36:44,568][root][INFO] - Finished replay epoch 518/10000
[2026-05-28 04:36:50,002][root][INFO] - Finished replay epoch 519/10000
| pretrain       | Iter: 0 | T: 0:55:19 | BS: 3392 | Batched Update FPS: 3.2117
[2026-05-28 04:36:55,509][root][INFO] - Finished replay epoch 520/10000
[2026-05-28 04:37:00,928][root][INFO] - Finished replay epoch 521/10000
[2026-05-28 04:37:06,373][root][INFO] - Finished replay epoch 522/10000
[2026-05-28 04:37:11,777][root][INFO] - Finished replay epoch 523/10000
| pretrain       | Iter: 0 | T: 0:55:39 | BS: 3392 | Batched Update FPS: 4.3817
[2026-05-28 04:37:17,191][root][INFO] - Finished replay epoch 524/10000
[2026-05-28 04:37:22,524][root][INFO] - Finished replay epoch 525/10000
[2026-05-28 04:37:27,949][root][INFO] - Finished replay epoch 526/10000
| pretrain       | Iter: 0 | T: 0:56:00 | BS: 3392 | Batched Update FPS: 3.1610
[2026-05-28 04:37:33,357][root][INFO] - Finished replay epoch 527/10000
[2026-05-28 04:37:38,779][root][INFO] - Finished replay epoch 528/10000
[2026-05-28 04:37:44,345][root][INFO] - Finished replay epoch 529/10000
[2026-05-28 04:37:49,691][root][INFO] - Finished replay epoch 530/10000
| pretrain       | Iter: 0 | T: 0:56:21 | BS: 3392 | Batched Update FPS: 3.0533
[2026-05-28 04:37:55,154][root][INFO] - Finished replay epoch 531/10000
[2026-05-28 04:38:00,598][root][INFO] - Finished replay epoch 532/10000
[2026-05-28 04:38:05,955][root][INFO] - Finished replay epoch 533/10000
[2026-05-28 04:38:11,322][root][INFO] - Finished replay epoch 534/10000
| pretrain       | Iter: 0 | T: 0:56:42 | BS: 3392 | Batched Update FPS: 4.6099
[2026-05-28 04:38:16,765][root][INFO] - Finished replay epoch 535/10000
[2026-05-28 04:38:22,230][root][INFO] - Finished replay epoch 536/10000
[2026-05-28 04:38:27,579][root][INFO] - Finished replay epoch 537/10000
[2026-05-28 04:38:33,006][root][INFO] - Finished replay epoch 538/10000
| pretrain       | Iter: 0 | T: 0:57:03 | BS: 3392 | Batched Update FPS: 4.9990
[2026-05-28 04:38:38,763][root][INFO] - Finished replay epoch 539/10000
[2026-05-28 04:38:44,144][root][INFO] - Finished replay epoch 540/10000
[2026-05-28 04:38:49,642][root][INFO] - Finished replay epoch 541/10000
[2026-05-28 04:38:55,135][root][INFO] - Finished replay epoch 542/10000
| pretrain       | Iter: 0 | T: 0:57:24 | BS: 3392 | Batched Update FPS: 3.8872
[2026-05-28 04:39:00,583][root][INFO] - Finished replay epoch 543/10000
[2026-05-28 04:39:06,028][root][INFO] - Finished replay epoch 544/10000
[2026-05-28 04:39:11,520][root][INFO] - Finished replay epoch 545/10000
[2026-05-28 04:39:16,898][root][INFO] - Finished replay epoch 546/10000
| pretrain       | Iter: 0 | T: 0:57:45 | BS: 3392 | Batched Update FPS: 3.1783
[2026-05-28 04:39:22,276][root][INFO] - Finished replay epoch 547/10000
[2026-05-28 04:39:27,693][root][INFO] - Finished replay epoch 548/10000
[2026-05-28 04:39:33,072][root][INFO] - Finished replay epoch 549/10000
[2026-05-28 04:39:38,427][root][INFO] - Finished replay epoch 550/10000
| pretrain       | Iter: 0 | T: 0:58:06 | BS: 3392 | Batched Update FPS: 3.3340
[2026-05-28 04:39:43,877][root][INFO] - Finished replay epoch 551/10000
[2026-05-28 04:39:49,240][root][INFO] - Finished replay epoch 552/10000
[2026-05-28 04:39:54,621][root][INFO] - Finished replay epoch 553/10000
| pretrain       | Iter: 0 | T: 0:58:26 | BS: 3392 | Batched Update FPS: 3.3049
[2026-05-28 04:40:00,068][root][INFO] - Finished replay epoch 554/10000
[2026-05-28 04:40:05,436][root][INFO] - Finished replay epoch 555/10000
[2026-05-28 04:40:10,781][root][INFO] - Finished replay epoch 556/10000
[2026-05-28 04:40:16,173][root][INFO] - Finished replay epoch 557/10000
| pretrain       | Iter: 0 | T: 0:58:47 | BS: 3392 | Batched Update FPS: 3.3807
[2026-05-28 04:40:21,648][root][INFO] - Finished replay epoch 558/10000
[2026-05-28 04:40:27,116][root][INFO] - Finished replay epoch 559/10000
[2026-05-28 04:40:32,441][root][INFO] - Finished replay epoch 560/10000
[2026-05-28 04:40:37,910][root][INFO] - Finished replay epoch 561/10000
| pretrain       | Iter: 0 | T: 0:59:08 | BS: 3392 | Batched Update FPS: 3.1912
[2026-05-28 04:40:43,324][root][INFO] - Finished replay epoch 562/10000
[2026-05-28 04:40:48,784][root][INFO] - Finished replay epoch 563/10000
[2026-05-28 04:40:54,254][root][INFO] - Finished replay epoch 564/10000
[2026-05-28 04:40:59,614][root][INFO] - Finished replay epoch 565/10000
| pretrain       | Iter: 0 | T: 0:59:29 | BS: 3392 | Batched Update FPS: 3.4687
[2026-05-28 04:41:05,040][root][INFO] - Finished replay epoch 566/10000
[2026-05-28 04:41:10,501][root][INFO] - Finished replay epoch 567/10000
[2026-05-28 04:41:15,946][root][INFO] - Finished replay epoch 568/10000
[2026-05-28 04:41:21,287][root][INFO] - Finished replay epoch 569/10000
| pretrain       | Iter: 0 | T: 0:59:50 | BS: 3392 | Batched Update FPS: 3.0751
[2026-05-28 04:41:26,662][root][INFO] - Finished replay epoch 570/10000
[2026-05-28 04:41:32,085][root][INFO] - Finished replay epoch 571/10000
[2026-05-28 04:41:37,429][root][INFO] - Finished replay epoch 572/10000
[2026-05-28 04:41:42,737][root][INFO] - Finished replay epoch 573/10000
| pretrain       | Iter: 0 | T: 1:00:10 | BS: 3392 | Batched Update FPS: 3.2224
[2026-05-28 04:41:48,214][root][INFO] - Finished replay epoch 574/10000
[2026-05-28 04:41:53,620][root][INFO] - Finished replay epoch 575/10000
[2026-05-28 04:41:59,048][root][INFO] - Finished replay epoch 576/10000
| pretrain       | Iter: 0 | T: 1:00:32 | BS: 3392 | Batched Update FPS: 4.2093
wandb: WARNING `format` argument was not provided, defaulting to `gif`. This parameter will be required in v0.20.0, please specify the format explicitly.
wandb: Encoding video...
| pretrain_eval  | Iter: 0 | S: 15000 | E: 0 | L: 200 | R: 0.0000 | T: 1:02:41
[2026-05-28 04:44:19,463][root][INFO] - Finished replay epoch 577/10000
[2026-05-28 04:44:23,377][root][INFO] - Finished replay epoch 578/10000
[2026-05-28 04:44:27,331][root][INFO] - Finished replay epoch 579/10000
[2026-05-28 04:44:31,255][root][INFO] - Finished replay epoch 580/10000
| pretrain       | Iter: 0 | T: 1:03:01 | BS: 3392 | Batched Update FPS: 4.9128
[2026-05-28 04:44:35,185][root][INFO] - Finished replay epoch 581/10000
[2026-05-28 04:44:39,152][root][INFO] - Finished replay epoch 582/10000
[2026-05-28 04:44:43,150][root][INFO] - Finished replay epoch 583/10000
[2026-05-28 04:44:47,088][root][INFO] - Finished replay epoch 584/10000
| pretrain       | Iter: 0 | T: 1:03:17 | BS: 3392 | Batched Update FPS: 4.7380
[2026-05-28 04:44:51,085][root][INFO] - Finished replay epoch 585/10000
[2026-05-28 04:44:55,074][root][INFO] - Finished replay epoch 586/10000
[2026-05-28 04:44:58,997][root][INFO] - Finished replay epoch 587/10000
[2026-05-28 04:45:02,970][root][INFO] - Finished replay epoch 588/10000
| pretrain       | Iter: 0 | T: 1:03:32 | BS: 3392 | Batched Update FPS: 4.7881
[2026-05-28 04:45:06,972][root][INFO] - Finished replay epoch 589/10000
[2026-05-28 04:45:10,975][root][INFO] - Finished replay epoch 590/10000
[2026-05-28 04:45:14,952][root][INFO] - Finished replay epoch 591/10000
[2026-05-28 04:45:18,893][root][INFO] - Finished replay epoch 592/10000
| pretrain       | Iter: 0 | T: 1:03:47 | BS: 3392 | Batched Update FPS: 4.8873
[2026-05-28 04:45:22,913][root][INFO] - Finished replay epoch 593/10000
[2026-05-28 04:45:26,871][root][INFO] - Finished replay epoch 594/10000
[2026-05-28 04:45:30,865][root][INFO] - Finished replay epoch 595/10000
[2026-05-28 04:45:34,867][root][INFO] - Finished replay epoch 596/10000
| pretrain       | Iter: 0 | T: 1:04:03 | BS: 3392 | Batched Update FPS: 5.0161
[2026-05-28 04:45:38,900][root][INFO] - Finished replay epoch 597/10000
[2026-05-28 04:45:42,829][root][INFO] - Finished replay epoch 598/10000
[2026-05-28 04:45:46,744][root][INFO] - Finished replay epoch 599/10000
[2026-05-28 04:45:50,679][root][INFO] - Finished replay epoch 600/10000
| pretrain       | Iter: 0 | T: 1:04:18 | BS: 3392 | Batched Update FPS: 5.0214
[2026-05-28 04:45:54,661][root][INFO] - Finished replay epoch 601/10000
[2026-05-28 04:45:58,564][root][INFO] - Finished replay epoch 602/10000
[2026-05-28 04:46:02,567][root][INFO] - Finished replay epoch 603/10000
| pretrain       | Iter: 0 | T: 1:04:33 | BS: 3392 | Batched Update FPS: 4.9005
[2026-05-28 04:46:06,530][root][INFO] - Finished replay epoch 604/10000
[2026-05-28 04:46:10,501][root][INFO] - Finished replay epoch 605/10000
[2026-05-28 04:46:14,501][root][INFO] - Finished replay epoch 606/10000
[2026-05-28 04:46:18,457][root][INFO] - Finished replay epoch 607/10000
| pretrain       | Iter: 0 | T: 1:04:48 | BS: 3392 | Batched Update FPS: 4.7951
[2026-05-28 04:46:22,438][root][INFO] - Finished replay epoch 608/10000
[2026-05-28 04:46:26,425][root][INFO] - Finished replay epoch 609/10000
[2026-05-28 04:46:30,373][root][INFO] - Finished replay epoch 610/10000
[2026-05-28 04:46:34,342][root][INFO] - Finished replay epoch 611/10000
| pretrain       | Iter: 0 | T: 1:05:04 | BS: 3392 | Batched Update FPS: 4.8349
[2026-05-28 04:46:38,373][root][INFO] - Finished replay epoch 612/10000
[2026-05-28 04:46:42,304][root][INFO] - Finished replay epoch 613/10000
[2026-05-28 04:46:46,292][root][INFO] - Finished replay epoch 614/10000
[2026-05-28 04:46:50,259][root][INFO] - Finished replay epoch 615/10000
| pretrain       | Iter: 0 | T: 1:05:19 | BS: 3392 | Batched Update FPS: 5.8563
[2026-05-28 04:46:54,446][root][INFO] - Finished replay epoch 616/10000
[2026-05-28 04:46:58,400][root][INFO] - Finished replay epoch 617/10000
[2026-05-28 04:47:02,363][root][INFO] - Finished replay epoch 618/10000
[2026-05-28 04:47:06,318][root][INFO] - Finished replay epoch 619/10000
| pretrain       | Iter: 0 | T: 1:05:34 | BS: 3392 | Batched Update FPS: 4.8321
[2026-05-28 04:47:10,326][root][INFO] - Finished replay epoch 620/10000
[2026-05-28 04:47:14,286][root][INFO] - Finished replay epoch 621/10000
[2026-05-28 04:47:18,201][root][INFO] - Finished replay epoch 622/10000
[2026-05-28 04:47:22,434][root][INFO] - Finished replay epoch 623/10000
| pretrain       | Iter: 0 | T: 1:05:50 | BS: 3392 | Batched Update FPS: 3.0795
[2026-05-28 04:47:27,963][root][INFO] - Finished replay epoch 624/10000
[2026-05-28 04:47:33,272][root][INFO] - Finished replay epoch 625/10000
[2026-05-28 04:47:38,699][root][INFO] - Finished replay epoch 626/10000
| pretrain       | Iter: 0 | T: 1:06:11 | BS: 3392 | Batched Update FPS: 3.0169
[2026-05-28 04:47:44,115][root][INFO] - Finished replay epoch 627/10000
[2026-05-28 04:47:49,543][root][INFO] - Finished replay epoch 628/10000
[2026-05-28 04:47:54,923][root][INFO] - Finished replay epoch 629/10000
[2026-05-28 04:48:00,397][root][INFO] - Finished replay epoch 630/10000
| pretrain       | Iter: 0 | T: 1:06:32 | BS: 3392 | Batched Update FPS: 4.0642
[2026-05-28 04:48:05,771][root][INFO] - Finished replay epoch 631/10000
[2026-05-28 04:48:11,094][root][INFO] - Finished replay epoch 632/10000
[2026-05-28 04:48:16,441][root][INFO] - Finished replay epoch 633/10000
[2026-05-28 04:48:21,906][root][INFO] - Finished replay epoch 634/10000
| pretrain       | Iter: 0 | T: 1:06:52 | BS: 3392 | Batched Update FPS: 3.9020
[2026-05-28 04:48:27,365][root][INFO] - Finished replay epoch 635/10000
[2026-05-28 04:48:32,776][root][INFO] - Finished replay epoch 636/10000
[2026-05-28 04:48:38,144][root][INFO] - Finished replay epoch 637/10000
[2026-05-28 04:48:43,573][root][INFO] - Finished replay epoch 638/10000
| pretrain       | Iter: 0 | T: 1:07:13 | BS: 3392 | Batched Update FPS: 3.4613
[2026-05-28 04:48:49,058][root][INFO] - Finished replay epoch 639/10000
[2026-05-28 04:48:54,473][root][INFO] - Finished replay epoch 640/10000
[2026-05-28 04:48:59,913][root][INFO] - Finished replay epoch 641/10000
[2026-05-28 04:49:05,317][root][INFO] - Finished replay epoch 642/10000
| pretrain       | Iter: 0 | T: 1:07:34 | BS: 3392 | Batched Update FPS: 3.1083
[2026-05-28 04:49:10,803][root][INFO] - Finished replay epoch 643/10000
[2026-05-28 04:49:16,171][root][INFO] - Finished replay epoch 644/10000
[2026-05-28 04:49:21,602][root][INFO] - Finished replay epoch 645/10000
[2026-05-28 04:49:26,898][root][INFO] - Finished replay epoch 646/10000
| pretrain       | Iter: 0 | T: 1:07:55 | BS: 3392 | Batched Update FPS: 3.3058
[2026-05-28 04:49:32,305][root][INFO] - Finished replay epoch 647/10000
[2026-05-28 04:49:37,789][root][INFO] - Finished replay epoch 648/10000
[2026-05-28 04:49:43,203][root][INFO] - Finished replay epoch 649/10000
[2026-05-28 04:49:48,554][root][INFO] - Finished replay epoch 650/10000
| pretrain       | Iter: 0 | T: 1:08:16 | BS: 3392 | Batched Update FPS: 4.0010
[2026-05-28 04:49:53,999][root][INFO] - Finished replay epoch 651/10000
[2026-05-28 04:49:59,384][root][INFO] - Finished replay epoch 652/10000
[2026-05-28 04:50:04,807][root][INFO] - Finished replay epoch 653/10000
| pretrain       | Iter: 0 | T: 1:08:37 | BS: 3392 | Batched Update FPS: 5.8260
[2026-05-28 04:50:10,380][root][INFO] - Finished replay epoch 654/10000
[2026-05-28 04:50:15,825][root][INFO] - Finished replay epoch 655/10000
[2026-05-28 04:50:21,225][root][INFO] - Finished replay epoch 656/10000
[2026-05-28 04:50:26,660][root][INFO] - Finished replay epoch 657/10000
| pretrain       | Iter: 0 | T: 1:08:58 | BS: 3392 | Batched Update FPS: 3.1862
[2026-05-28 04:50:32,073][root][INFO] - Finished replay epoch 658/10000
[2026-05-28 04:50:37,548][root][INFO] - Finished replay epoch 659/10000
[2026-05-28 04:50:42,821][root][INFO] - Finished replay epoch 660/10000
[2026-05-28 04:50:48,220][root][INFO] - Finished replay epoch 661/10000
| pretrain       | Iter: 0 | T: 1:09:18 | BS: 3392 | Batched Update FPS: 3.0250
[2026-05-28 04:50:53,620][root][INFO] - Finished replay epoch 662/10000
[2026-05-28 04:50:59,031][root][INFO] - Finished replay epoch 663/10000
[2026-05-28 04:51:04,417][root][INFO] - Finished replay epoch 664/10000
[2026-05-28 04:51:09,835][root][INFO] - Finished replay epoch 665/10000
| pretrain       | Iter: 0 | T: 1:09:39 | BS: 3392 | Batched Update FPS: 3.0104
[2026-05-28 04:51:15,274][root][INFO] - Finished replay epoch 666/10000
[2026-05-28 04:51:20,749][root][INFO] - Finished replay epoch 667/10000
[2026-05-28 04:51:26,138][root][INFO] - Finished replay epoch 668/10000
[2026-05-28 04:51:31,528][root][INFO] - Finished replay epoch 669/10000
| pretrain       | Iter: 0 | T: 1:10:00 | BS: 3392 | Batched Update FPS: 4.1070
[2026-05-28 04:51:36,961][root][INFO] - Finished replay epoch 670/10000
[2026-05-28 04:51:42,384][root][INFO] - Finished replay epoch 671/10000
[2026-05-28 04:51:47,799][root][INFO] - Finished replay epoch 672/10000
[2026-05-28 04:51:53,245][root][INFO] - Finished replay epoch 673/10000
| pretrain       | Iter: 0 | T: 1:10:21 | BS: 3392 | Batched Update FPS: 3.1431
wandb: WARNING `format` argument was not provided, defaulting to `gif`. This parameter will be required in v0.20.0, please specify the format explicitly.
wandb: Encoding video...
| pretrain_eval  | Iter: 0 | S: 17500 | E: 0 | L: 200 | R: 0.0000 | T: 1:12:47
[2026-05-28 04:54:30,129][root][INFO] - Finished replay epoch 674/10000
[2026-05-28 04:54:35,541][root][INFO] - Finished replay epoch 675/10000
[2026-05-28 04:54:40,894][root][INFO] - Finished replay epoch 676/10000
| pretrain       | Iter: 0 | T: 1:13:13 | BS: 3392 | Batched Update FPS: 3.5748
[2026-05-28 04:54:46,352][root][INFO] - Finished replay epoch 677/10000
[2026-05-28 04:54:51,644][root][INFO] - Finished replay epoch 678/10000
[2026-05-28 04:54:57,034][root][INFO] - Finished replay epoch 679/10000
[2026-05-28 04:55:02,387][root][INFO] - Finished replay epoch 680/10000
| pretrain       | Iter: 0 | T: 1:13:34 | BS: 3392 | Batched Update FPS: 3.9552
[2026-05-28 04:55:07,721][root][INFO] - Finished replay epoch 681/10000
[2026-05-28 04:55:13,086][root][INFO] - Finished replay epoch 682/10000
[2026-05-28 04:55:18,469][root][INFO] - Finished replay epoch 683/10000
[2026-05-28 04:55:23,885][root][INFO] - Finished replay epoch 684/10000
| pretrain       | Iter: 0 | T: 1:13:54 | BS: 3392 | Batched Update FPS: 3.3181
[2026-05-28 04:55:29,334][root][INFO] - Finished replay epoch 685/10000
[2026-05-28 04:55:34,763][root][INFO] - Finished replay epoch 686/10000
[2026-05-28 04:55:40,119][root][INFO] - Finished replay epoch 687/10000
[2026-05-28 04:55:45,568][root][INFO] - Finished replay epoch 688/10000
| pretrain       | Iter: 0 | T: 1:14:15 | BS: 3392 | Batched Update FPS: 4.3486
[2026-05-28 04:55:50,896][root][INFO] - Finished replay epoch 689/10000
[2026-05-28 04:55:56,344][root][INFO] - Finished replay epoch 690/10000
[2026-05-28 04:56:01,611][root][INFO] - Finished replay epoch 691/10000
[2026-05-28 04:56:07,003][root][INFO] - Finished replay epoch 692/10000
| pretrain       | Iter: 0 | T: 1:14:36 | BS: 3392 | Batched Update FPS: 4.2820
[2026-05-28 04:56:12,701][root][INFO] - Finished replay epoch 693/10000
[2026-05-28 04:56:18,069][root][INFO] - Finished replay epoch 694/10000
[2026-05-28 04:56:23,486][root][INFO] - Finished replay epoch 695/10000
[2026-05-28 04:56:28,840][root][INFO] - Finished replay epoch 696/10000
| pretrain       | Iter: 0 | T: 1:14:57 | BS: 3392 | Batched Update FPS: 3.2550
[2026-05-28 04:56:34,264][root][INFO] - Finished replay epoch 697/10000
[2026-05-28 04:56:39,636][root][INFO] - Finished replay epoch 698/10000
[2026-05-28 04:56:44,981][root][INFO] - Finished replay epoch 699/10000
[2026-05-28 04:56:50,347][root][INFO] - Finished replay epoch 700/10000
| pretrain       | Iter: 0 | T: 1:15:18 | BS: 3392 | Batched Update FPS: 3.1097
[2026-05-28 04:56:55,778][root][INFO] - Finished replay epoch 701/10000
[2026-05-28 04:57:01,130][root][INFO] - Finished replay epoch 702/10000
[2026-05-28 04:57:06,547][root][INFO] - Finished replay epoch 703/10000
| pretrain       | Iter: 0 | T: 1:15:38 | BS: 3392 | Batched Update FPS: 3.0905
[2026-05-28 04:57:12,024][root][INFO] - Finished replay epoch 704/10000
[2026-05-28 04:57:17,412][root][INFO] - Finished replay epoch 705/10000
[2026-05-28 04:57:22,786][root][INFO] - Finished replay epoch 706/10000
[2026-05-28 04:57:28,136][root][INFO] - Finished replay epoch 707/10000
| pretrain       | Iter: 0 | T: 1:15:59 | BS: 3392 | Batched Update FPS: 3.0634
[2026-05-28 04:57:33,612][root][INFO] - Finished replay epoch 708/10000
[2026-05-28 04:57:39,060][root][INFO] - Finished replay epoch 709/10000
[2026-05-28 04:57:44,323][root][INFO] - Finished replay epoch 710/10000
[2026-05-28 04:57:49,736][root][INFO] - Finished replay epoch 711/10000
| pretrain       | Iter: 0 | T: 1:16:20 | BS: 3392 | Batched Update FPS: 3.1996
[2026-05-28 04:57:55,150][root][INFO] - Finished replay epoch 712/10000
[2026-05-28 04:58:00,584][root][INFO] - Finished replay epoch 713/10000
[2026-05-28 04:58:05,926][root][INFO] - Finished replay epoch 714/10000
[2026-05-28 04:58:11,359][root][INFO] - Finished replay epoch 715/10000
| pretrain       | Iter: 0 | T: 1:16:41 | BS: 3392 | Batched Update FPS: 3.3469
[2026-05-28 04:58:16,741][root][INFO] - Finished replay epoch 716/10000
[2026-05-28 04:58:22,114][root][INFO] - Finished replay epoch 717/10000
[2026-05-28 04:58:27,521][root][INFO] - Finished replay epoch 718/10000
[2026-05-28 04:58:32,864][root][INFO] - Finished replay epoch 719/10000
| pretrain       | Iter: 0 | T: 1:17:01 | BS: 3392 | Batched Update FPS: 3.8310
[2026-05-28 04:58:38,385][root][INFO] - Finished replay epoch 720/10000
[2026-05-28 04:58:43,861][root][INFO] - Finished replay epoch 721/10000
[2026-05-28 04:58:49,195][root][INFO] - Finished replay epoch 722/10000
[2026-05-28 04:58:54,595][root][INFO] - Finished replay epoch 723/10000
| pretrain       | Iter: 0 | T: 1:17:22 | BS: 3392 | Batched Update FPS: 3.1584
[2026-05-28 04:59:00,074][root][INFO] - Finished replay epoch 724/10000
[2026-05-28 04:59:05,420][root][INFO] - Finished replay epoch 725/10000
[2026-05-28 04:59:10,737][root][INFO] - Finished replay epoch 726/10000
| pretrain       | Iter: 0 | T: 1:17:43 | BS: 3392 | Batched Update FPS: 3.2804
[2026-05-28 04:59:16,156][root][INFO] - Finished replay epoch 727/10000
[2026-05-28 04:59:21,528][root][INFO] - Finished replay epoch 728/10000
[2026-05-28 04:59:26,943][root][INFO] - Finished replay epoch 729/10000
[2026-05-28 04:59:32,331][root][INFO] - Finished replay epoch 730/10000
| pretrain       | Iter: 0 | T: 1:18:04 | BS: 3392 | Batched Update FPS: 5.8795
[2026-05-28 04:59:38,077][root][INFO] - Finished replay epoch 731/10000
[2026-05-28 04:59:43,527][root][INFO] - Finished replay epoch 732/10000
[2026-05-28 04:59:48,887][root][INFO] - Finished replay epoch 733/10000
[2026-05-28 04:59:54,228][root][INFO] - Finished replay epoch 734/10000
| pretrain       | Iter: 0 | T: 1:18:25 | BS: 3392 | Batched Update FPS: 3.9121
[2026-05-28 04:59:59,728][root][INFO] - Finished replay epoch 735/10000
[2026-05-28 05:00:05,139][root][INFO] - Finished replay epoch 736/10000
[2026-05-28 05:00:10,570][root][INFO] - Finished replay epoch 737/10000
[2026-05-28 05:00:15,904][root][INFO] - Finished replay epoch 738/10000
| pretrain       | Iter: 0 | T: 1:18:46 | BS: 3392 | Batched Update FPS: 3.3170
[2026-05-28 05:00:21,346][root][INFO] - Finished replay epoch 739/10000
[2026-05-28 05:00:26,728][root][INFO] - Finished replay epoch 740/10000
[2026-05-28 05:00:32,087][root][INFO] - Finished replay epoch 741/10000
[2026-05-28 05:00:37,513][root][INFO] - Finished replay epoch 742/10000
| pretrain       | Iter: 0 | T: 1:19:06 | BS: 3392 | Batched Update FPS: 3.0477
[2026-05-28 05:00:43,038][root][INFO] - Finished replay epoch 743/10000
[2026-05-28 05:00:48,418][root][INFO] - Finished replay epoch 744/10000
[2026-05-28 05:00:53,842][root][INFO] - Finished replay epoch 745/10000
[2026-05-28 05:00:59,287][root][INFO] - Finished replay epoch 746/10000
| pretrain       | Iter: 0 | T: 1:19:27 | BS: 3392 | Batched Update FPS: 3.2775
[2026-05-28 05:01:04,809][root][INFO] - Finished replay epoch 747/10000
[2026-05-28 05:01:10,221][root][INFO] - Finished replay epoch 748/10000
[2026-05-28 05:01:15,610][root][INFO] - Finished replay epoch 749/10000
[2026-05-28 05:01:20,972][root][INFO] - Finished replay epoch 750/10000
| pretrain       | Iter: 0 | T: 1:19:48 | BS: 3392 | Batched Update FPS: 3.9531
[2026-05-28 05:01:26,379][root][INFO] - Finished replay epoch 751/10000
[2026-05-28 05:01:31,751][root][INFO] - Finished replay epoch 752/10000
[2026-05-28 05:01:37,212][root][INFO] - Finished replay epoch 753/10000
| pretrain       | Iter: 0 | T: 1:20:09 | BS: 3392 | Batched Update FPS: 3.9410
[2026-05-28 05:01:42,599][root][INFO] - Finished replay epoch 754/10000
[2026-05-28 05:01:48,000][root][INFO] - Finished replay epoch 755/10000
[2026-05-28 05:01:53,344][root][INFO] - Finished replay epoch 756/10000
[2026-05-28 05:01:58,819][root][INFO] - Finished replay epoch 757/10000
| pretrain       | Iter: 0 | T: 1:20:30 | BS: 3392 | Batched Update FPS: 3.8675
[2026-05-28 05:02:04,057][root][INFO] - Finished replay epoch 758/10000
[2026-05-28 05:02:07,920][root][INFO] - Finished replay epoch 759/10000
[2026-05-28 05:02:11,852][root][INFO] - Finished replay epoch 760/10000
[2026-05-28 05:02:15,827][root][INFO] - Finished replay epoch 761/10000
| pretrain       | Iter: 0 | T: 1:20:45 | BS: 3392 | Batched Update FPS: 4.9600
[2026-05-28 05:02:19,786][root][INFO] - Finished replay epoch 762/10000
[2026-05-28 05:02:23,723][root][INFO] - Finished replay epoch 763/10000
[2026-05-28 05:02:27,640][root][INFO] - Finished replay epoch 764/10000
[2026-05-28 05:02:31,572][root][INFO] - Finished replay epoch 765/10000
| pretrain       | Iter: 0 | T: 1:21:00 | BS: 3392 | Batched Update FPS: 4.9830
[2026-05-28 05:02:35,512][root][INFO] - Finished replay epoch 766/10000
[2026-05-28 05:02:39,427][root][INFO] - Finished replay epoch 767/10000
[2026-05-28 05:02:43,322][root][INFO] - Finished replay epoch 768/10000
[2026-05-28 05:02:47,258][root][INFO] - Finished replay epoch 769/10000
| pretrain       | Iter: 0 | T: 1:21:16 | BS: 3392 | Batched Update FPS: 5.8995
wandb: WARNING `format` argument was not provided, defaulting to `gif`. This parameter will be required in v0.20.0, please specify the format explicitly.
wandb: Encoding video...
| pretrain_eval  | Iter: 0 | S: 20000 | E: 0 | L: 200 | R: 0.0000 | T: 1:23:05
[2026-05-28 05:04:45,618][root][INFO] - Finished replay epoch 770/10000
[2026-05-28 05:04:49,470][root][INFO] - Finished replay epoch 771/10000
[2026-05-28 05:04:53,401][root][INFO] - Finished replay epoch 772/10000
[2026-05-28 05:04:57,277][root][INFO] - Finished replay epoch 773/10000
| pretrain       | Iter: 0 | T: 1:23:25 | BS: 3392 | Batched Update FPS: 4.9664
[2026-05-28 05:05:01,183][root][INFO] - Finished replay epoch 774/10000
[2026-05-28 05:05:05,017][root][INFO] - Finished replay epoch 775/10000
[2026-05-28 05:05:08,880][root][INFO] - Finished replay epoch 776/10000
| pretrain       | Iter: 0 | T: 1:23:40 | BS: 3392 | Batched Update FPS: 4.8368
[2026-05-28 05:05:12,766][root][INFO] - Finished replay epoch 777/10000
[2026-05-28 05:05:16,627][root][INFO] - Finished replay epoch 778/10000
[2026-05-28 05:05:20,545][root][INFO] - Finished replay epoch 779/10000
[2026-05-28 05:05:24,417][root][INFO] - Finished replay epoch 780/10000
| pretrain       | Iter: 0 | T: 1:23:55 | BS: 3392 | Batched Update FPS: 4.9364
[2026-05-28 05:05:28,387][root][INFO] - Finished replay epoch 781/10000
[2026-05-28 05:05:32,391][root][INFO] - Finished replay epoch 782/10000
[2026-05-28 05:05:36,405][root][INFO] - Finished replay epoch 783/10000
[2026-05-28 05:05:41,832][root][INFO] - Finished replay epoch 784/10000
| pretrain       | Iter: 0 | T: 1:24:12 | BS: 3392 | Batched Update FPS: 4.0530
[2026-05-28 05:05:47,204][root][INFO] - Finished replay epoch 785/10000
[2026-05-28 05:05:52,626][root][INFO] - Finished replay epoch 786/10000
[2026-05-28 05:05:58,046][root][INFO] - Finished replay epoch 787/10000
[2026-05-28 05:06:03,400][root][INFO] - Finished replay epoch 788/10000
| pretrain       | Iter: 0 | T: 1:24:33 | BS: 3392 | Batched Update FPS: 3.1109
[2026-05-28 05:06:08,854][root][INFO] - Finished replay epoch 789/10000
[2026-05-28 05:06:14,236][root][INFO] - Finished replay epoch 790/10000
[2026-05-28 05:06:19,663][root][INFO] - Finished replay epoch 791/10000
[2026-05-28 05:06:25,121][root][INFO] - Finished replay epoch 792/10000
| pretrain       | Iter: 0 | T: 1:24:54 | BS: 3392 | Batched Update FPS: 3.9353
[2026-05-28 05:06:30,470][root][INFO] - Finished replay epoch 793/10000
[2026-05-28 05:06:35,870][root][INFO] - Finished replay epoch 794/10000
[2026-05-28 05:06:41,257][root][INFO] - Finished replay epoch 795/10000
[2026-05-28 05:06:46,590][root][INFO] - Finished replay epoch 796/10000
| pretrain       | Iter: 0 | T: 1:25:15 | BS: 3392 | Batched Update FPS: 3.0528
[2026-05-28 05:06:52,015][root][INFO] - Finished replay epoch 797/10000
[2026-05-28 05:06:57,393][root][INFO] - Finished replay epoch 798/10000
[2026-05-28 05:07:02,881][root][INFO] - Finished replay epoch 799/10000
[2026-05-28 05:07:08,307][root][INFO] - Finished replay epoch 800/10000
| pretrain       | Iter: 0 | T: 1:25:36 | BS: 3392 | Batched Update FPS: 3.6943
[2026-05-28 05:07:13,668][root][INFO] - Finished replay epoch 801/10000
[2026-05-28 05:07:19,088][root][INFO] - Finished replay epoch 802/10000
[2026-05-28 05:07:24,450][root][INFO] - Finished replay epoch 803/10000
| pretrain       | Iter: 0 | T: 1:25:56 | BS: 3392 | Batched Update FPS: 3.1634
[2026-05-28 05:07:29,917][root][INFO] - Finished replay epoch 804/10000
[2026-05-28 05:07:35,328][root][INFO] - Finished replay epoch 805/10000
[2026-05-28 05:07:40,669][root][INFO] - Finished replay epoch 806/10000
[2026-05-28 05:07:46,068][root][INFO] - Finished replay epoch 807/10000
| pretrain       | Iter: 0 | T: 1:26:17 | BS: 3392 | Batched Update FPS: 3.4317
[2026-05-28 05:07:51,843][root][INFO] - Finished replay epoch 808/10000
[2026-05-28 05:07:57,241][root][INFO] - Finished replay epoch 809/10000
[2026-05-28 05:08:02,611][root][INFO] - Finished replay epoch 810/10000
[2026-05-28 05:08:07,997][root][INFO] - Finished replay epoch 811/10000
| pretrain       | Iter: 0 | T: 1:26:38 | BS: 3392 | Batched Update FPS: 4.0586
[2026-05-28 05:08:13,413][root][INFO] - Finished replay epoch 812/10000
[2026-05-28 05:08:18,848][root][INFO] - Finished replay epoch 813/10000
[2026-05-28 05:08:24,267][root][INFO] - Finished replay epoch 814/10000
[2026-05-28 05:08:29,618][root][INFO] - Finished replay epoch 815/10000
| pretrain       | Iter: 0 | T: 1:26:59 | BS: 3392 | Batched Update FPS: 3.8947
[2026-05-28 05:08:35,043][root][INFO] - Finished replay epoch 816/10000
[2026-05-28 05:08:40,377][root][INFO] - Finished replay epoch 817/10000
[2026-05-28 05:08:45,750][root][INFO] - Finished replay epoch 818/10000
[2026-05-28 05:08:51,213][root][INFO] - Finished replay epoch 819/10000
| pretrain       | Iter: 0 | T: 1:27:20 | BS: 3392 | Batched Update FPS: 3.1741
[2026-05-28 05:08:56,598][root][INFO] - Finished replay epoch 820/10000
[2026-05-28 05:09:02,011][root][INFO] - Finished replay epoch 821/10000
[2026-05-28 05:09:07,382][root][INFO] - Finished replay epoch 822/10000
[2026-05-28 05:09:12,786][root][INFO] - Finished replay epoch 823/10000
| pretrain       | Iter: 0 | T: 1:27:40 | BS: 3392 | Batched Update FPS: 4.3552
[2026-05-28 05:09:18,179][root][INFO] - Finished replay epoch 824/10000
[2026-05-28 05:09:23,598][root][INFO] - Finished replay epoch 825/10000
[2026-05-28 05:09:28,953][root][INFO] - Finished replay epoch 826/10000
| pretrain       | Iter: 0 | T: 1:28:01 | BS: 3392 | Batched Update FPS: 3.9744
[2026-05-28 05:09:34,381][root][INFO] - Finished replay epoch 827/10000
[2026-05-28 05:09:39,713][root][INFO] - Finished replay epoch 828/10000
[2026-05-28 05:09:45,178][root][INFO] - Finished replay epoch 829/10000
[2026-05-28 05:09:50,471][root][INFO] - Finished replay epoch 830/10000
| pretrain       | Iter: 0 | T: 1:28:22 | BS: 3392 | Batched Update FPS: 3.0589
[2026-05-28 05:09:55,924][root][INFO] - Finished replay epoch 831/10000
[2026-05-28 05:10:01,372][root][INFO] - Finished replay epoch 832/10000
[2026-05-28 05:10:06,819][root][INFO] - Finished replay epoch 833/10000
[2026-05-28 05:10:12,273][root][INFO] - Finished replay epoch 834/10000
| pretrain       | Iter: 0 | T: 1:28:43 | BS: 3392 | Batched Update FPS: 3.5688
[2026-05-28 05:10:17,686][root][INFO] - Finished replay epoch 835/10000
[2026-05-28 05:10:23,058][root][INFO] - Finished replay epoch 836/10000
[2026-05-28 05:10:28,468][root][INFO] - Finished replay epoch 837/10000
[2026-05-28 05:10:33,847][root][INFO] - Finished replay epoch 838/10000
| pretrain       | Iter: 0 | T: 1:29:04 | BS: 3392 | Batched Update FPS: 3.4360
[2026-05-28 05:10:39,223][root][INFO] - Finished replay epoch 839/10000
[2026-05-28 05:10:44,638][root][INFO] - Finished replay epoch 840/10000
[2026-05-28 05:10:50,019][root][INFO] - Finished replay epoch 841/10000
[2026-05-28 05:10:55,451][root][INFO] - Finished replay epoch 842/10000
| pretrain       | Iter: 0 | T: 1:29:24 | BS: 3392 | Batched Update FPS: 3.2215
[2026-05-28 05:11:00,939][root][INFO] - Finished replay epoch 843/10000
[2026-05-28 05:11:06,292][root][INFO] - Finished replay epoch 844/10000
[2026-05-28 05:11:11,602][root][INFO] - Finished replay epoch 845/10000
[2026-05-28 05:11:16,892][root][INFO] - Finished replay epoch 846/10000
| pretrain       | Iter: 0 | T: 1:29:45 | BS: 3392 | Batched Update FPS: 6.0582
[2026-05-28 05:11:22,514][root][INFO] - Finished replay epoch 847/10000
[2026-05-28 05:11:27,897][root][INFO] - Finished replay epoch 848/10000
[2026-05-28 05:11:33,388][root][INFO] - Finished replay epoch 849/10000
[2026-05-28 05:11:38,737][root][INFO] - Finished replay epoch 850/10000
| pretrain       | Iter: 0 | T: 1:30:06 | BS: 3392 | Batched Update FPS: 4.1762
[2026-05-28 05:11:44,115][root][INFO] - Finished replay epoch 851/10000
[2026-05-28 05:11:49,499][root][INFO] - Finished replay epoch 852/10000
[2026-05-28 05:11:54,869][root][INFO] - Finished replay epoch 853/10000
| pretrain       | Iter: 0 | T: 1:30:27 | BS: 3392 | Batched Update FPS: 3.1197
[2026-05-28 05:12:00,349][root][INFO] - Finished replay epoch 854/10000
[2026-05-28 05:12:05,812][root][INFO] - Finished replay epoch 855/10000
[2026-05-28 05:12:11,265][root][INFO] - Finished replay epoch 856/10000
[2026-05-28 05:12:15,999][root][INFO] - Finished replay epoch 857/10000
| pretrain       | Iter: 0 | T: 1:30:47 | BS: 3392 | Batched Update FPS: 4.0677
[2026-05-28 05:12:21,474][root][INFO] - Finished replay epoch 858/10000
[2026-05-28 05:12:27,105][root][INFO] - Finished replay epoch 859/10000
[2026-05-28 05:12:32,511][root][INFO] - Finished replay epoch 860/10000
[2026-05-28 05:12:37,843][root][INFO] - Finished replay epoch 861/10000
| pretrain       | Iter: 0 | T: 1:31:08 | BS: 3392 | Batched Update FPS: 3.0401
[2026-05-28 05:12:43,302][root][INFO] - Finished replay epoch 862/10000
[2026-05-28 05:12:48,740][root][INFO] - Finished replay epoch 863/10000
[2026-05-28 05:12:54,227][root][INFO] - Finished replay epoch 864/10000
[2026-05-28 05:12:59,613][root][INFO] - Finished replay epoch 865/10000
| pretrain       | Iter: 0 | T: 1:31:29 | BS: 3392 | Batched Update FPS: 3.3514
wandb: WARNING `format` argument was not provided, defaulting to `gif`. This parameter will be required in v0.20.0, please specify the format explicitly.
wandb: Encoding video...
| pretrain_eval  | Iter: 0 | S: 22500 | E: 0 | L: 200 | R: 0.0000 | T: 1:34:00
[2026-05-28 05:15:41,270][root][INFO] - Finished replay epoch 866/10000
[2026-05-28 05:15:46,746][root][INFO] - Finished replay epoch 867/10000
[2026-05-28 05:15:52,100][root][INFO] - Finished replay epoch 868/10000
[2026-05-28 05:15:57,538][root][INFO] - Finished replay epoch 869/10000
| pretrain       | Iter: 0 | T: 1:34:26 | BS: 3392 | Batched Update FPS: 3.9237
[2026-05-28 05:16:02,961][root][INFO] - Finished replay epoch 870/10000
[2026-05-28 05:16:08,398][root][INFO] - Finished replay epoch 871/10000
[2026-05-28 05:16:13,773][root][INFO] - Finished replay epoch 872/10000
[2026-05-28 05:16:19,149][root][INFO] - Finished replay epoch 873/10000
| pretrain       | Iter: 0 | T: 1:34:47 | BS: 3392 | Batched Update FPS: 4.0444
[2026-05-28 05:16:24,621][root][INFO] - Finished replay epoch 874/10000
[2026-05-28 05:16:29,986][root][INFO] - Finished replay epoch 875/10000
[2026-05-28 05:16:35,346][root][INFO] - Finished replay epoch 876/10000
| pretrain       | Iter: 0 | T: 1:35:08 | BS: 3392 | Batched Update FPS: 3.1547
[2026-05-28 05:16:40,781][root][INFO] - Finished replay epoch 877/10000
[2026-05-28 05:16:46,193][root][INFO] - Finished replay epoch 878/10000
[2026-05-28 05:16:51,660][root][INFO] - Finished replay epoch 879/10000
[2026-05-28 05:16:57,033][root][INFO] - Finished replay epoch 880/10000
| pretrain       | Iter: 0 | T: 1:35:28 | BS: 3392 | Batched Update FPS: 4.0822
[2026-05-28 05:17:02,530][root][INFO] - Finished replay epoch 881/10000
[2026-05-28 05:17:07,864][root][INFO] - Finished replay epoch 882/10000
[2026-05-28 05:17:13,310][root][INFO] - Finished replay epoch 883/10000
[2026-05-28 05:17:18,760][root][INFO] - Finished replay epoch 884/10000
| pretrain       | Iter: 0 | T: 1:35:49 | BS: 3392 | Batched Update FPS: 5.8409
[2026-05-28 05:17:24,401][root][INFO] - Finished replay epoch 885/10000
[2026-05-28 05:17:29,865][root][INFO] - Finished replay epoch 886/10000
[2026-05-28 05:17:35,268][root][INFO] - Finished replay epoch 887/10000
[2026-05-28 05:17:40,723][root][INFO] - Finished replay epoch 888/10000
| pretrain       | Iter: 0 | T: 1:36:10 | BS: 3392 | Batched Update FPS: 3.0347
[2026-05-28 05:17:46,141][root][INFO] - Finished replay epoch 889/10000
[2026-05-28 05:17:51,549][root][INFO] - Finished replay epoch 890/10000
[2026-05-28 05:17:56,931][root][INFO] - Finished replay epoch 891/10000
[2026-05-28 05:18:02,421][root][INFO] - Finished replay epoch 892/10000
| pretrain       | Iter: 0 | T: 1:36:31 | BS: 3392 | Batched Update FPS: 3.9975
[2026-05-28 05:18:07,891][root][INFO] - Finished replay epoch 893/10000
[2026-05-28 05:18:13,228][root][INFO] - Finished replay epoch 894/10000
[2026-05-28 05:18:18,596][root][INFO] - Finished replay epoch 895/10000
[2026-05-28 05:18:24,020][root][INFO] - Finished replay epoch 896/10000
| pretrain       | Iter: 0 | T: 1:36:52 | BS: 3392 | Batched Update FPS: 4.1932
[2026-05-28 05:18:29,457][root][INFO] - Finished replay epoch 897/10000
[2026-05-28 05:18:34,821][root][INFO] - Finished replay epoch 898/10000
[2026-05-28 05:18:40,391][root][INFO] - Finished replay epoch 899/10000
[2026-05-28 05:18:45,772][root][INFO] - Finished replay epoch 900/10000
| pretrain       | Iter: 0 | T: 1:37:13 | BS: 3392 | Batched Update FPS: 4.4571
[2026-05-28 05:18:51,159][root][INFO] - Finished replay epoch 901/10000
[2026-05-28 05:18:56,583][root][INFO] - Finished replay epoch 902/10000
[2026-05-28 05:19:01,958][root][INFO] - Finished replay epoch 903/10000
| pretrain       | Iter: 0 | T: 1:37:34 | BS: 3392 | Batched Update FPS: 3.2593
[2026-05-28 05:19:07,358][root][INFO] - Finished replay epoch 904/10000
[2026-05-28 05:19:12,181][root][INFO] - Finished replay epoch 905/10000
[2026-05-28 05:19:17,561][root][INFO] - Finished replay epoch 906/10000
[2026-05-28 05:19:22,976][root][INFO] - Finished replay epoch 907/10000
| pretrain       | Iter: 0 | T: 1:37:54 | BS: 3392 | Batched Update FPS: 2.9987
[2026-05-28 05:19:28,428][root][INFO] - Finished replay epoch 908/10000
[2026-05-28 05:19:33,804][root][INFO] - Finished replay epoch 909/10000
[2026-05-28 05:19:39,208][root][INFO] - Finished replay epoch 910/10000
[2026-05-28 05:19:44,656][root][INFO] - Finished replay epoch 911/10000
| pretrain       | Iter: 0 | T: 1:38:15 | BS: 3392 | Batched Update FPS: 3.1089
[2026-05-28 05:19:50,091][root][INFO] - Finished replay epoch 912/10000
[2026-05-28 05:19:55,479][root][INFO] - Finished replay epoch 913/10000
[2026-05-28 05:20:00,860][root][INFO] - Finished replay epoch 914/10000
[2026-05-28 05:20:06,313][root][INFO] - Finished replay epoch 915/10000
| pretrain       | Iter: 0 | T: 1:38:36 | BS: 3392 | Batched Update FPS: 3.3637
[2026-05-28 05:20:11,704][root][INFO] - Finished replay epoch 916/10000
[2026-05-28 05:20:17,106][root][INFO] - Finished replay epoch 917/10000
[2026-05-28 05:20:22,554][root][INFO] - Finished replay epoch 918/10000
[2026-05-28 05:20:27,916][root][INFO] - Finished replay epoch 919/10000
| pretrain       | Iter: 0 | T: 1:38:56 | BS: 3392 | Batched Update FPS: 3.9938
[2026-05-28 05:20:33,394][root][INFO] - Finished replay epoch 920/10000
[2026-05-28 05:20:38,737][root][INFO] - Finished replay epoch 921/10000
[2026-05-28 05:20:44,201][root][INFO] - Finished replay epoch 922/10000
[2026-05-28 05:20:49,598][root][INFO] - Finished replay epoch 923/10000
| pretrain       | Iter: 0 | T: 1:39:17 | BS: 3392 | Batched Update FPS: 6.2791
[2026-05-28 05:20:55,217][root][INFO] - Finished replay epoch 924/10000
[2026-05-28 05:21:00,688][root][INFO] - Finished replay epoch 925/10000
[2026-05-28 05:21:06,085][root][INFO] - Finished replay epoch 926/10000
| pretrain       | Iter: 0 | T: 1:39:38 | BS: 3392 | Batched Update FPS: 3.1036
[2026-05-28 05:21:11,495][root][INFO] - Finished replay epoch 927/10000
[2026-05-28 05:21:16,917][root][INFO] - Finished replay epoch 928/10000
[2026-05-28 05:21:22,347][root][INFO] - Finished replay epoch 929/10000
[2026-05-28 05:21:27,745][root][INFO] - Finished replay epoch 930/10000
| pretrain       | Iter: 0 | T: 1:39:59 | BS: 3392 | Batched Update FPS: 3.5205
[2026-05-28 05:21:33,119][root][INFO] - Finished replay epoch 931/10000
[2026-05-28 05:21:38,492][root][INFO] - Finished replay epoch 932/10000
[2026-05-28 05:21:43,913][root][INFO] - Finished replay epoch 933/10000
[2026-05-28 05:21:49,349][root][INFO] - Finished replay epoch 934/10000
| pretrain       | Iter: 0 | T: 1:40:20 | BS: 3392 | Batched Update FPS: 4.3405
[2026-05-28 05:21:54,669][root][INFO] - Finished replay epoch 935/10000
[2026-05-28 05:22:00,110][root][INFO] - Finished replay epoch 936/10000
[2026-05-28 05:22:05,484][root][INFO] - Finished replay epoch 937/10000
[2026-05-28 05:22:10,857][root][INFO] - Finished replay epoch 938/10000
| pretrain       | Iter: 0 | T: 1:40:41 | BS: 3392 | Batched Update FPS: 3.1206
[2026-05-28 05:22:16,286][root][INFO] - Finished replay epoch 939/10000
[2026-05-28 05:22:21,677][root][INFO] - Finished replay epoch 940/10000
[2026-05-28 05:22:27,050][root][INFO] - Finished replay epoch 941/10000
[2026-05-28 05:22:32,391][root][INFO] - Finished replay epoch 942/10000
| pretrain       | Iter: 0 | T: 1:41:01 | BS: 3392 | Batched Update FPS: 4.2795
[2026-05-28 05:22:37,735][root][INFO] - Finished replay epoch 943/10000
[2026-05-28 05:22:43,059][root][INFO] - Finished replay epoch 944/10000
[2026-05-28 05:22:48,449][root][INFO] - Finished replay epoch 945/10000
[2026-05-28 05:22:53,813][root][INFO] - Finished replay epoch 946/10000
| pretrain       | Iter: 0 | T: 1:41:22 | BS: 3392 | Batched Update FPS: 3.0927
[2026-05-28 05:22:59,260][root][INFO] - Finished replay epoch 947/10000
[2026-05-28 05:23:04,642][root][INFO] - Finished replay epoch 948/10000
[2026-05-28 05:23:09,969][root][INFO] - Finished replay epoch 949/10000
[2026-05-28 05:23:15,403][root][INFO] - Finished replay epoch 950/10000
| pretrain       | Iter: 0 | T: 1:41:43 | BS: 3392 | Batched Update FPS: 3.0867
[2026-05-28 05:23:20,897][root][INFO] - Finished replay epoch 951/10000
[2026-05-28 05:23:26,317][root][INFO] - Finished replay epoch 952/10000
[2026-05-28 05:23:31,599][root][INFO] - Finished replay epoch 953/10000
| pretrain       | Iter: 0 | T: 1:42:03 | BS: 3392 | Batched Update FPS: 3.0649
[2026-05-28 05:23:37,050][root][INFO] - Finished replay epoch 954/10000
[2026-05-28 05:23:42,493][root][INFO] - Finished replay epoch 955/10000
[2026-05-28 05:23:47,760][root][INFO] - Finished replay epoch 956/10000
[2026-05-28 05:23:53,151][root][INFO] - Finished replay epoch 957/10000
| pretrain       | Iter: 0 | T: 1:42:24 | BS: 3392 | Batched Update FPS: 3.0840
[2026-05-28 05:23:58,596][root][INFO] - Finished replay epoch 958/10000
[2026-05-28 05:24:04,108][root][INFO] - Finished replay epoch 959/10000
[2026-05-28 05:24:09,440][root][INFO] - Finished replay epoch 960/10000
[2026-05-28 05:24:14,816][root][INFO] - Finished replay epoch 961/10000
| pretrain       | Iter: 0 | T: 1:42:45 | BS: 3392 | Batched Update FPS: 3.6840
wandb: WARNING `format` argument was not provided, defaulting to `gif`. This parameter will be required in v0.20.0, please specify the format explicitly.
wandb: Encoding video...
| pretrain_eval  | Iter: 0 | S: 25000 | E: 0 | L: 200 | R: 0.0000 | T: 1:45:07
[2026-05-28 05:26:46,283][root][INFO] - Finished replay epoch 962/10000
[2026-05-28 05:26:50,269][root][INFO] - Finished replay epoch 963/10000
[2026-05-28 05:26:54,231][root][INFO] - Finished replay epoch 964/10000
[2026-05-28 05:26:58,174][root][INFO] - Finished replay epoch 965/10000
| pretrain       | Iter: 0 | T: 1:45:27 | BS: 3392 | Batched Update FPS: 4.9344
[2026-05-28 05:27:02,171][root][INFO] - Finished replay epoch 966/10000
[2026-05-28 05:27:06,147][root][INFO] - Finished replay epoch 967/10000
[2026-05-28 05:27:10,174][root][INFO] - Finished replay epoch 968/10000
[2026-05-28 05:27:14,111][root][INFO] - Finished replay epoch 969/10000
| pretrain       | Iter: 0 | T: 1:45:42 | BS: 3392 | Batched Update FPS: 4.8882
[2026-05-28 05:27:18,082][root][INFO] - Finished replay epoch 970/10000
[2026-05-28 05:27:21,979][root][INFO] - Finished replay epoch 971/10000
[2026-05-28 05:27:25,933][root][INFO] - Finished replay epoch 972/10000
[2026-05-28 05:27:29,871][root][INFO] - Finished replay epoch 973/10000
| pretrain       | Iter: 0 | T: 1:45:57 | BS: 3392 | Batched Update FPS: 4.9396
[2026-05-28 05:27:33,874][root][INFO] - Finished replay epoch 974/10000
[2026-05-28 05:27:37,827][root][INFO] - Finished replay epoch 975/10000
[2026-05-28 05:27:41,787][root][INFO] - Finished replay epoch 976/10000
| pretrain       | Iter: 0 | T: 1:46:13 | BS: 3392 | Batched Update FPS: 4.9445
[2026-05-28 05:27:45,791][root][INFO] - Finished replay epoch 977/10000
[2026-05-28 05:27:49,758][root][INFO] - Finished replay epoch 978/10000
[2026-05-28 05:27:53,716][root][INFO] - Finished replay epoch 979/10000
[2026-05-28 05:27:57,704][root][INFO] - Finished replay epoch 980/10000
| pretrain       | Iter: 0 | T: 1:46:28 | BS: 3392 | Batched Update FPS: 4.9155
[2026-05-28 05:28:01,688][root][INFO] - Finished replay epoch 981/10000
[2026-05-28 05:28:05,575][root][INFO] - Finished replay epoch 982/10000
[2026-05-28 05:28:09,534][root][INFO] - Finished replay epoch 983/10000
[2026-05-28 05:28:13,483][root][INFO] - Finished replay epoch 984/10000
| pretrain       | Iter: 0 | T: 1:46:43 | BS: 3392 | Batched Update FPS: 4.9909
[2026-05-28 05:28:17,424][root][INFO] - Finished replay epoch 985/10000
[2026-05-28 05:28:21,378][root][INFO] - Finished replay epoch 986/10000
[2026-05-28 05:28:25,280][root][INFO] - Finished replay epoch 987/10000
[2026-05-28 05:28:29,206][root][INFO] - Finished replay epoch 988/10000
| pretrain       | Iter: 0 | T: 1:46:58 | BS: 3392 | Batched Update FPS: 4.8637
[2026-05-28 05:28:33,186][root][INFO] - Finished replay epoch 989/10000
[2026-05-28 05:28:37,157][root][INFO] - Finished replay epoch 990/10000
[2026-05-28 05:28:41,088][root][INFO] - Finished replay epoch 991/10000
[2026-05-28 05:28:45,046][root][INFO] - Finished replay epoch 992/10000
| pretrain       | Iter: 0 | T: 1:47:13 | BS: 3392 | Batched Update FPS: 4.9791
[2026-05-28 05:28:49,002][root][INFO] - Finished replay epoch 993/10000
[2026-05-28 05:28:53,148][root][INFO] - Finished replay epoch 994/10000
[2026-05-28 05:28:57,106][root][INFO] - Finished replay epoch 995/10000
[2026-05-28 05:29:01,079][root][INFO] - Finished replay epoch 996/10000
| pretrain       | Iter: 0 | T: 1:47:29 | BS: 3392 | Batched Update FPS: 4.8648
[2026-05-28 05:29:05,049][root][INFO] - Finished replay epoch 997/10000
[2026-05-28 05:29:08,995][root][INFO] - Finished replay epoch 998/10000
[2026-05-28 05:29:13,020][root][INFO] - Finished replay epoch 999/10000
[2026-05-28 05:29:17,218][root][INFO] - Finished replay epoch 1000/10000
| pretrain       | Iter: 0 | T: 1:47:44 | BS: 3392 | Batched Update FPS: 5.5622
[2026-05-28 05:29:21,167][root][INFO] - Finished replay epoch 1001/10000
[2026-05-28 05:29:25,145][root][INFO] - Finished replay epoch 1002/10000
[2026-05-28 05:29:29,108][root][INFO] - Finished replay epoch 1003/10000
| pretrain       | Iter: 0 | T: 1:48:00 | BS: 3392 | Batched Update FPS: 4.9368
[2026-05-28 05:29:33,049][root][INFO] - Finished replay epoch 1004/10000
[2026-05-28 05:29:36,968][root][INFO] - Finished replay epoch 1005/10000
[2026-05-28 05:29:40,893][root][INFO] - Finished replay epoch 1006/10000
[2026-05-28 05:29:44,835][root][INFO] - Finished replay epoch 1007/10000
| pretrain       | Iter: 0 | T: 1:48:15 | BS: 3392 | Batched Update FPS: 4.7425
[2026-05-28 05:29:48,886][root][INFO] - Finished replay epoch 1008/10000
[2026-05-28 05:29:52,813][root][INFO] - Finished replay epoch 1009/10000
[2026-05-28 05:29:56,785][root][INFO] - Finished replay epoch 1010/10000
[2026-05-28 05:30:00,742][root][INFO] - Finished replay epoch 1011/10000
| pretrain       | Iter: 0 | T: 1:48:30 | BS: 3392 | Batched Update FPS: 4.9503
[2026-05-28 05:30:04,805][root][INFO] - Finished replay epoch 1012/10000
[2026-05-28 05:30:08,711][root][INFO] - Finished replay epoch 1013/10000
[2026-05-28 05:30:12,623][root][INFO] - Finished replay epoch 1014/10000
[2026-05-28 05:30:16,524][root][INFO] - Finished replay epoch 1015/10000
| pretrain       | Iter: 0 | T: 1:48:45 | BS: 3392 | Batched Update FPS: 4.8895
[2026-05-28 05:30:20,483][root][INFO] - Finished replay epoch 1016/10000
[2026-05-28 05:30:24,413][root][INFO] - Finished replay epoch 1017/10000
[2026-05-28 05:30:28,342][root][INFO] - Finished replay epoch 1018/10000
[2026-05-28 05:30:32,262][root][INFO] - Finished replay epoch 1019/10000
| pretrain       | Iter: 0 | T: 1:49:00 | BS: 3392 | Batched Update FPS: 5.4559
[2026-05-28 05:30:36,908][root][INFO] - Finished replay epoch 1020/10000
[2026-05-28 05:30:42,261][root][INFO] - Finished replay epoch 1021/10000
[2026-05-28 05:30:47,670][root][INFO] - Finished replay epoch 1022/10000
[2026-05-28 05:30:53,094][root][INFO] - Finished replay epoch 1023/10000
| pretrain       | Iter: 0 | T: 1:49:21 | BS: 3392 | Batched Update FPS: 4.4547
[2026-05-28 05:30:58,535][root][INFO] - Finished replay epoch 1024/10000
[2026-05-28 05:31:03,962][root][INFO] - Finished replay epoch 1025/10000
[2026-05-28 05:31:09,416][root][INFO] - Finished replay epoch 1026/10000
| pretrain       | Iter: 0 | T: 1:49:42 | BS: 3392 | Batched Update FPS: 3.3640
[2026-05-28 05:31:14,884][root][INFO] - Finished replay epoch 1027/10000
[2026-05-28 05:31:20,376][root][INFO] - Finished replay epoch 1028/10000
[2026-05-28 05:31:25,782][root][INFO] - Finished replay epoch 1029/10000
[2026-05-28 05:31:31,169][root][INFO] - Finished replay epoch 1030/10000
| pretrain       | Iter: 0 | T: 1:50:03 | BS: 3392 | Batched Update FPS: 4.2542
[2026-05-28 05:31:36,583][root][INFO] - Finished replay epoch 1031/10000
[2026-05-28 05:31:42,072][root][INFO] - Finished replay epoch 1032/10000
[2026-05-28 05:31:47,442][root][INFO] - Finished replay epoch 1033/10000
[2026-05-28 05:31:52,860][root][INFO] - Finished replay epoch 1034/10000
| pretrain       | Iter: 0 | T: 1:50:23 | BS: 3392 | Batched Update FPS: 3.9074
[2026-05-28 05:31:58,379][root][INFO] - Finished replay epoch 1035/10000
[2026-05-28 05:32:03,789][root][INFO] - Finished replay epoch 1036/10000
[2026-05-28 05:32:09,225][root][INFO] - Finished replay epoch 1037/10000
[2026-05-28 05:32:14,536][root][INFO] - Finished replay epoch 1038/10000
| pretrain       | Iter: 0 | T: 1:50:44 | BS: 3392 | Batched Update FPS: 6.0618
[2026-05-28 05:32:20,177][root][INFO] - Finished replay epoch 1039/10000
[2026-05-28 05:32:25,551][root][INFO] - Finished replay epoch 1040/10000
[2026-05-28 05:32:31,020][root][INFO] - Finished replay epoch 1041/10000
[2026-05-28 05:32:36,543][root][INFO] - Finished replay epoch 1042/10000
| pretrain       | Iter: 0 | T: 1:51:05 | BS: 3392 | Batched Update FPS: 3.1137
[2026-05-28 05:32:42,033][root][INFO] - Finished replay epoch 1043/10000
[2026-05-28 05:32:47,461][root][INFO] - Finished replay epoch 1044/10000
[2026-05-28 05:32:52,867][root][INFO] - Finished replay epoch 1045/10000
[2026-05-28 05:32:58,246][root][INFO] - Finished replay epoch 1046/10000
| pretrain       | Iter: 0 | T: 1:51:26 | BS: 3392 | Batched Update FPS: 4.0418
[2026-05-28 05:33:03,639][root][INFO] - Finished replay epoch 1047/10000
[2026-05-28 05:33:08,997][root][INFO] - Finished replay epoch 1048/10000
[2026-05-28 05:33:14,444][root][INFO] - Finished replay epoch 1049/10000
[2026-05-28 05:33:19,861][root][INFO] - Finished replay epoch 1050/10000
| pretrain       | Iter: 0 | T: 1:51:47 | BS: 3392 | Batched Update FPS: 3.3348
[2026-05-28 05:33:25,264][root][INFO] - Finished replay epoch 1051/10000
[2026-05-28 05:33:30,710][root][INFO] - Finished replay epoch 1052/10000
[2026-05-28 05:33:36,140][root][INFO] - Finished replay epoch 1053/10000
| pretrain       | Iter: 0 | T: 1:52:08 | BS: 3392 | Batched Update FPS: 3.2063
[2026-05-28 05:33:41,606][root][INFO] - Finished replay epoch 1054/10000
[2026-05-28 05:33:46,984][root][INFO] - Finished replay epoch 1055/10000
[2026-05-28 05:33:52,614][root][INFO] - Finished replay epoch 1056/10000
[2026-05-28 05:33:57,913][root][INFO] - Finished replay epoch 1057/10000
| pretrain       | Iter: 0 | T: 1:52:29 | BS: 3392 | Batched Update FPS: 4.6473
wandb: WARNING `format` argument was not provided, defaulting to `gif`. This parameter will be required in v0.20.0, please specify the format explicitly.
wandb: Encoding video...
| pretrain_eval  | Iter: 0 | S: 27500 | E: 0 | L: 200 | R: 0.0000 | T: 1:54:57
[2026-05-28 05:36:36,731][root][INFO] - Finished replay epoch 1058/10000
[2026-05-28 05:36:42,096][root][INFO] - Finished replay epoch 1059/10000
[2026-05-28 05:36:47,472][root][INFO] - Finished replay epoch 1060/10000
[2026-05-28 05:36:52,912][root][INFO] - Finished replay epoch 1061/10000
| pretrain       | Iter: 0 | T: 1:55:23 | BS: 3392 | Batched Update FPS: 3.4399
[2026-05-28 05:36:58,372][root][INFO] - Finished replay epoch 1062/10000
[2026-05-28 05:37:03,712][root][INFO] - Finished replay epoch 1063/10000
[2026-05-28 05:37:09,044][root][INFO] - Finished replay epoch 1064/10000
[2026-05-28 05:37:14,387][root][INFO] - Finished replay epoch 1065/10000
| pretrain       | Iter: 0 | T: 1:55:44 | BS: 3392 | Batched Update FPS: 3.1363
[2026-05-28 05:37:19,796][root][INFO] - Finished replay epoch 1066/10000
[2026-05-28 05:37:25,148][root][INFO] - Finished replay epoch 1067/10000
[2026-05-28 05:37:30,577][root][INFO] - Finished replay epoch 1068/10000
[2026-05-28 05:37:35,295][root][INFO] - Finished replay epoch 1069/10000
| pretrain       | Iter: 0 | T: 1:56:04 | BS: 3392 | Batched Update FPS: 4.2270
[2026-05-28 05:37:40,722][root][INFO] - Finished replay epoch 1070/10000
[2026-05-28 05:37:46,084][root][INFO] - Finished replay epoch 1071/10000
[2026-05-28 05:37:51,483][root][INFO] - Finished replay epoch 1072/10000
[2026-05-28 05:37:56,905][root][INFO] - Finished replay epoch 1073/10000
| pretrain       | Iter: 0 | T: 1:56:25 | BS: 3392 | Batched Update FPS: 3.0150
[2026-05-28 05:38:02,366][root][INFO] - Finished replay epoch 1074/10000
[2026-05-28 05:38:07,769][root][INFO] - Finished replay epoch 1075/10000
[2026-05-28 05:38:13,154][root][INFO] - Finished replay epoch 1076/10000
| pretrain       | Iter: 0 | T: 1:56:46 | BS: 3392 | Batched Update FPS: 6.1555
[2026-05-28 05:38:18,750][root][INFO] - Finished replay epoch 1077/10000
[2026-05-28 05:38:24,093][root][INFO] - Finished replay epoch 1078/10000
[2026-05-28 05:38:29,449][root][INFO] - Finished replay epoch 1079/10000
[2026-05-28 05:38:34,783][root][INFO] - Finished replay epoch 1080/10000
| pretrain       | Iter: 0 | T: 1:57:06 | BS: 3392 | Batched Update FPS: 3.3428
[2026-05-28 05:38:40,211][root][INFO] - Finished replay epoch 1081/10000
[2026-05-28 05:38:45,640][root][INFO] - Finished replay epoch 1082/10000
[2026-05-28 05:38:51,040][root][INFO] - Finished replay epoch 1083/10000
[2026-05-28 05:38:56,441][root][INFO] - Finished replay epoch 1084/10000
| pretrain       | Iter: 0 | T: 1:57:27 | BS: 3392 | Batched Update FPS: 3.0984
[2026-05-28 05:39:01,845][root][INFO] - Finished replay epoch 1085/10000
[2026-05-28 05:39:07,221][root][INFO] - Finished replay epoch 1086/10000
[2026-05-28 05:39:12,625][root][INFO] - Finished replay epoch 1087/10000
[2026-05-28 05:39:18,129][root][INFO] - Finished replay epoch 1088/10000
| pretrain       | Iter: 0 | T: 1:57:48 | BS: 3392 | Batched Update FPS: 3.3784
[2026-05-28 05:39:23,642][root][INFO] - Finished replay epoch 1089/10000
[2026-05-28 05:39:28,932][root][INFO] - Finished replay epoch 1090/10000
[2026-05-28 05:39:34,383][root][INFO] - Finished replay epoch 1091/10000
[2026-05-28 05:39:39,805][root][INFO] - Finished replay epoch 1092/10000
| pretrain       | Iter: 0 | T: 1:58:09 | BS: 3392 | Batched Update FPS: 3.8707
[2026-05-28 05:39:45,293][root][INFO] - Finished replay epoch 1093/10000
[2026-05-28 05:39:50,585][root][INFO] - Finished replay epoch 1094/10000
[2026-05-28 05:39:55,983][root][INFO] - Finished replay epoch 1095/10000
[2026-05-28 05:40:01,345][root][INFO] - Finished replay epoch 1096/10000
| pretrain       | Iter: 0 | T: 1:58:29 | BS: 3392 | Batched Update FPS: 3.0415
[2026-05-28 05:40:06,712][root][INFO] - Finished replay epoch 1097/10000
[2026-05-28 05:40:12,041][root][INFO] - Finished replay epoch 1098/10000
[2026-05-28 05:40:17,408][root][INFO] - Finished replay epoch 1099/10000
[2026-05-28 05:40:22,801][root][INFO] - Finished replay epoch 1100/10000
| pretrain       | Iter: 0 | T: 1:58:50 | BS: 3392 | Batched Update FPS: 3.5346
[2026-05-28 05:40:28,151][root][INFO] - Finished replay epoch 1101/10000
[2026-05-28 05:40:33,494][root][INFO] - Finished replay epoch 1102/10000
[2026-05-28 05:40:38,915][root][INFO] - Finished replay epoch 1103/10000
| pretrain       | Iter: 0 | T: 1:59:11 | BS: 3392 | Batched Update FPS: 3.9202
[2026-05-28 05:40:44,283][root][INFO] - Finished replay epoch 1104/10000
[2026-05-28 05:40:49,680][root][INFO] - Finished replay epoch 1105/10000
[2026-05-28 05:40:55,107][root][INFO] - Finished replay epoch 1106/10000
[2026-05-28 05:41:00,458][root][INFO] - Finished replay epoch 1107/10000
| pretrain       | Iter: 0 | T: 1:59:31 | BS: 3392 | Batched Update FPS: 3.9360
[2026-05-28 05:41:05,871][root][INFO] - Finished replay epoch 1108/10000
[2026-05-28 05:41:11,294][root][INFO] - Finished replay epoch 1109/10000
[2026-05-28 05:41:16,559][root][INFO] - Finished replay epoch 1110/10000
[2026-05-28 05:41:21,939][root][INFO] - Finished replay epoch 1111/10000
| pretrain       | Iter: 0 | T: 1:59:52 | BS: 3392 | Batched Update FPS: 3.2131
[2026-05-28 05:41:27,408][root][INFO] - Finished replay epoch 1112/10000
[2026-05-28 05:41:32,790][root][INFO] - Finished replay epoch 1113/10000
[2026-05-28 05:41:38,202][root][INFO] - Finished replay epoch 1114/10000
[2026-05-28 05:41:43,612][root][INFO] - Finished replay epoch 1115/10000
| pretrain       | Iter: 0 | T: 2:00:13 | BS: 3392 | Batched Update FPS: 4.1521
[2026-05-28 05:41:49,275][root][INFO] - Finished replay epoch 1116/10000
[2026-05-28 05:41:54,613][root][INFO] - Finished replay epoch 1117/10000
[2026-05-28 05:41:59,933][root][INFO] - Finished replay epoch 1118/10000
[2026-05-28 05:42:05,326][root][INFO] - Finished replay epoch 1119/10000
| pretrain       | Iter: 0 | T: 2:00:34 | BS: 3392 | Batched Update FPS: 3.9463
[2026-05-28 05:42:10,769][root][INFO] - Finished replay epoch 1120/10000
[2026-05-28 05:42:16,164][root][INFO] - Finished replay epoch 1121/10000
[2026-05-28 05:42:21,535][root][INFO] - Finished replay epoch 1122/10000
[2026-05-28 05:42:26,953][root][INFO] - Finished replay epoch 1123/10000
| pretrain       | Iter: 0 | T: 2:00:55 | BS: 3392 | Batched Update FPS: 4.1377
[2026-05-28 05:42:32,354][root][INFO] - Finished replay epoch 1124/10000
[2026-05-28 05:42:37,739][root][INFO] - Finished replay epoch 1125/10000
[2026-05-28 05:42:43,135][root][INFO] - Finished replay epoch 1126/10000
| pretrain       | Iter: 0 | T: 2:01:15 | BS: 3392 | Batched Update FPS: 3.9125
[2026-05-28 05:42:48,541][root][INFO] - Finished replay epoch 1127/10000
[2026-05-28 05:42:53,916][root][INFO] - Finished replay epoch 1128/10000
[2026-05-28 05:42:59,349][root][INFO] - Finished replay epoch 1129/10000
[2026-05-28 05:43:04,729][root][INFO] - Finished replay epoch 1130/10000
| pretrain       | Iter: 0 | T: 2:01:36 | BS: 3392 | Batched Update FPS: 4.1642
[2026-05-28 05:43:10,115][root][INFO] - Finished replay epoch 1131/10000
[2026-05-28 05:43:15,544][root][INFO] - Finished replay epoch 1132/10000
[2026-05-28 05:43:20,933][root][INFO] - Finished replay epoch 1133/10000
[2026-05-28 05:43:26,337][root][INFO] - Finished replay epoch 1134/10000
| pretrain       | Iter: 0 | T: 2:01:57 | BS: 3392 | Batched Update FPS: 3.9993
[2026-05-28 05:43:31,752][root][INFO] - Finished replay epoch 1135/10000
[2026-05-28 05:43:37,156][root][INFO] - Finished replay epoch 1136/10000
[2026-05-28 05:43:42,520][root][INFO] - Finished replay epoch 1137/10000
[2026-05-28 05:43:48,034][root][INFO] - Finished replay epoch 1138/10000
| pretrain       | Iter: 0 | T: 2:02:18 | BS: 3392 | Batched Update FPS: 3.0728
[2026-05-28 05:43:53,402][root][INFO] - Finished replay epoch 1139/10000
[2026-05-28 05:43:58,859][root][INFO] - Finished replay epoch 1140/10000
[2026-05-28 05:44:04,298][root][INFO] - Finished replay epoch 1141/10000
[2026-05-28 05:44:09,691][root][INFO] - Finished replay epoch 1142/10000
| pretrain       | Iter: 0 | T: 2:02:39 | BS: 3392 | Batched Update FPS: 3.2387
[2026-05-28 05:44:15,148][root][INFO] - Finished replay epoch 1143/10000
[2026-05-28 05:44:20,516][root][INFO] - Finished replay epoch 1144/10000
[2026-05-28 05:44:25,970][root][INFO] - Finished replay epoch 1145/10000
[2026-05-28 05:44:31,284][root][INFO] - Finished replay epoch 1146/10000
| pretrain       | Iter: 0 | T: 2:02:59 | BS: 3392 | Batched Update FPS: 3.1657
[2026-05-28 05:44:36,724][root][INFO] - Finished replay epoch 1147/10000
[2026-05-28 05:44:42,105][root][INFO] - Finished replay epoch 1148/10000
[2026-05-28 05:44:47,509][root][INFO] - Finished replay epoch 1149/10000
[2026-05-28 05:44:52,934][root][INFO] - Finished replay epoch 1150/10000
| pretrain       | Iter: 0 | T: 2:03:20 | BS: 3392 | Batched Update FPS: 3.0769
[2026-05-28 05:44:58,429][root][INFO] - Finished replay epoch 1151/10000
[2026-05-28 05:45:03,859][root][INFO] - Finished replay epoch 1152/10000
[2026-05-28 05:45:09,240][root][INFO] - Finished replay epoch 1153/10000
| pretrain       | Iter: 0 | T: 2:03:41 | BS: 3392 | Batched Update FPS: 3.9787
wandb: WARNING `format` argument was not provided, defaulting to `gif`. This parameter will be required in v0.20.0, please specify the format explicitly.
wandb: Encoding video...
| pretrain_eval  | Iter: 0 | S: 30000 | E: 0 | L: 200 | R: 0.0000 | T: 2:05:32
[2026-05-28 05:47:10,864][root][INFO] - Finished replay epoch 1154/10000
[2026-05-28 05:47:14,863][root][INFO] - Finished replay epoch 1155/10000
[2026-05-28 05:47:18,784][root][INFO] - Finished replay epoch 1156/10000
[2026-05-28 05:47:22,738][root][INFO] - Finished replay epoch 1157/10000
| pretrain       | Iter: 0 | T: 2:05:53 | BS: 3392 | Batched Update FPS: 4.8101
[2026-05-28 05:47:26,741][root][INFO] - Finished replay epoch 1158/10000
[2026-05-28 05:47:30,644][root][INFO] - Finished replay epoch 1159/10000
[2026-05-28 05:47:34,564][root][INFO] - Finished replay epoch 1160/10000
[2026-05-28 05:47:38,561][root][INFO] - Finished replay epoch 1161/10000
| pretrain       | Iter: 0 | T: 2:06:08 | BS: 3392 | Batched Update FPS: 4.9556
[2026-05-28 05:47:42,572][root][INFO] - Finished replay epoch 1162/10000
[2026-05-28 05:47:46,537][root][INFO] - Finished replay epoch 1163/10000
[2026-05-28 05:47:50,662][root][INFO] - Finished replay epoch 1164/10000
[2026-05-28 05:47:54,559][root][INFO] - Finished replay epoch 1165/10000
| pretrain       | Iter: 0 | T: 2:06:23 | BS: 3392 | Batched Update FPS: 4.9044
[2026-05-28 05:47:58,557][root][INFO] - Finished replay epoch 1166/10000
[2026-05-28 05:48:02,493][root][INFO] - Finished replay epoch 1167/10000
[2026-05-28 05:48:06,411][root][INFO] - Finished replay epoch 1168/10000
[2026-05-28 05:48:10,312][root][INFO] - Finished replay epoch 1169/10000
| pretrain       | Iter: 0 | T: 2:06:38 | BS: 3392 | Batched Update FPS: 4.9413
[2026-05-28 05:48:14,325][root][INFO] - Finished replay epoch 1170/10000
[2026-05-28 05:48:18,236][root][INFO] - Finished replay epoch 1171/10000
[2026-05-28 05:48:22,226][root][INFO] - Finished replay epoch 1172/10000
[2026-05-28 05:48:26,180][root][INFO] - Finished replay epoch 1173/10000
| pretrain       | Iter: 0 | T: 2:06:54 | BS: 3392 | Batched Update FPS: 4.8540
[2026-05-28 05:48:30,143][root][INFO] - Finished replay epoch 1174/10000
[2026-05-28 05:48:34,042][root][INFO] - Finished replay epoch 1175/10000
[2026-05-28 05:48:37,971][root][INFO] - Finished replay epoch 1176/10000
| pretrain       | Iter: 0 | T: 2:07:09 | BS: 3392 | Batched Update FPS: 4.8953
[2026-05-28 05:48:41,973][root][INFO] - Finished replay epoch 1177/10000
[2026-05-28 05:48:45,894][root][INFO] - Finished replay epoch 1178/10000
[2026-05-28 05:48:49,816][root][INFO] - Finished replay epoch 1179/10000
[2026-05-28 05:48:53,746][root][INFO] - Finished replay epoch 1180/10000
| pretrain       | Iter: 0 | T: 2:07:24 | BS: 3392 | Batched Update FPS: 5.0361
[2026-05-28 05:48:57,753][root][INFO] - Finished replay epoch 1181/10000
[2026-05-28 05:49:01,752][root][INFO] - Finished replay epoch 1182/10000
[2026-05-28 05:49:05,667][root][INFO] - Finished replay epoch 1183/10000
[2026-05-28 05:49:09,549][root][INFO] - Finished replay epoch 1184/10000
| pretrain       | Iter: 0 | T: 2:07:39 | BS: 3392 | Batched Update FPS: 5.4811
[2026-05-28 05:49:13,651][root][INFO] - Finished replay epoch 1185/10000
[2026-05-28 05:49:19,098][root][INFO] - Finished replay epoch 1186/10000
[2026-05-28 05:49:24,378][root][INFO] - Finished replay epoch 1187/10000
[2026-05-28 05:49:29,816][root][INFO] - Finished replay epoch 1188/10000
| pretrain       | Iter: 0 | T: 2:08:00 | BS: 3392 | Batched Update FPS: 3.2341
[2026-05-28 05:49:35,232][root][INFO] - Finished replay epoch 1189/10000
[2026-05-28 05:49:40,616][root][INFO] - Finished replay epoch 1190/10000
[2026-05-28 05:49:46,015][root][INFO] - Finished replay epoch 1191/10000
[2026-05-28 05:49:51,390][root][INFO] - Finished replay epoch 1192/10000
| pretrain       | Iter: 0 | T: 2:08:21 | BS: 3392 | Batched Update FPS: 3.5060
[2026-05-28 05:49:57,022][root][INFO] - Finished replay epoch 1193/10000
[2026-05-28 05:50:02,449][root][INFO] - Finished replay epoch 1194/10000
[2026-05-28 05:50:07,888][root][INFO] - Finished replay epoch 1195/10000
[2026-05-28 05:50:13,266][root][INFO] - Finished replay epoch 1196/10000
| pretrain       | Iter: 0 | T: 2:08:41 | BS: 3392 | Batched Update FPS: 3.3560
[2026-05-28 05:50:18,678][root][INFO] - Finished replay epoch 1197/10000
[2026-05-28 05:50:24,094][root][INFO] - Finished replay epoch 1198/10000
[2026-05-28 05:50:29,562][root][INFO] - Finished replay epoch 1199/10000
[2026-05-28 05:50:34,892][root][INFO] - Finished replay epoch 1200/10000
| pretrain       | Iter: 0 | T: 2:09:02 | BS: 3392 | Batched Update FPS: 4.0823
[2026-05-28 05:50:40,326][root][INFO] - Finished replay epoch 1201/10000
[2026-05-28 05:50:45,704][root][INFO] - Finished replay epoch 1202/10000
[2026-05-28 05:50:51,116][root][INFO] - Finished replay epoch 1203/10000
| pretrain       | Iter: 0 | T: 2:09:23 | BS: 3392 | Batched Update FPS: 3.2862
[2026-05-28 05:50:56,595][root][INFO] - Finished replay epoch 1204/10000
[2026-05-28 05:51:01,982][root][INFO] - Finished replay epoch 1205/10000
[2026-05-28 05:51:07,312][root][INFO] - Finished replay epoch 1206/10000
[2026-05-28 05:51:12,765][root][INFO] - Finished replay epoch 1207/10000
| pretrain       | Iter: 0 | T: 2:09:44 | BS: 3392 | Batched Update FPS: 3.0529
[2026-05-28 05:51:18,188][root][INFO] - Finished replay epoch 1208/10000
[2026-05-28 05:51:23,545][root][INFO] - Finished replay epoch 1209/10000
[2026-05-28 05:51:28,962][root][INFO] - Finished replay epoch 1210/10000
[2026-05-28 05:51:34,374][root][INFO] - Finished replay epoch 1211/10000
| pretrain       | Iter: 0 | T: 2:10:05 | BS: 3392 | Batched Update FPS: 3.2249
[2026-05-28 05:51:39,788][root][INFO] - Finished replay epoch 1212/10000
[2026-05-28 05:51:45,210][root][INFO] - Finished replay epoch 1213/10000
[2026-05-28 05:51:50,617][root][INFO] - Finished replay epoch 1214/10000
[2026-05-28 05:51:56,035][root][INFO] - Finished replay epoch 1215/10000
| pretrain       | Iter: 0 | T: 2:10:25 | BS: 3392 | Batched Update FPS: 3.2918
[2026-05-28 05:52:01,396][root][INFO] - Finished replay epoch 1216/10000
[2026-05-28 05:52:06,845][root][INFO] - Finished replay epoch 1217/10000
[2026-05-28 05:52:12,218][root][INFO] - Finished replay epoch 1218/10000
[2026-05-28 05:52:17,597][root][INFO] - Finished replay epoch 1219/10000
| pretrain       | Iter: 0 | T: 2:10:46 | BS: 3392 | Batched Update FPS: 3.4509
[2026-05-28 05:52:23,030][root][INFO] - Finished replay epoch 1220/10000
[2026-05-28 05:52:28,378][root][INFO] - Finished replay epoch 1221/10000
[2026-05-28 05:52:33,837][root][INFO] - Finished replay epoch 1222/10000
[2026-05-28 05:52:39,262][root][INFO] - Finished replay epoch 1223/10000
| pretrain       | Iter: 0 | T: 2:11:07 | BS: 3392 | Batched Update FPS: 4.0772
[2026-05-28 05:52:44,591][root][INFO] - Finished replay epoch 1224/10000
[2026-05-28 05:52:49,985][root][INFO] - Finished replay epoch 1225/10000
[2026-05-28 05:52:55,331][root][INFO] - Finished replay epoch 1226/10000
| pretrain       | Iter: 0 | T: 2:11:28 | BS: 3392 | Batched Update FPS: 3.8690
[2026-05-28 05:53:00,835][root][INFO] - Finished replay epoch 1227/10000
[2026-05-28 05:53:06,176][root][INFO] - Finished replay epoch 1228/10000
[2026-05-28 05:53:11,629][root][INFO] - Finished replay epoch 1229/10000
[2026-05-28 05:53:16,953][root][INFO] - Finished replay epoch 1230/10000
| pretrain       | Iter: 0 | T: 2:11:49 | BS: 3392 | Batched Update FPS: 5.1203
[2026-05-28 05:53:22,539][root][INFO] - Finished replay epoch 1231/10000
[2026-05-28 05:53:27,922][root][INFO] - Finished replay epoch 1232/10000
[2026-05-28 05:53:33,409][root][INFO] - Finished replay epoch 1233/10000
[2026-05-28 05:53:38,831][root][INFO] - Finished replay epoch 1234/10000
| pretrain       | Iter: 0 | T: 2:12:09 | BS: 3392 | Batched Update FPS: 3.2003
[2026-05-28 05:53:44,272][root][INFO] - Finished replay epoch 1235/10000
[2026-05-28 05:53:49,577][root][INFO] - Finished replay epoch 1236/10000
[2026-05-28 05:53:54,998][root][INFO] - Finished replay epoch 1237/10000
[2026-05-28 05:54:00,381][root][INFO] - Finished replay epoch 1238/10000
| pretrain       | Iter: 0 | T: 2:12:30 | BS: 3392 | Batched Update FPS: 3.6232
[2026-05-28 05:54:05,769][root][INFO] - Finished replay epoch 1239/10000
[2026-05-28 05:54:11,179][root][INFO] - Finished replay epoch 1240/10000
[2026-05-28 05:54:16,500][root][INFO] - Finished replay epoch 1241/10000
[2026-05-28 05:54:21,899][root][INFO] - Finished replay epoch 1242/10000
| pretrain       | Iter: 0 | T: 2:12:51 | BS: 3392 | Batched Update FPS: 3.8634
[2026-05-28 05:54:27,326][root][INFO] - Finished replay epoch 1243/10000
[2026-05-28 05:54:32,727][root][INFO] - Finished replay epoch 1244/10000
[2026-05-28 05:54:38,104][root][INFO] - Finished replay epoch 1245/10000
[2026-05-28 05:54:43,506][root][INFO] - Finished replay epoch 1246/10000
| pretrain       | Iter: 0 | T: 2:13:12 | BS: 3392 | Batched Update FPS: 3.9725
[2026-05-28 05:54:48,905][root][INFO] - Finished replay epoch 1247/10000
[2026-05-28 05:54:54,311][root][INFO] - Finished replay epoch 1248/10000
[2026-05-28 05:54:59,706][root][INFO] - Finished replay epoch 1249/10000
[2026-05-28 05:55:05,093][root][INFO] - Finished replay epoch 1250/10000
| pretrain       | Iter: 0 | T: 2:13:32 | BS: 3392 | Batched Update FPS: 4.2282
wandb: WARNING `format` argument was not provided, defaulting to `gif`. This parameter will be required in v0.20.0, please specify the format explicitly.
wandb: Encoding video...
| pretrain_eval  | Iter: 0 | S: 32500 | E: 0 | L: 200 | R: 0.0000 | T: 2:16:01
[2026-05-28 05:57:43,925][root][INFO] - Finished replay epoch 1251/10000
[2026-05-28 05:57:49,296][root][INFO] - Finished replay epoch 1252/10000
[2026-05-28 05:57:54,710][root][INFO] - Finished replay epoch 1253/10000
| pretrain       | Iter: 0 | T: 2:16:27 | BS: 3392 | Batched Update FPS: 3.9675
[2026-05-28 05:58:00,246][root][INFO] - Finished replay epoch 1254/10000
[2026-05-28 05:58:05,693][root][INFO] - Finished replay epoch 1255/10000
[2026-05-28 05:58:11,122][root][INFO] - Finished replay epoch 1256/10000
[2026-05-28 05:58:16,529][root][INFO] - Finished replay epoch 1257/10000
| pretrain       | Iter: 0 | T: 2:16:48 | BS: 3392 | Batched Update FPS: 3.2476
[2026-05-28 05:58:22,023][root][INFO] - Finished replay epoch 1258/10000
[2026-05-28 05:58:27,430][root][INFO] - Finished replay epoch 1259/10000
[2026-05-28 05:58:32,796][root][INFO] - Finished replay epoch 1260/10000
[2026-05-28 05:58:38,163][root][INFO] - Finished replay epoch 1261/10000
| pretrain       | Iter: 0 | T: 2:17:08 | BS: 3392 | Batched Update FPS: 3.2434
[2026-05-28 05:58:43,672][root][INFO] - Finished replay epoch 1262/10000
[2026-05-28 05:58:49,084][root][INFO] - Finished replay epoch 1263/10000
[2026-05-28 05:58:54,552][root][INFO] - Finished replay epoch 1264/10000
[2026-05-28 05:58:59,965][root][INFO] - Finished replay epoch 1265/10000
| pretrain       | Iter: 0 | T: 2:17:29 | BS: 3392 | Batched Update FPS: 3.9345
[2026-05-28 05:59:05,380][root][INFO] - Finished replay epoch 1266/10000
[2026-05-28 05:59:10,809][root][INFO] - Finished replay epoch 1267/10000
[2026-05-28 05:59:16,132][root][INFO] - Finished replay epoch 1268/10000
[2026-05-28 05:59:21,552][root][INFO] - Finished replay epoch 1269/10000
| pretrain       | Iter: 0 | T: 2:17:50 | BS: 3392 | Batched Update FPS: 5.7822
[2026-05-28 05:59:27,224][root][INFO] - Finished replay epoch 1270/10000
[2026-05-28 05:59:32,570][root][INFO] - Finished replay epoch 1271/10000
[2026-05-28 05:59:37,893][root][INFO] - Finished replay epoch 1272/10000
[2026-05-28 05:59:43,250][root][INFO] - Finished replay epoch 1273/10000
| pretrain       | Iter: 0 | T: 2:18:11 | BS: 3392 | Batched Update FPS: 4.0507
[2026-05-28 05:59:48,646][root][INFO] - Finished replay epoch 1274/10000
[2026-05-28 05:59:54,031][root][INFO] - Finished replay epoch 1275/10000
[2026-05-28 05:59:59,410][root][INFO] - Finished replay epoch 1276/10000
| pretrain       | Iter: 0 | T: 2:18:32 | BS: 3392 | Batched Update FPS: 3.1557
[2026-05-28 06:00:04,804][root][INFO] - Finished replay epoch 1277/10000
[2026-05-28 06:00:10,218][root][INFO] - Finished replay epoch 1278/10000
[2026-05-28 06:00:15,646][root][INFO] - Finished replay epoch 1279/10000
[2026-05-28 06:00:21,040][root][INFO] - Finished replay epoch 1280/10000
| pretrain       | Iter: 0 | T: 2:18:52 | BS: 3392 | Batched Update FPS: 3.2522
[2026-05-28 06:00:26,471][root][INFO] - Finished replay epoch 1281/10000
[2026-05-28 06:00:31,904][root][INFO] - Finished replay epoch 1282/10000
[2026-05-28 06:00:37,291][root][INFO] - Finished replay epoch 1283/10000
[2026-05-28 06:00:42,695][root][INFO] - Finished replay epoch 1284/10000
| pretrain       | Iter: 0 | T: 2:19:13 | BS: 3392 | Batched Update FPS: 4.0052
[2026-05-28 06:00:48,115][root][INFO] - Finished replay epoch 1285/10000
[2026-05-28 06:00:53,523][root][INFO] - Finished replay epoch 1286/10000
[2026-05-28 06:00:58,938][root][INFO] - Finished replay epoch 1287/10000
[2026-05-28 06:01:04,367][root][INFO] - Finished replay epoch 1288/10000
| pretrain       | Iter: 0 | T: 2:19:34 | BS: 3392 | Batched Update FPS: 4.3229
[2026-05-28 06:01:09,763][root][INFO] - Finished replay epoch 1289/10000
[2026-05-28 06:01:15,164][root][INFO] - Finished replay epoch 1290/10000
[2026-05-28 06:01:20,595][root][INFO] - Finished replay epoch 1291/10000
[2026-05-28 06:01:26,036][root][INFO] - Finished replay epoch 1292/10000
| pretrain       | Iter: 0 | T: 2:19:55 | BS: 3392 | Batched Update FPS: 3.1437
[2026-05-28 06:01:31,424][root][INFO] - Finished replay epoch 1293/10000
[2026-05-28 06:01:36,866][root][INFO] - Finished replay epoch 1294/10000
[2026-05-28 06:01:42,256][root][INFO] - Finished replay epoch 1295/10000
[2026-05-28 06:01:47,672][root][INFO] - Finished replay epoch 1296/10000
| pretrain       | Iter: 0 | T: 2:20:16 | BS: 3392 | Batched Update FPS: 3.3266
[2026-05-28 06:01:53,076][root][INFO] - Finished replay epoch 1297/10000
[2026-05-28 06:01:58,479][root][INFO] - Finished replay epoch 1298/10000
[2026-05-28 06:02:03,864][root][INFO] - Finished replay epoch 1299/10000
[2026-05-28 06:02:09,199][root][INFO] - Finished replay epoch 1300/10000
| pretrain       | Iter: 0 | T: 2:20:36 | BS: 3392 | Batched Update FPS: 3.1765
[2026-05-28 06:02:14,639][root][INFO] - Finished replay epoch 1301/10000
[2026-05-28 06:02:20,077][root][INFO] - Finished replay epoch 1302/10000
[2026-05-28 06:02:25,404][root][INFO] - Finished replay epoch 1303/10000
| pretrain       | Iter: 0 | T: 2:20:57 | BS: 3392 | Batched Update FPS: 3.2448
[2026-05-28 06:02:30,872][root][INFO] - Finished replay epoch 1304/10000
[2026-05-28 06:02:36,312][root][INFO] - Finished replay epoch 1305/10000
[2026-05-28 06:02:41,757][root][INFO] - Finished replay epoch 1306/10000
[2026-05-28 06:02:47,259][root][INFO] - Finished replay epoch 1307/10000
| pretrain       | Iter: 0 | T: 2:21:18 | BS: 3392 | Batched Update FPS: 5.8057
[2026-05-28 06:02:52,931][root][INFO] - Finished replay epoch 1308/10000
[2026-05-28 06:02:58,304][root][INFO] - Finished replay epoch 1309/10000
[2026-05-28 06:03:03,729][root][INFO] - Finished replay epoch 1310/10000
[2026-05-28 06:03:09,115][root][INFO] - Finished replay epoch 1311/10000
| pretrain       | Iter: 0 | T: 2:21:39 | BS: 3392 | Batched Update FPS: 4.0335
[2026-05-28 06:03:14,452][root][INFO] - Finished replay epoch 1312/10000
[2026-05-28 06:03:19,906][root][INFO] - Finished replay epoch 1313/10000
[2026-05-28 06:03:25,167][root][INFO] - Finished replay epoch 1314/10000
[2026-05-28 06:03:30,594][root][INFO] - Finished replay epoch 1315/10000
| pretrain       | Iter: 0 | T: 2:22:00 | BS: 3392 | Batched Update FPS: 3.2530
[2026-05-28 06:03:35,977][root][INFO] - Finished replay epoch 1316/10000
[2026-05-28 06:03:41,353][root][INFO] - Finished replay epoch 1317/10000
[2026-05-28 06:03:46,770][root][INFO] - Finished replay epoch 1318/10000
[2026-05-28 06:03:52,224][root][INFO] - Finished replay epoch 1319/10000
| pretrain       | Iter: 0 | T: 2:22:21 | BS: 3392 | Batched Update FPS: 3.3443
[2026-05-28 06:03:57,271][root][INFO] - Finished replay epoch 1320/10000
[2026-05-28 06:04:02,350][root][INFO] - Finished replay epoch 1321/10000
[2026-05-28 06:04:07,724][root][INFO] - Finished replay epoch 1322/10000
[2026-05-28 06:04:13,143][root][INFO] - Finished replay epoch 1323/10000
| pretrain       | Iter: 0 | T: 2:22:41 | BS: 3392 | Batched Update FPS: 3.0670
[2026-05-28 06:04:18,590][root][INFO] - Finished replay epoch 1324/10000
[2026-05-28 06:04:23,946][root][INFO] - Finished replay epoch 1325/10000
[2026-05-28 06:04:29,364][root][INFO] - Finished replay epoch 1326/10000
| pretrain       | Iter: 0 | T: 2:23:02 | BS: 3392 | Batched Update FPS: 3.2316
[2026-05-28 06:04:34,890][root][INFO] - Finished replay epoch 1327/10000
[2026-05-28 06:04:40,390][root][INFO] - Finished replay epoch 1328/10000
[2026-05-28 06:04:45,803][root][INFO] - Finished replay epoch 1329/10000
[2026-05-28 06:04:51,266][root][INFO] - Finished replay epoch 1330/10000
| pretrain       | Iter: 0 | T: 2:23:23 | BS: 3392 | Batched Update FPS: 3.0711
[2026-05-28 06:04:56,708][root][INFO] - Finished replay epoch 1331/10000
[2026-05-28 06:05:02,104][root][INFO] - Finished replay epoch 1332/10000
[2026-05-28 06:05:07,483][root][INFO] - Finished replay epoch 1333/10000
[2026-05-28 06:05:12,889][root][INFO] - Finished replay epoch 1334/10000
| pretrain       | Iter: 0 | T: 2:23:44 | BS: 3392 | Batched Update FPS: 3.1238
[2026-05-28 06:05:18,315][root][INFO] - Finished replay epoch 1335/10000
[2026-05-28 06:05:23,920][root][INFO] - Finished replay epoch 1336/10000
[2026-05-28 06:05:29,406][root][INFO] - Finished replay epoch 1337/10000
[2026-05-28 06:05:34,810][root][INFO] - Finished replay epoch 1338/10000
| pretrain       | Iter: 0 | T: 2:24:05 | BS: 3392 | Batched Update FPS: 3.0798
[2026-05-28 06:05:40,222][root][INFO] - Finished replay epoch 1339/10000
[2026-05-28 06:05:45,530][root][INFO] - Finished replay epoch 1340/10000
[2026-05-28 06:05:50,955][root][INFO] - Finished replay epoch 1341/10000
[2026-05-28 06:05:56,409][root][INFO] - Finished replay epoch 1342/10000
| pretrain       | Iter: 0 | T: 2:24:25 | BS: 3392 | Batched Update FPS: 3.9758
[2026-05-28 06:06:01,884][root][INFO] - Finished replay epoch 1343/10000
[2026-05-28 06:06:07,332][root][INFO] - Finished replay epoch 1344/10000
[2026-05-28 06:06:12,679][root][INFO] - Finished replay epoch 1345/10000
[2026-05-28 06:06:18,029][root][INFO] - Finished replay epoch 1346/10000
| pretrain       | Iter: 0 | T: 2:24:46 | BS: 3392 | Batched Update FPS: 5.8789
wandb: WARNING `format` argument was not provided, defaulting to `gif`. This parameter will be required in v0.20.0, please specify the format explicitly.
wandb: Encoding video...
| pretrain_eval  | Iter: 0 | S: 35000 | E: 0 | L: 200 | R: 0.0000 | T: 2:27:31
[2026-05-28 06:09:13,737][root][INFO] - Finished replay epoch 1347/10000
[2026-05-28 06:09:19,042][root][INFO] - Finished replay epoch 1348/10000
[2026-05-28 06:09:24,370][root][INFO] - Finished replay epoch 1349/10000
[2026-05-28 06:09:29,687][root][INFO] - Finished replay epoch 1350/10000
| pretrain       | Iter: 0 | T: 2:27:57 | BS: 3392 | Batched Update FPS: 4.0534
[2026-05-28 06:09:35,033][root][INFO] - Finished replay epoch 1351/10000
[2026-05-28 06:09:40,401][root][INFO] - Finished replay epoch 1352/10000
[2026-05-28 06:09:45,717][root][INFO] - Finished replay epoch 1353/10000
| pretrain       | Iter: 0 | T: 2:28:18 | BS: 3392 | Batched Update FPS: 3.8061
[2026-05-28 06:09:51,124][root][INFO] - Finished replay epoch 1354/10000
[2026-05-28 06:09:56,558][root][INFO] - Finished replay epoch 1355/10000
[2026-05-28 06:10:01,936][root][INFO] - Finished replay epoch 1356/10000
[2026-05-28 06:10:07,283][root][INFO] - Finished replay epoch 1357/10000
| pretrain       | Iter: 0 | T: 2:28:38 | BS: 3392 | Batched Update FPS: 4.0349
[2026-05-28 06:10:12,665][root][INFO] - Finished replay epoch 1358/10000
[2026-05-28 06:10:18,034][root][INFO] - Finished replay epoch 1359/10000
[2026-05-28 06:10:23,337][root][INFO] - Finished replay epoch 1360/10000
[2026-05-28 06:10:28,704][root][INFO] - Finished replay epoch 1361/10000
| pretrain       | Iter: 0 | T: 2:28:59 | BS: 3392 | Batched Update FPS: 3.0986
[2026-05-28 06:10:34,050][root][INFO] - Finished replay epoch 1362/10000
[2026-05-28 06:10:39,450][root][INFO] - Finished replay epoch 1363/10000
[2026-05-28 06:10:44,844][root][INFO] - Finished replay epoch 1364/10000
[2026-05-28 06:10:50,196][root][INFO] - Finished replay epoch 1365/10000
| pretrain       | Iter: 0 | T: 2:29:19 | BS: 3392 | Batched Update FPS: 5.3862
[2026-05-28 06:10:54,308][root][INFO] - Finished replay epoch 1366/10000
[2026-05-28 06:10:58,180][root][INFO] - Finished replay epoch 1367/10000
[2026-05-28 06:11:02,084][root][INFO] - Finished replay epoch 1368/10000
[2026-05-28 06:11:06,050][root][INFO] - Finished replay epoch 1369/10000
| pretrain       | Iter: 0 | T: 2:29:34 | BS: 3392 | Batched Update FPS: 4.8971
[2026-05-28 06:11:10,035][root][INFO] - Finished replay epoch 1370/10000
[2026-05-28 06:11:13,893][root][INFO] - Finished replay epoch 1371/10000
[2026-05-28 06:11:17,793][root][INFO] - Finished replay epoch 1372/10000
[2026-05-28 06:11:21,692][root][INFO] - Finished replay epoch 1373/10000
| pretrain       | Iter: 0 | T: 2:29:49 | BS: 3392 | Batched Update FPS: 5.0469
[2026-05-28 06:11:25,571][root][INFO] - Finished replay epoch 1374/10000
[2026-05-28 06:11:29,505][root][INFO] - Finished replay epoch 1375/10000
[2026-05-28 06:11:33,413][root][INFO] - Finished replay epoch 1376/10000
| pretrain       | Iter: 0 | T: 2:30:04 | BS: 3392 | Batched Update FPS: 4.7763
[2026-05-28 06:11:37,349][root][INFO] - Finished replay epoch 1377/10000
[2026-05-28 06:11:41,284][root][INFO] - Finished replay epoch 1378/10000
[2026-05-28 06:11:45,142][root][INFO] - Finished replay epoch 1379/10000
[2026-05-28 06:11:49,033][root][INFO] - Finished replay epoch 1380/10000
| pretrain       | Iter: 0 | T: 2:30:19 | BS: 3392 | Batched Update FPS: 5.0747
[2026-05-28 06:11:52,908][root][INFO] - Finished replay epoch 1381/10000
[2026-05-28 06:11:56,830][root][INFO] - Finished replay epoch 1382/10000
[2026-05-28 06:12:00,838][root][INFO] - Finished replay epoch 1383/10000
[2026-05-28 06:12:04,694][root][INFO] - Finished replay epoch 1384/10000
| pretrain       | Iter: 0 | T: 2:30:34 | BS: 3392 | Batched Update FPS: 6.1572
[2026-05-28 06:12:08,809][root][INFO] - Finished replay epoch 1385/10000
[2026-05-28 06:12:12,701][root][INFO] - Finished replay epoch 1386/10000
[2026-05-28 06:12:16,579][root][INFO] - Finished replay epoch 1387/10000
[2026-05-28 06:12:20,523][root][INFO] - Finished replay epoch 1388/10000
| pretrain       | Iter: 0 | T: 2:30:49 | BS: 3392 | Batched Update FPS: 4.8008
[2026-05-28 06:12:24,478][root][INFO] - Finished replay epoch 1389/10000
[2026-05-28 06:12:28,396][root][INFO] - Finished replay epoch 1390/10000
[2026-05-28 06:12:32,309][root][INFO] - Finished replay epoch 1391/10000
[2026-05-28 06:12:36,497][root][INFO] - Finished replay epoch 1392/10000
| pretrain       | Iter: 0 | T: 2:31:05 | BS: 3392 | Batched Update FPS: 4.2870
[2026-05-28 06:12:40,808][root][INFO] - Finished replay epoch 1393/10000
[2026-05-28 06:12:44,778][root][INFO] - Finished replay epoch 1394/10000
[2026-05-28 06:12:48,683][root][INFO] - Finished replay epoch 1395/10000
[2026-05-28 06:12:52,618][root][INFO] - Finished replay epoch 1396/10000
| pretrain       | Iter: 0 | T: 2:31:20 | BS: 3392 | Batched Update FPS: 4.8900
[2026-05-28 06:12:56,583][root][INFO] - Finished replay epoch 1397/10000
[2026-05-28 06:13:00,525][root][INFO] - Finished replay epoch 1398/10000
[2026-05-28 06:13:04,476][root][INFO] - Finished replay epoch 1399/10000
[2026-05-28 06:13:08,402][root][INFO] - Finished replay epoch 1400/10000
| pretrain       | Iter: 0 | T: 2:31:36 | BS: 3392 | Batched Update FPS: 5.0084
[2026-05-28 06:13:12,375][root][INFO] - Finished replay epoch 1401/10000
[2026-05-28 06:13:16,265][root][INFO] - Finished replay epoch 1402/10000
[2026-05-28 06:13:20,178][root][INFO] - Finished replay epoch 1403/10000
| pretrain       | Iter: 0 | T: 2:31:51 | BS: 3392 | Batched Update FPS: 5.0381
[2026-05-28 06:13:24,107][root][INFO] - Finished replay epoch 1404/10000
[2026-05-28 06:13:28,023][root][INFO] - Finished replay epoch 1405/10000
[2026-05-28 06:13:31,955][root][INFO] - Finished replay epoch 1406/10000
[2026-05-28 06:13:35,861][root][INFO] - Finished replay epoch 1407/10000
| pretrain       | Iter: 0 | T: 2:32:06 | BS: 3392 | Batched Update FPS: 5.0808
[2026-05-28 06:13:39,784][root][INFO] - Finished replay epoch 1408/10000
[2026-05-28 06:13:43,706][root][INFO] - Finished replay epoch 1409/10000
[2026-05-28 06:13:47,632][root][INFO] - Finished replay epoch 1410/10000
[2026-05-28 06:13:51,550][root][INFO] - Finished replay epoch 1411/10000
| pretrain       | Iter: 0 | T: 2:32:21 | BS: 3392 | Batched Update FPS: 4.8963
[2026-05-28 06:13:55,555][root][INFO] - Finished replay epoch 1412/10000
[2026-05-28 06:13:59,450][root][INFO] - Finished replay epoch 1413/10000
[2026-05-28 06:14:03,440][root][INFO] - Finished replay epoch 1414/10000
[2026-05-28 06:14:07,368][root][INFO] - Finished replay epoch 1415/10000
| pretrain       | Iter: 0 | T: 2:32:36 | BS: 3392 | Batched Update FPS: 4.8363
[2026-05-28 06:14:11,323][root][INFO] - Finished replay epoch 1416/10000
[2026-05-28 06:14:15,254][root][INFO] - Finished replay epoch 1417/10000
[2026-05-28 06:14:19,167][root][INFO] - Finished replay epoch 1418/10000
[2026-05-28 06:14:23,095][root][INFO] - Finished replay epoch 1419/10000
| pretrain       | Iter: 0 | T: 2:32:51 | BS: 3392 | Batched Update FPS: 4.8694
[2026-05-28 06:14:27,068][root][INFO] - Finished replay epoch 1420/10000
[2026-05-28 06:14:31,011][root][INFO] - Finished replay epoch 1421/10000
[2026-05-28 06:14:34,928][root][INFO] - Finished replay epoch 1422/10000
[2026-05-28 06:14:38,863][root][INFO] - Finished replay epoch 1423/10000
| pretrain       | Iter: 0 | T: 2:33:07 | BS: 3392 | Batched Update FPS: 5.7003
[2026-05-28 06:14:43,093][root][INFO] - Finished replay epoch 1424/10000
[2026-05-28 06:14:47,077][root][INFO] - Finished replay epoch 1425/10000
[2026-05-28 06:14:51,033][root][INFO] - Finished replay epoch 1426/10000
| pretrain       | Iter: 0 | T: 2:33:22 | BS: 3392 | Batched Update FPS: 5.0526
[2026-05-28 06:14:55,005][root][INFO] - Finished replay epoch 1427/10000
[2026-05-28 06:14:58,965][root][INFO] - Finished replay epoch 1428/10000
[2026-05-28 06:15:02,881][root][INFO] - Finished replay epoch 1429/10000
[2026-05-28 06:15:07,764][root][INFO] - Finished replay epoch 1430/10000
| pretrain       | Iter: 0 | T: 2:33:39 | BS: 3392 | Batched Update FPS: 3.1042
[2026-05-28 06:15:13,068][root][INFO] - Finished replay epoch 1431/10000
[2026-05-28 06:15:18,421][root][INFO] - Finished replay epoch 1432/10000
[2026-05-28 06:15:23,768][root][INFO] - Finished replay epoch 1433/10000
[2026-05-28 06:15:29,180][root][INFO] - Finished replay epoch 1434/10000
| pretrain       | Iter: 0 | T: 2:34:00 | BS: 3392 | Batched Update FPS: 3.0629
[2026-05-28 06:15:34,600][root][INFO] - Finished replay epoch 1435/10000
[2026-05-28 06:15:40,003][root][INFO] - Finished replay epoch 1436/10000
[2026-05-28 06:15:45,419][root][INFO] - Finished replay epoch 1437/10000
[2026-05-28 06:15:50,756][root][INFO] - Finished replay epoch 1438/10000
| pretrain       | Iter: 0 | T: 2:34:20 | BS: 3392 | Batched Update FPS: 3.9003
[2026-05-28 06:15:56,205][root][INFO] - Finished replay epoch 1439/10000
[2026-05-28 06:16:01,633][root][INFO] - Finished replay epoch 1440/10000
[2026-05-28 06:16:07,011][root][INFO] - Finished replay epoch 1441/10000
[2026-05-28 06:16:12,384][root][INFO] - Finished replay epoch 1442/10000
| pretrain       | Iter: 0 | T: 2:34:41 | BS: 3392 | Batched Update FPS: 3.6217
wandb: WARNING `format` argument was not provided, defaulting to `gif`. This parameter will be required in v0.20.0, please specify the format explicitly.
wandb: Encoding video...
| pretrain_eval  | Iter: 0 | S: 37500 | E: 0 | L: 200 | R: 0.0000 | T: 2:37:10
[2026-05-28 06:18:51,649][root][INFO] - Finished replay epoch 1443/10000
[2026-05-28 06:18:57,041][root][INFO] - Finished replay epoch 1444/10000
[2026-05-28 06:19:02,362][root][INFO] - Finished replay epoch 1445/10000
[2026-05-28 06:19:07,678][root][INFO] - Finished replay epoch 1446/10000
| pretrain       | Iter: 0 | T: 2:37:36 | BS: 3392 | Batched Update FPS: 4.2632
[2026-05-28 06:19:13,028][root][INFO] - Finished replay epoch 1447/10000
[2026-05-28 06:19:18,486][root][INFO] - Finished replay epoch 1448/10000
[2026-05-28 06:19:23,924][root][INFO] - Finished replay epoch 1449/10000
[2026-05-28 06:19:29,327][root][INFO] - Finished replay epoch 1450/10000
| pretrain       | Iter: 0 | T: 2:37:57 | BS: 3392 | Batched Update FPS: 3.3252
[2026-05-28 06:19:34,761][root][INFO] - Finished replay epoch 1451/10000
[2026-05-28 06:19:40,205][root][INFO] - Finished replay epoch 1452/10000
[2026-05-28 06:19:45,668][root][INFO] - Finished replay epoch 1453/10000
| pretrain       | Iter: 0 | T: 2:38:17 | BS: 3392 | Batched Update FPS: 3.8646
[2026-05-28 06:19:51,017][root][INFO] - Finished replay epoch 1454/10000
[2026-05-28 06:19:56,407][root][INFO] - Finished replay epoch 1455/10000
[2026-05-28 06:20:01,814][root][INFO] - Finished replay epoch 1456/10000
[2026-05-28 06:20:07,162][root][INFO] - Finished replay epoch 1457/10000
| pretrain       | Iter: 0 | T: 2:38:38 | BS: 3392 | Batched Update FPS: 3.9717
[2026-05-28 06:20:12,530][root][INFO] - Finished replay epoch 1458/10000
[2026-05-28 06:20:17,871][root][INFO] - Finished replay epoch 1459/10000
[2026-05-28 06:20:23,202][root][INFO] - Finished replay epoch 1460/10000
[2026-05-28 06:20:28,610][root][INFO] - Finished replay epoch 1461/10000
| pretrain       | Iter: 0 | T: 2:38:59 | BS: 3392 | Batched Update FPS: 3.6426
[2026-05-28 06:20:34,244][root][INFO] - Finished replay epoch 1462/10000
[2026-05-28 06:20:39,587][root][INFO] - Finished replay epoch 1463/10000
[2026-05-28 06:20:44,976][root][INFO] - Finished replay epoch 1464/10000
[2026-05-28 06:20:50,339][root][INFO] - Finished replay epoch 1465/10000
| pretrain       | Iter: 0 | T: 2:39:20 | BS: 3392 | Batched Update FPS: 3.6062
[2026-05-28 06:20:55,776][root][INFO] - Finished replay epoch 1466/10000
[2026-05-28 06:21:01,124][root][INFO] - Finished replay epoch 1467/10000
[2026-05-28 06:21:06,413][root][INFO] - Finished replay epoch 1468/10000
[2026-05-28 06:21:11,844][root][INFO] - Finished replay epoch 1469/10000
| pretrain       | Iter: 0 | T: 2:39:40 | BS: 3392 | Batched Update FPS: 2.9951
[2026-05-28 06:21:17,308][root][INFO] - Finished replay epoch 1470/10000
[2026-05-28 06:21:22,733][root][INFO] - Finished replay epoch 1471/10000
[2026-05-28 06:21:28,173][root][INFO] - Finished replay epoch 1472/10000
[2026-05-28 06:21:33,537][root][INFO] - Finished replay epoch 1473/10000
| pretrain       | Iter: 0 | T: 2:40:01 | BS: 3392 | Batched Update FPS: 3.8447
[2026-05-28 06:21:38,982][root][INFO] - Finished replay epoch 1474/10000
[2026-05-28 06:21:44,328][root][INFO] - Finished replay epoch 1475/10000
[2026-05-28 06:21:49,665][root][INFO] - Finished replay epoch 1476/10000
| pretrain       | Iter: 0 | T: 2:40:22 | BS: 3392 | Batched Update FPS: 3.5688
[2026-05-28 06:21:55,223][root][INFO] - Finished replay epoch 1477/10000
[2026-05-28 06:22:00,561][root][INFO] - Finished replay epoch 1478/10000
[2026-05-28 06:22:05,248][root][INFO] - Finished replay epoch 1479/10000
[2026-05-28 06:22:10,673][root][INFO] - Finished replay epoch 1480/10000
| pretrain       | Iter: 0 | T: 2:40:42 | BS: 3392 | Batched Update FPS: 4.5083
[2026-05-28 06:22:16,121][root][INFO] - Finished replay epoch 1481/10000
[2026-05-28 06:22:21,411][root][INFO] - Finished replay epoch 1482/10000
[2026-05-28 06:22:26,832][root][INFO] - Finished replay epoch 1483/10000
[2026-05-28 06:22:32,171][root][INFO] - Finished replay epoch 1484/10000
| pretrain       | Iter: 0 | T: 2:41:03 | BS: 3392 | Batched Update FPS: 3.4481
[2026-05-28 06:22:37,633][root][INFO] - Finished replay epoch 1485/10000
[2026-05-28 06:22:43,018][root][INFO] - Finished replay epoch 1486/10000
[2026-05-28 06:22:48,428][root][INFO] - Finished replay epoch 1487/10000
[2026-05-28 06:22:53,824][root][INFO] - Finished replay epoch 1488/10000
| pretrain       | Iter: 0 | T: 2:41:24 | BS: 3392 | Batched Update FPS: 3.3340
[2026-05-28 06:22:59,168][root][INFO] - Finished replay epoch 1489/10000
[2026-05-28 06:23:04,551][root][INFO] - Finished replay epoch 1490/10000
[2026-05-28 06:23:09,931][root][INFO] - Finished replay epoch 1491/10000
[2026-05-28 06:23:15,290][root][INFO] - Finished replay epoch 1492/10000
| pretrain       | Iter: 0 | T: 2:41:44 | BS: 3392 | Batched Update FPS: 4.1526
[2026-05-28 06:23:20,763][root][INFO] - Finished replay epoch 1493/10000
[2026-05-28 06:23:26,122][root][INFO] - Finished replay epoch 1494/10000
[2026-05-28 06:23:31,449][root][INFO] - Finished replay epoch 1495/10000
[2026-05-28 06:23:36,849][root][INFO] - Finished replay epoch 1496/10000
| pretrain       | Iter: 0 | T: 2:42:05 | BS: 3392 | Batched Update FPS: 3.9266
[2026-05-28 06:23:42,275][root][INFO] - Finished replay epoch 1497/10000
[2026-05-28 06:23:47,626][root][INFO] - Finished replay epoch 1498/10000
[2026-05-28 06:23:52,994][root][INFO] - Finished replay epoch 1499/10000
[2026-05-28 06:23:58,641][root][INFO] - Finished replay epoch 1500/10000
| pretrain       | Iter: 0 | T: 2:42:26 | BS: 3392 | Batched Update FPS: 4.4469
[2026-05-28 06:24:04,013][root][INFO] - Finished replay epoch 1501/10000
[2026-05-28 06:24:09,434][root][INFO] - Finished replay epoch 1502/10000
[2026-05-28 06:24:14,809][root][INFO] - Finished replay epoch 1503/10000
| pretrain       | Iter: 0 | T: 2:42:47 | BS: 3392 | Batched Update FPS: 3.2995
[2026-05-28 06:24:20,206][root][INFO] - Finished replay epoch 1504/10000
[2026-05-28 06:24:25,602][root][INFO] - Finished replay epoch 1505/10000
[2026-05-28 06:24:31,006][root][INFO] - Finished replay epoch 1506/10000
[2026-05-28 06:24:36,372][root][INFO] - Finished replay epoch 1507/10000
| pretrain       | Iter: 0 | T: 2:43:08 | BS: 3392 | Batched Update FPS: 3.0774
[2026-05-28 06:24:41,998][root][INFO] - Finished replay epoch 1508/10000
[2026-05-28 06:24:47,340][root][INFO] - Finished replay epoch 1509/10000
[2026-05-28 06:24:52,671][root][INFO] - Finished replay epoch 1510/10000
[2026-05-28 06:24:57,954][root][INFO] - Finished replay epoch 1511/10000
| pretrain       | Iter: 0 | T: 2:43:28 | BS: 3392 | Batched Update FPS: 3.9660
[2026-05-28 06:25:03,381][root][INFO] - Finished replay epoch 1512/10000
[2026-05-28 06:25:08,776][root][INFO] - Finished replay epoch 1513/10000
[2026-05-28 06:25:14,161][root][INFO] - Finished replay epoch 1514/10000
[2026-05-28 06:25:19,492][root][INFO] - Finished replay epoch 1515/10000
| pretrain       | Iter: 0 | T: 2:43:49 | BS: 3392 | Batched Update FPS: 3.1868
[2026-05-28 06:25:24,905][root][INFO] - Finished replay epoch 1516/10000
[2026-05-28 06:25:30,277][root][INFO] - Finished replay epoch 1517/10000
[2026-05-28 06:25:35,663][root][INFO] - Finished replay epoch 1518/10000
[2026-05-28 06:25:41,028][root][INFO] - Finished replay epoch 1519/10000
| pretrain       | Iter: 0 | T: 2:44:10 | BS: 3392 | Batched Update FPS: 3.0380
[2026-05-28 06:25:46,425][root][INFO] - Finished replay epoch 1520/10000
[2026-05-28 06:25:51,797][root][INFO] - Finished replay epoch 1521/10000
[2026-05-28 06:25:57,174][root][INFO] - Finished replay epoch 1522/10000
[2026-05-28 06:26:02,505][root][INFO] - Finished replay epoch 1523/10000
| pretrain       | Iter: 0 | T: 2:44:30 | BS: 3392 | Batched Update FPS: 3.2771
[2026-05-28 06:26:07,934][root][INFO] - Finished replay epoch 1524/10000
[2026-05-28 06:26:13,281][root][INFO] - Finished replay epoch 1525/10000
[2026-05-28 06:26:18,603][root][INFO] - Finished replay epoch 1526/10000
| pretrain       | Iter: 0 | T: 2:44:51 | BS: 3392 | Batched Update FPS: 3.9162
[2026-05-28 06:26:24,016][root][INFO] - Finished replay epoch 1527/10000
[2026-05-28 06:26:29,337][root][INFO] - Finished replay epoch 1528/10000
[2026-05-28 06:26:34,807][root][INFO] - Finished replay epoch 1529/10000
[2026-05-28 06:26:40,147][root][INFO] - Finished replay epoch 1530/10000
| pretrain       | Iter: 0 | T: 2:45:12 | BS: 3392 | Batched Update FPS: 3.5169
[2026-05-28 06:26:45,508][root][INFO] - Finished replay epoch 1531/10000
[2026-05-28 06:26:50,859][root][INFO] - Finished replay epoch 1532/10000
[2026-05-28 06:26:56,278][root][INFO] - Finished replay epoch 1533/10000
[2026-05-28 06:27:01,702][root][INFO] - Finished replay epoch 1534/10000
| pretrain       | Iter: 0 | T: 2:45:32 | BS: 3392 | Batched Update FPS: 3.1951
[2026-05-28 06:27:07,086][root][INFO] - Finished replay epoch 1535/10000
[2026-05-28 06:27:12,409][root][INFO] - Finished replay epoch 1536/10000
[2026-05-28 06:27:17,862][root][INFO] - Finished replay epoch 1537/10000
[2026-05-28 06:27:23,245][root][INFO] - Finished replay epoch 1538/10000
| pretrain       | Iter: 0 | T: 2:45:53 | BS: 3392 | Batched Update FPS: 6.0833
wandb: WARNING `format` argument was not provided, defaulting to `gif`. This parameter will be required in v0.20.0, please specify the format explicitly.
wandb: Encoding video...
| pretrain_eval  | Iter: 0 | S: 40000 | E: 0 | L: 200 | R: 0.0000 | T: 2:48:11
[2026-05-28 06:29:51,102][root][INFO] - Finished replay epoch 1539/10000
[2026-05-28 06:29:54,940][root][INFO] - Finished replay epoch 1540/10000
[2026-05-28 06:29:58,802][root][INFO] - Finished replay epoch 1541/10000
[2026-05-28 06:30:02,622][root][INFO] - Finished replay epoch 1542/10000
| pretrain       | Iter: 0 | T: 2:48:31 | BS: 3392 | Batched Update FPS: 4.9375
[2026-05-28 06:30:06,495][root][INFO] - Finished replay epoch 1543/10000
[2026-05-28 06:30:10,409][root][INFO] - Finished replay epoch 1544/10000
[2026-05-28 06:30:14,262][root][INFO] - Finished replay epoch 1545/10000
[2026-05-28 06:30:18,141][root][INFO] - Finished replay epoch 1546/10000
| pretrain       | Iter: 0 | T: 2:48:46 | BS: 3392 | Batched Update FPS: 5.1497
[2026-05-28 06:30:22,094][root][INFO] - Finished replay epoch 1547/10000
[2026-05-28 06:30:25,931][root][INFO] - Finished replay epoch 1548/10000
[2026-05-28 06:30:29,780][root][INFO] - Finished replay epoch 1549/10000
[2026-05-28 06:30:33,613][root][INFO] - Finished replay epoch 1550/10000
| pretrain       | Iter: 0 | T: 2:49:01 | BS: 3392 | Batched Update FPS: 5.2425
[2026-05-28 06:30:37,516][root][INFO] - Finished replay epoch 1551/10000
[2026-05-28 06:30:41,346][root][INFO] - Finished replay epoch 1552/10000
[2026-05-28 06:30:45,178][root][INFO] - Finished replay epoch 1553/10000
| pretrain       | Iter: 0 | T: 2:49:16 | BS: 3392 | Batched Update FPS: 4.9839
[2026-05-28 06:30:49,041][root][INFO] - Finished replay epoch 1554/10000
[2026-05-28 06:30:52,887][root][INFO] - Finished replay epoch 1555/10000
[2026-05-28 06:30:56,730][root][INFO] - Finished replay epoch 1556/10000
[2026-05-28 06:31:00,552][root][INFO] - Finished replay epoch 1557/10000
| pretrain       | Iter: 0 | T: 2:49:30 | BS: 3392 | Batched Update FPS: 4.9057
[2026-05-28 06:31:04,448][root][INFO] - Finished replay epoch 1558/10000
[2026-05-28 06:31:08,298][root][INFO] - Finished replay epoch 1559/10000
[2026-05-28 06:31:12,243][root][INFO] - Finished replay epoch 1560/10000
[2026-05-28 06:31:16,124][root][INFO] - Finished replay epoch 1561/10000
| pretrain       | Iter: 0 | T: 2:49:45 | BS: 3392 | Batched Update FPS: 4.6928
[2026-05-28 06:31:20,060][root][INFO] - Finished replay epoch 1562/10000
[2026-05-28 06:31:24,014][root][INFO] - Finished replay epoch 1563/10000
[2026-05-28 06:31:28,006][root][INFO] - Finished replay epoch 1564/10000
[2026-05-28 06:31:31,936][root][INFO] - Finished replay epoch 1565/10000
| pretrain       | Iter: 0 | T: 2:50:01 | BS: 3392 | Batched Update FPS: 4.9068
[2026-05-28 06:31:35,894][root][INFO] - Finished replay epoch 1566/10000
[2026-05-28 06:31:39,858][root][INFO] - Finished replay epoch 1567/10000
[2026-05-28 06:31:43,789][root][INFO] - Finished replay epoch 1568/10000
[2026-05-28 06:31:47,758][root][INFO] - Finished replay epoch 1569/10000
| pretrain       | Iter: 0 | T: 2:50:16 | BS: 3392 | Batched Update FPS: 4.9918
[2026-05-28 06:31:51,727][root][INFO] - Finished replay epoch 1570/10000
[2026-05-28 06:31:55,626][root][INFO] - Finished replay epoch 1571/10000
[2026-05-28 06:31:59,526][root][INFO] - Finished replay epoch 1572/10000
[2026-05-28 06:32:03,428][root][INFO] - Finished replay epoch 1573/10000
| pretrain       | Iter: 0 | T: 2:50:31 | BS: 3392 | Batched Update FPS: 4.8859
[2026-05-28 06:32:07,367][root][INFO] - Finished replay epoch 1574/10000
[2026-05-28 06:32:11,278][root][INFO] - Finished replay epoch 1575/10000
[2026-05-28 06:32:15,174][root][INFO] - Finished replay epoch 1576/10000
| pretrain       | Iter: 0 | T: 2:50:46 | BS: 3392 | Batched Update FPS: 5.9557
[2026-05-28 06:32:19,304][root][INFO] - Finished replay epoch 1577/10000
[2026-05-28 06:32:23,190][root][INFO] - Finished replay epoch 1578/10000
[2026-05-28 06:32:27,103][root][INFO] - Finished replay epoch 1579/10000
[2026-05-28 06:32:31,041][root][INFO] - Finished replay epoch 1580/10000
| pretrain       | Iter: 0 | T: 2:51:01 | BS: 3392 | Batched Update FPS: 3.3522
[2026-05-28 06:32:35,406][root][INFO] - Finished replay epoch 1581/10000
[2026-05-28 06:32:40,808][root][INFO] - Finished replay epoch 1582/10000
[2026-05-28 06:32:46,207][root][INFO] - Finished replay epoch 1583/10000
[2026-05-28 06:32:51,557][root][INFO] - Finished replay epoch 1584/10000
| pretrain       | Iter: 0 | T: 2:51:22 | BS: 3392 | Batched Update FPS: 3.9566
[2026-05-28 06:32:56,955][root][INFO] - Finished replay epoch 1585/10000
[2026-05-28 06:33:02,344][root][INFO] - Finished replay epoch 1586/10000
[2026-05-28 06:33:07,730][root][INFO] - Finished replay epoch 1587/10000
[2026-05-28 06:33:13,164][root][INFO] - Finished replay epoch 1588/10000
| pretrain       | Iter: 0 | T: 2:51:43 | BS: 3392 | Batched Update FPS: 3.0481
[2026-05-28 06:33:18,644][root][INFO] - Finished replay epoch 1589/10000
[2026-05-28 06:33:23,998][root][INFO] - Finished replay epoch 1590/10000
[2026-05-28 06:33:29,473][root][INFO] - Finished replay epoch 1591/10000
[2026-05-28 06:33:34,802][root][INFO] - Finished replay epoch 1592/10000
| pretrain       | Iter: 0 | T: 2:52:04 | BS: 3392 | Batched Update FPS: 3.2059
[2026-05-28 06:33:40,206][root][INFO] - Finished replay epoch 1593/10000
[2026-05-28 06:33:45,611][root][INFO] - Finished replay epoch 1594/10000
[2026-05-28 06:33:50,966][root][INFO] - Finished replay epoch 1595/10000
[2026-05-28 06:33:56,347][root][INFO] - Finished replay epoch 1596/10000
| pretrain       | Iter: 0 | T: 2:52:24 | BS: 3392 | Batched Update FPS: 3.5948
[2026-05-28 06:34:01,768][root][INFO] - Finished replay epoch 1597/10000
[2026-05-28 06:34:07,113][root][INFO] - Finished replay epoch 1598/10000
[2026-05-28 06:34:12,484][root][INFO] - Finished replay epoch 1599/10000
[2026-05-28 06:34:17,867][root][INFO] - Finished replay epoch 1600/10000
| pretrain       | Iter: 0 | T: 2:52:45 | BS: 3392 | Batched Update FPS: 4.2150
[2026-05-28 06:34:23,249][root][INFO] - Finished replay epoch 1601/10000
[2026-05-28 06:34:28,622][root][INFO] - Finished replay epoch 1602/10000
[2026-05-28 06:34:34,048][root][INFO] - Finished replay epoch 1603/10000
| pretrain       | Iter: 0 | T: 2:53:06 | BS: 3392 | Batched Update FPS: 3.4053
[2026-05-28 06:34:39,477][root][INFO] - Finished replay epoch 1604/10000
[2026-05-28 06:34:44,917][root][INFO] - Finished replay epoch 1605/10000
[2026-05-28 06:34:50,240][root][INFO] - Finished replay epoch 1606/10000
[2026-05-28 06:34:55,614][root][INFO] - Finished replay epoch 1607/10000
| pretrain       | Iter: 0 | T: 2:53:27 | BS: 3392 | Batched Update FPS: 3.2054
[2026-05-28 06:35:01,027][root][INFO] - Finished replay epoch 1608/10000
[2026-05-28 06:35:06,436][root][INFO] - Finished replay epoch 1609/10000
[2026-05-28 06:35:11,807][root][INFO] - Finished replay epoch 1610/10000
[2026-05-28 06:35:17,155][root][INFO] - Finished replay epoch 1611/10000
| pretrain       | Iter: 0 | T: 2:53:47 | BS: 3392 | Batched Update FPS: 4.4171
[2026-05-28 06:35:22,531][root][INFO] - Finished replay epoch 1612/10000
[2026-05-28 06:35:28,004][root][INFO] - Finished replay epoch 1613/10000
[2026-05-28 06:35:33,368][root][INFO] - Finished replay epoch 1614/10000
[2026-05-28 06:35:38,795][root][INFO] - Finished replay epoch 1615/10000
| pretrain       | Iter: 0 | T: 2:54:08 | BS: 3392 | Batched Update FPS: 5.7282
[2026-05-28 06:35:44,238][root][INFO] - Finished replay epoch 1616/10000
[2026-05-28 06:35:49,607][root][INFO] - Finished replay epoch 1617/10000
[2026-05-28 06:35:55,020][root][INFO] - Finished replay epoch 1618/10000
[2026-05-28 06:36:00,406][root][INFO] - Finished replay epoch 1619/10000
| pretrain       | Iter: 0 | T: 2:54:29 | BS: 3392 | Batched Update FPS: 3.1028
[2026-05-28 06:36:05,792][root][INFO] - Finished replay epoch 1620/10000
[2026-05-28 06:36:11,242][root][INFO] - Finished replay epoch 1621/10000
[2026-05-28 06:36:16,597][root][INFO] - Finished replay epoch 1622/10000
[2026-05-28 06:36:22,027][root][INFO] - Finished replay epoch 1623/10000
| pretrain       | Iter: 0 | T: 2:54:50 | BS: 3392 | Batched Update FPS: 4.4133
[2026-05-28 06:36:27,447][root][INFO] - Finished replay epoch 1624/10000
[2026-05-28 06:36:32,768][root][INFO] - Finished replay epoch 1625/10000
[2026-05-28 06:36:38,128][root][INFO] - Finished replay epoch 1626/10000
| pretrain       | Iter: 0 | T: 2:55:10 | BS: 3392 | Batched Update FPS: 3.1757
[2026-05-28 06:36:43,584][root][INFO] - Finished replay epoch 1627/10000
[2026-05-28 06:36:48,948][root][INFO] - Finished replay epoch 1628/10000
[2026-05-28 06:36:54,232][root][INFO] - Finished replay epoch 1629/10000
[2026-05-28 06:36:59,598][root][INFO] - Finished replay epoch 1630/10000
| pretrain       | Iter: 0 | T: 2:55:31 | BS: 3392 | Batched Update FPS: 3.5203
[2026-05-28 06:37:04,940][root][INFO] - Finished replay epoch 1631/10000
[2026-05-28 06:37:10,375][root][INFO] - Finished replay epoch 1632/10000
[2026-05-28 06:37:15,699][root][INFO] - Finished replay epoch 1633/10000
[2026-05-28 06:37:21,181][root][INFO] - Finished replay epoch 1634/10000
| pretrain       | Iter: 0 | T: 2:55:52 | BS: 3392 | Batched Update FPS: 3.3016
wandb: WARNING `format` argument was not provided, defaulting to `gif`. This parameter will be required in v0.20.0, please specify the format explicitly.
wandb: Encoding video...
| pretrain_eval  | Iter: 0 | S: 42500 | E: 0 | L: 200 | R: 0.0000 | T: 2:58:18
[2026-05-28 06:39:57,731][root][INFO] - Finished replay epoch 1635/10000
[2026-05-28 06:40:03,059][root][INFO] - Finished replay epoch 1636/10000
[2026-05-28 06:40:08,445][root][INFO] - Finished replay epoch 1637/10000
[2026-05-28 06:40:13,961][root][INFO] - Finished replay epoch 1638/10000
| pretrain       | Iter: 0 | T: 2:58:44 | BS: 3392 | Batched Update FPS: 3.0242
[2026-05-28 06:40:19,437][root][INFO] - Finished replay epoch 1639/10000
[2026-05-28 06:40:24,767][root][INFO] - Finished replay epoch 1640/10000
[2026-05-28 06:40:30,071][root][INFO] - Finished replay epoch 1641/10000
[2026-05-28 06:40:35,508][root][INFO] - Finished replay epoch 1642/10000
| pretrain       | Iter: 0 | T: 2:59:04 | BS: 3392 | Batched Update FPS: 3.4253
[2026-05-28 06:40:40,866][root][INFO] - Finished replay epoch 1643/10000
[2026-05-28 06:40:46,246][root][INFO] - Finished replay epoch 1644/10000
[2026-05-28 06:40:51,710][root][INFO] - Finished replay epoch 1645/10000
[2026-05-28 06:40:57,038][root][INFO] - Finished replay epoch 1646/10000
| pretrain       | Iter: 0 | T: 2:59:25 | BS: 3392 | Batched Update FPS: 3.0725
[2026-05-28 06:41:02,473][root][INFO] - Finished replay epoch 1647/10000
[2026-05-28 06:41:07,864][root][INFO] - Finished replay epoch 1648/10000
[2026-05-28 06:41:13,176][root][INFO] - Finished replay epoch 1649/10000
[2026-05-28 06:41:18,445][root][INFO] - Finished replay epoch 1650/10000
| pretrain       | Iter: 0 | T: 2:59:46 | BS: 3392 | Batched Update FPS: 3.7942
[2026-05-28 06:41:23,735][root][INFO] - Finished replay epoch 1651/10000
[2026-05-28 06:41:29,117][root][INFO] - Finished replay epoch 1652/10000
[2026-05-28 06:41:34,552][root][INFO] - Finished replay epoch 1653/10000
| pretrain       | Iter: 0 | T: 3:00:06 | BS: 3392 | Batched Update FPS: 6.0764
[2026-05-28 06:41:40,098][root][INFO] - Finished replay epoch 1654/10000
[2026-05-28 06:41:45,519][root][INFO] - Finished replay epoch 1655/10000
[2026-05-28 06:41:50,912][root][INFO] - Finished replay epoch 1656/10000
[2026-05-28 06:41:56,199][root][INFO] - Finished replay epoch 1657/10000
| pretrain       | Iter: 0 | T: 3:00:27 | BS: 3392 | Batched Update FPS: 4.0851
[2026-05-28 06:42:01,579][root][INFO] - Finished replay epoch 1658/10000
[2026-05-28 06:42:06,962][root][INFO] - Finished replay epoch 1659/10000
[2026-05-28 06:42:12,397][root][INFO] - Finished replay epoch 1660/10000
[2026-05-28 06:42:17,762][root][INFO] - Finished replay epoch 1661/10000
| pretrain       | Iter: 0 | T: 3:00:48 | BS: 3392 | Batched Update FPS: 3.1813
[2026-05-28 06:42:23,175][root][INFO] - Finished replay epoch 1662/10000
[2026-05-28 06:42:28,549][root][INFO] - Finished replay epoch 1663/10000
[2026-05-28 06:42:33,983][root][INFO] - Finished replay epoch 1664/10000
[2026-05-28 06:42:39,380][root][INFO] - Finished replay epoch 1665/10000
| pretrain       | Iter: 0 | T: 3:01:09 | BS: 3392 | Batched Update FPS: 3.3614
[2026-05-28 06:42:44,739][root][INFO] - Finished replay epoch 1666/10000
[2026-05-28 06:42:50,039][root][INFO] - Finished replay epoch 1667/10000
[2026-05-28 06:42:55,456][root][INFO] - Finished replay epoch 1668/10000
[2026-05-28 06:43:00,826][root][INFO] - Finished replay epoch 1669/10000
| pretrain       | Iter: 0 | T: 3:01:29 | BS: 3392 | Batched Update FPS: 3.0827
[2026-05-28 06:43:06,157][root][INFO] - Finished replay epoch 1670/10000
[2026-05-28 06:43:11,604][root][INFO] - Finished replay epoch 1671/10000
[2026-05-28 06:43:16,880][root][INFO] - Finished replay epoch 1672/10000
[2026-05-28 06:43:22,233][root][INFO] - Finished replay epoch 1673/10000
| pretrain       | Iter: 0 | T: 3:01:50 | BS: 3392 | Batched Update FPS: 4.0297
[2026-05-28 06:43:27,572][root][INFO] - Finished replay epoch 1674/10000
[2026-05-28 06:43:33,025][root][INFO] - Finished replay epoch 1675/10000
[2026-05-28 06:43:38,608][root][INFO] - Finished replay epoch 1676/10000
| pretrain       | Iter: 0 | T: 3:02:11 | BS: 3392 | Batched Update FPS: 3.0204
[2026-05-28 06:43:43,991][root][INFO] - Finished replay epoch 1677/10000
[2026-05-28 06:43:49,390][root][INFO] - Finished replay epoch 1678/10000
[2026-05-28 06:43:54,736][root][INFO] - Finished replay epoch 1679/10000
[2026-05-28 06:44:00,133][root][INFO] - Finished replay epoch 1680/10000
| pretrain       | Iter: 0 | T: 3:02:32 | BS: 3392 | Batched Update FPS: 3.8218
[2026-05-28 06:44:05,616][root][INFO] - Finished replay epoch 1681/10000
[2026-05-28 06:44:10,960][root][INFO] - Finished replay epoch 1682/10000
[2026-05-28 06:44:16,286][root][INFO] - Finished replay epoch 1683/10000
[2026-05-28 06:44:21,691][root][INFO] - Finished replay epoch 1684/10000
| pretrain       | Iter: 0 | T: 3:02:52 | BS: 3392 | Batched Update FPS: 3.0110
[2026-05-28 06:44:27,136][root][INFO] - Finished replay epoch 1685/10000
[2026-05-28 06:44:32,527][root][INFO] - Finished replay epoch 1686/10000
[2026-05-28 06:44:37,836][root][INFO] - Finished replay epoch 1687/10000
[2026-05-28 06:44:43,233][root][INFO] - Finished replay epoch 1688/10000
| pretrain       | Iter: 0 | T: 3:03:13 | BS: 3392 | Batched Update FPS: 3.0580
[2026-05-28 06:44:48,618][root][INFO] - Finished replay epoch 1689/10000
[2026-05-28 06:44:54,079][root][INFO] - Finished replay epoch 1690/10000
[2026-05-28 06:44:59,468][root][INFO] - Finished replay epoch 1691/10000
[2026-05-28 06:45:04,864][root][INFO] - Finished replay epoch 1692/10000
| pretrain       | Iter: 0 | T: 3:03:34 | BS: 3392 | Batched Update FPS: 3.8594
[2026-05-28 06:45:10,544][root][INFO] - Finished replay epoch 1693/10000
[2026-05-28 06:45:15,980][root][INFO] - Finished replay epoch 1694/10000
[2026-05-28 06:45:21,386][root][INFO] - Finished replay epoch 1695/10000
[2026-05-28 06:45:26,802][root][INFO] - Finished replay epoch 1696/10000
| pretrain       | Iter: 0 | T: 3:03:55 | BS: 3392 | Batched Update FPS: 3.9533
[2026-05-28 06:45:32,238][root][INFO] - Finished replay epoch 1697/10000
[2026-05-28 06:45:37,646][root][INFO] - Finished replay epoch 1698/10000
[2026-05-28 06:45:43,022][root][INFO] - Finished replay epoch 1699/10000
[2026-05-28 06:45:48,433][root][INFO] - Finished replay epoch 1700/10000
| pretrain       | Iter: 0 | T: 3:04:16 | BS: 3392 | Batched Update FPS: 3.2392
[2026-05-28 06:45:53,889][root][INFO] - Finished replay epoch 1701/10000
[2026-05-28 06:45:59,304][root][INFO] - Finished replay epoch 1702/10000
[2026-05-28 06:46:04,620][root][INFO] - Finished replay epoch 1703/10000
| pretrain       | Iter: 0 | T: 3:04:36 | BS: 3392 | Batched Update FPS: 3.0204
[2026-05-28 06:46:10,032][root][INFO] - Finished replay epoch 1704/10000
[2026-05-28 06:46:15,394][root][INFO] - Finished replay epoch 1705/10000
[2026-05-28 06:46:20,703][root][INFO] - Finished replay epoch 1706/10000
[2026-05-28 06:46:26,067][root][INFO] - Finished replay epoch 1707/10000
| pretrain       | Iter: 0 | T: 3:04:57 | BS: 3392 | Batched Update FPS: 3.0452
[2026-05-28 06:46:31,536][root][INFO] - Finished replay epoch 1708/10000
[2026-05-28 06:46:36,867][root][INFO] - Finished replay epoch 1709/10000
[2026-05-28 06:46:42,262][root][INFO] - Finished replay epoch 1710/10000
[2026-05-28 06:46:47,667][root][INFO] - Finished replay epoch 1711/10000
| pretrain       | Iter: 0 | T: 3:05:18 | BS: 3392 | Batched Update FPS: 3.3999
[2026-05-28 06:46:53,050][root][INFO] - Finished replay epoch 1712/10000
[2026-05-28 06:46:58,387][root][INFO] - Finished replay epoch 1713/10000
[2026-05-28 06:47:03,797][root][INFO] - Finished replay epoch 1714/10000
[2026-05-28 06:47:09,143][root][INFO] - Finished replay epoch 1715/10000
| pretrain       | Iter: 0 | T: 3:05:39 | BS: 3392 | Batched Update FPS: 3.0819
[2026-05-28 06:47:13,929][root][INFO] - Finished replay epoch 1716/10000
[2026-05-28 06:47:19,269][root][INFO] - Finished replay epoch 1717/10000
[2026-05-28 06:47:24,682][root][INFO] - Finished replay epoch 1718/10000
[2026-05-28 06:47:30,110][root][INFO] - Finished replay epoch 1719/10000
| pretrain       | Iter: 0 | T: 3:05:59 | BS: 3392 | Batched Update FPS: 3.2033
[2026-05-28 06:47:35,506][root][INFO] - Finished replay epoch 1720/10000
[2026-05-28 06:47:40,818][root][INFO] - Finished replay epoch 1721/10000
[2026-05-28 06:47:46,206][root][INFO] - Finished replay epoch 1722/10000
[2026-05-28 06:47:51,569][root][INFO] - Finished replay epoch 1723/10000
| pretrain       | Iter: 0 | T: 3:06:19 | BS: 3392 | Batched Update FPS: 3.2697
[2026-05-28 06:47:57,029][root][INFO] - Finished replay epoch 1724/10000
[2026-05-28 06:48:02,436][root][INFO] - Finished replay epoch 1725/10000
[2026-05-28 06:48:07,688][root][INFO] - Finished replay epoch 1726/10000
| pretrain       | Iter: 0 | T: 3:06:40 | BS: 3392 | Batched Update FPS: 3.4075
[2026-05-28 06:48:13,135][root][INFO] - Finished replay epoch 1727/10000
[2026-05-28 06:48:18,580][root][INFO] - Finished replay epoch 1728/10000
[2026-05-28 06:48:23,951][root][INFO] - Finished replay epoch 1729/10000
[2026-05-28 06:48:29,291][root][INFO] - Finished replay epoch 1730/10000
| pretrain       | Iter: 0 | T: 3:07:01 | BS: 3392 | Batched Update FPS: 4.1178
wandb: WARNING `format` argument was not provided, defaulting to `gif`. This parameter will be required in v0.20.0, please specify the format explicitly.
wandb: Encoding video...
| pretrain_eval  | Iter: 0 | S: 45000 | E: 0 | L: 200 | R: 0.0000 | T: 3:08:57
[2026-05-28 06:50:35,070][root][INFO] - Finished replay epoch 1731/10000
[2026-05-28 06:50:38,972][root][INFO] - Finished replay epoch 1732/10000
[2026-05-28 06:50:42,890][root][INFO] - Finished replay epoch 1733/10000
[2026-05-28 06:50:46,817][root][INFO] - Finished replay epoch 1734/10000
| pretrain       | Iter: 0 | T: 3:09:16 | BS: 3392 | Batched Update FPS: 4.9416
[2026-05-28 06:50:50,674][root][INFO] - Finished replay epoch 1735/10000
[2026-05-28 06:50:54,396][root][INFO] - Finished replay epoch 1736/10000
[2026-05-28 06:50:59,510][root][INFO] - Finished replay epoch 1737/10000
[2026-05-28 06:51:04,737][root][INFO] - Finished replay epoch 1738/10000
| pretrain       | Iter: 0 | T: 3:09:34 | BS: 3392 | Batched Update FPS: 4.0592
[2026-05-28 06:51:10,043][root][INFO] - Finished replay epoch 1739/10000
[2026-05-28 06:51:15,297][root][INFO] - Finished replay epoch 1740/10000
[2026-05-28 06:51:20,475][root][INFO] - Finished replay epoch 1741/10000
[2026-05-28 06:51:25,610][root][INFO] - Finished replay epoch 1742/10000
| pretrain       | Iter: 0 | T: 3:09:54 | BS: 3392 | Batched Update FPS: 3.8098
[2026-05-28 06:51:30,824][root][INFO] - Finished replay epoch 1743/10000
[2026-05-28 06:51:36,066][root][INFO] - Finished replay epoch 1744/10000
[2026-05-28 06:51:41,232][root][INFO] - Finished replay epoch 1745/10000
[2026-05-28 06:51:46,418][root][INFO] - Finished replay epoch 1746/10000
| pretrain       | Iter: 0 | T: 3:10:14 | BS: 3392 | Batched Update FPS: 3.0597
[2026-05-28 06:51:51,610][root][INFO] - Finished replay epoch 1747/10000
[2026-05-28 06:51:56,836][root][INFO] - Finished replay epoch 1748/10000
[2026-05-28 06:52:02,099][root][INFO] - Finished replay epoch 1749/10000
[2026-05-28 06:52:07,388][root][INFO] - Finished replay epoch 1750/10000
| pretrain       | Iter: 0 | T: 3:10:35 | BS: 3392 | Batched Update FPS: 3.6782
[2026-05-28 06:52:12,667][root][INFO] - Finished replay epoch 1751/10000
[2026-05-28 06:52:18,009][root][INFO] - Finished replay epoch 1752/10000
[2026-05-28 06:52:23,214][root][INFO] - Finished replay epoch 1753/10000
| pretrain       | Iter: 0 | T: 3:10:55 | BS: 3392 | Batched Update FPS: 3.3695
[2026-05-28 06:52:28,489][root][INFO] - Finished replay epoch 1754/10000
[2026-05-28 06:52:33,696][root][INFO] - Finished replay epoch 1755/10000
[2026-05-28 06:52:38,902][root][INFO] - Finished replay epoch 1756/10000
[2026-05-28 06:52:44,139][root][INFO] - Finished replay epoch 1757/10000
| pretrain       | Iter: 0 | T: 3:11:15 | BS: 3392 | Batched Update FPS: 2.9708
[2026-05-28 06:52:49,554][root][INFO] - Finished replay epoch 1758/10000
[2026-05-28 06:52:54,751][root][INFO] - Finished replay epoch 1759/10000
[2026-05-28 06:52:59,944][root][INFO] - Finished replay epoch 1760/10000
[2026-05-28 06:53:05,198][root][INFO] - Finished replay epoch 1761/10000
| pretrain       | Iter: 0 | T: 3:11:35 | BS: 3392 | Batched Update FPS: 3.2550
[2026-05-28 06:53:10,481][root][INFO] - Finished replay epoch 1762/10000
[2026-05-28 06:53:15,694][root][INFO] - Finished replay epoch 1763/10000
[2026-05-28 06:53:20,903][root][INFO] - Finished replay epoch 1764/10000
[2026-05-28 06:53:26,080][root][INFO] - Finished replay epoch 1765/10000
| pretrain       | Iter: 0 | T: 3:11:55 | BS: 3392 | Batched Update FPS: 3.8608
[2026-05-28 06:53:31,372][root][INFO] - Finished replay epoch 1766/10000
[2026-05-28 06:53:36,572][root][INFO] - Finished replay epoch 1767/10000
[2026-05-28 06:53:41,795][root][INFO] - Finished replay epoch 1768/10000
[2026-05-28 06:53:47,015][root][INFO] - Finished replay epoch 1769/10000
| pretrain       | Iter: 0 | T: 3:12:16 | BS: 3392 | Batched Update FPS: 3.5951
[2026-05-28 06:53:52,601][root][INFO] - Finished replay epoch 1770/10000
[2026-05-28 06:53:57,886][root][INFO] - Finished replay epoch 1771/10000
[2026-05-28 06:54:03,110][root][INFO] - Finished replay epoch 1772/10000
[2026-05-28 06:54:08,333][root][INFO] - Finished replay epoch 1773/10000
| pretrain       | Iter: 0 | T: 3:12:36 | BS: 3392 | Batched Update FPS: 3.0166
[2026-05-28 06:54:13,728][root][INFO] - Finished replay epoch 1774/10000
[2026-05-28 06:54:18,876][root][INFO] - Finished replay epoch 1775/10000
[2026-05-28 06:54:24,127][root][INFO] - Finished replay epoch 1776/10000
| pretrain       | Iter: 0 | T: 3:12:56 | BS: 3392 | Batched Update FPS: 4.0471
[2026-05-28 06:54:29,404][root][INFO] - Finished replay epoch 1777/10000
[2026-05-28 06:54:34,723][root][INFO] - Finished replay epoch 1778/10000
[2026-05-28 06:54:39,887][root][INFO] - Finished replay epoch 1779/10000
[2026-05-28 06:54:45,113][root][INFO] - Finished replay epoch 1780/10000
| pretrain       | Iter: 0 | T: 3:13:16 | BS: 3392 | Batched Update FPS: 3.5379
[2026-05-28 06:54:50,342][root][INFO] - Finished replay epoch 1781/10000
[2026-05-28 06:54:55,581][root][INFO] - Finished replay epoch 1782/10000
[2026-05-28 06:55:00,810][root][INFO] - Finished replay epoch 1783/10000
[2026-05-28 06:55:06,017][root][INFO] - Finished replay epoch 1784/10000
| pretrain       | Iter: 0 | T: 3:13:36 | BS: 3392 | Batched Update FPS: 3.2499
[2026-05-28 06:55:11,234][root][INFO] - Finished replay epoch 1785/10000
[2026-05-28 06:55:16,442][root][INFO] - Finished replay epoch 1786/10000
[2026-05-28 06:55:21,645][root][INFO] - Finished replay epoch 1787/10000
[2026-05-28 06:55:26,896][root][INFO] - Finished replay epoch 1788/10000
| pretrain       | Iter: 0 | T: 3:13:57 | BS: 3392 | Batched Update FPS: 3.2773
[2026-05-28 06:55:32,168][root][INFO] - Finished replay epoch 1789/10000
[2026-05-28 06:55:37,371][root][INFO] - Finished replay epoch 1790/10000
[2026-05-28 06:55:42,601][root][INFO] - Finished replay epoch 1791/10000
[2026-05-28 06:55:47,846][root][INFO] - Finished replay epoch 1792/10000
| pretrain       | Iter: 0 | T: 3:14:17 | BS: 3392 | Batched Update FPS: 3.8727
[2026-05-28 06:55:53,105][root][INFO] - Finished replay epoch 1793/10000
[2026-05-28 06:55:58,308][root][INFO] - Finished replay epoch 1794/10000
[2026-05-28 06:56:03,417][root][INFO] - Finished replay epoch 1795/10000
[2026-05-28 06:56:08,687][root][INFO] - Finished replay epoch 1796/10000
| pretrain       | Iter: 0 | T: 3:14:37 | BS: 3392 | Batched Update FPS: 3.2213
[2026-05-28 06:56:14,002][root][INFO] - Finished replay epoch 1797/10000
[2026-05-28 06:56:19,229][root][INFO] - Finished replay epoch 1798/10000
[2026-05-28 06:56:24,512][root][INFO] - Finished replay epoch 1799/10000
[2026-05-28 06:56:29,800][root][INFO] - Finished replay epoch 1800/10000
| pretrain       | Iter: 0 | T: 3:14:57 | BS: 3392 | Batched Update FPS: 4.2800
[2026-05-28 06:56:34,969][root][INFO] - Finished replay epoch 1801/10000
[2026-05-28 06:56:40,192][root][INFO] - Finished replay epoch 1802/10000
[2026-05-28 06:56:45,404][root][INFO] - Finished replay epoch 1803/10000
| pretrain       | Iter: 0 | T: 3:15:17 | BS: 3392 | Batched Update FPS: 4.0213
[2026-05-28 06:56:50,562][root][INFO] - Finished replay epoch 1804/10000
[2026-05-28 06:56:55,788][root][INFO] - Finished replay epoch 1805/10000
[2026-05-28 06:57:00,988][root][INFO] - Finished replay epoch 1806/10000
[2026-05-28 06:57:06,208][root][INFO] - Finished replay epoch 1807/10000
| pretrain       | Iter: 0 | T: 3:15:37 | BS: 3392 | Batched Update FPS: 4.1010
[2026-05-28 06:57:11,764][root][INFO] - Finished replay epoch 1808/10000
[2026-05-28 06:57:16,959][root][INFO] - Finished replay epoch 1809/10000
[2026-05-28 06:57:22,162][root][INFO] - Finished replay epoch 1810/10000
[2026-05-28 06:57:27,404][root][INFO] - Finished replay epoch 1811/10000
| pretrain       | Iter: 0 | T: 3:15:57 | BS: 3392 | Batched Update FPS: 4.0379
[2026-05-28 06:57:32,757][root][INFO] - Finished replay epoch 1812/10000
[2026-05-28 06:57:37,984][root][INFO] - Finished replay epoch 1813/10000
[2026-05-28 06:57:43,262][root][INFO] - Finished replay epoch 1814/10000
[2026-05-28 06:57:48,441][root][INFO] - Finished replay epoch 1815/10000
| pretrain       | Iter: 0 | T: 3:16:18 | BS: 3392 | Batched Update FPS: 4.7889
[2026-05-28 06:57:53,675][root][INFO] - Finished replay epoch 1816/10000
[2026-05-28 06:57:58,893][root][INFO] - Finished replay epoch 1817/10000
[2026-05-28 06:58:04,113][root][INFO] - Finished replay epoch 1818/10000
[2026-05-28 06:58:09,350][root][INFO] - Finished replay epoch 1819/10000
| pretrain       | Iter: 0 | T: 3:16:38 | BS: 3392 | Batched Update FPS: 4.0488
[2026-05-28 06:58:14,658][root][INFO] - Finished replay epoch 1820/10000
[2026-05-28 06:58:19,859][root][INFO] - Finished replay epoch 1821/10000
[2026-05-28 06:58:25,146][root][INFO] - Finished replay epoch 1822/10000
[2026-05-28 06:58:30,373][root][INFO] - Finished replay epoch 1823/10000
| pretrain       | Iter: 0 | T: 3:16:58 | BS: 3392 | Batched Update FPS: 4.3471
[2026-05-28 06:58:35,572][root][INFO] - Finished replay epoch 1824/10000
[2026-05-28 06:58:40,811][root][INFO] - Finished replay epoch 1825/10000
[2026-05-28 06:58:46,017][root][INFO] - Finished replay epoch 1826/10000
| pretrain       | Iter: 0 | T: 3:17:18 | BS: 3392 | Batched Update FPS: 5.3578
wandb: WARNING `format` argument was not provided, defaulting to `gif`. This parameter will be required in v0.20.0, please specify the format explicitly.
wandb: Encoding video...
| pretrain_eval  | Iter: 0 | S: 47500 | E: 0 | L: 200 | R: 0.0000 | T: 3:19:12
[2026-05-28 07:00:50,390][root][INFO] - Finished replay epoch 1827/10000
[2026-05-28 07:00:54,302][root][INFO] - Finished replay epoch 1828/10000
[2026-05-28 07:00:58,146][root][INFO] - Finished replay epoch 1829/10000
[2026-05-28 07:01:02,022][root][INFO] - Finished replay epoch 1830/10000
| pretrain       | Iter: 0 | T: 3:19:32 | BS: 3392 | Batched Update FPS: 4.9380
[2026-05-28 07:01:05,894][root][INFO] - Finished replay epoch 1831/10000
[2026-05-28 07:01:09,738][root][INFO] - Finished replay epoch 1832/10000
[2026-05-28 07:01:13,571][root][INFO] - Finished replay epoch 1833/10000
[2026-05-28 07:01:17,441][root][INFO] - Finished replay epoch 1834/10000
| pretrain       | Iter: 0 | T: 3:19:47 | BS: 3392 | Batched Update FPS: 5.1250
[2026-05-28 07:01:21,284][root][INFO] - Finished replay epoch 1835/10000
[2026-05-28 07:01:25,108][root][INFO] - Finished replay epoch 1836/10000
[2026-05-28 07:01:28,896][root][INFO] - Finished replay epoch 1837/10000
[2026-05-28 07:01:32,722][root][INFO] - Finished replay epoch 1838/10000
| pretrain       | Iter: 0 | T: 3:20:02 | BS: 3392 | Batched Update FPS: 5.0817
[2026-05-28 07:01:36,588][root][INFO] - Finished replay epoch 1839/10000
[2026-05-28 07:01:40,489][root][INFO] - Finished replay epoch 1840/10000
[2026-05-28 07:01:44,380][root][INFO] - Finished replay epoch 1841/10000
[2026-05-28 07:01:48,298][root][INFO] - Finished replay epoch 1842/10000
| pretrain       | Iter: 0 | T: 3:20:17 | BS: 3392 | Batched Update FPS: 4.8296
[2026-05-28 07:01:52,210][root][INFO] - Finished replay epoch 1843/10000
[2026-05-28 07:01:56,096][root][INFO] - Finished replay epoch 1844/10000
[2026-05-28 07:01:59,980][root][INFO] - Finished replay epoch 1845/10000
[2026-05-28 07:02:03,856][root][INFO] - Finished replay epoch 1846/10000
| pretrain       | Iter: 0 | T: 3:20:32 | BS: 3392 | Batched Update FPS: 5.8383
[2026-05-28 07:02:08,018][root][INFO] - Finished replay epoch 1847/10000
[2026-05-28 07:02:11,802][root][INFO] - Finished replay epoch 1848/10000
[2026-05-28 07:02:15,485][root][INFO] - Finished replay epoch 1849/10000
[2026-05-28 07:02:19,353][root][INFO] - Finished replay epoch 1850/10000
| pretrain       | Iter: 0 | T: 3:20:47 | BS: 3392 | Batched Update FPS: 5.1900
[2026-05-28 07:02:23,198][root][INFO] - Finished replay epoch 1851/10000
[2026-05-28 07:02:27,073][root][INFO] - Finished replay epoch 1852/10000
[2026-05-28 07:02:30,918][root][INFO] - Finished replay epoch 1853/10000
| pretrain       | Iter: 0 | T: 3:21:01 | BS: 3392 | Batched Update FPS: 5.0833
[2026-05-28 07:02:34,735][root][INFO] - Finished replay epoch 1854/10000
[2026-05-28 07:02:38,579][root][INFO] - Finished replay epoch 1855/10000
[2026-05-28 07:02:42,418][root][INFO] - Finished replay epoch 1856/10000
[2026-05-28 07:02:47,622][root][INFO] - Finished replay epoch 1857/10000
| pretrain       | Iter: 0 | T: 3:21:18 | BS: 3392 | Batched Update FPS: 4.1225
[2026-05-28 07:02:52,855][root][INFO] - Finished replay epoch 1858/10000
[2026-05-28 07:02:58,130][root][INFO] - Finished replay epoch 1859/10000
[2026-05-28 07:03:03,379][root][INFO] - Finished replay epoch 1860/10000
[2026-05-28 07:03:08,647][root][INFO] - Finished replay epoch 1861/10000
| pretrain       | Iter: 0 | T: 3:21:39 | BS: 3392 | Batched Update FPS: 3.1325
[2026-05-28 07:03:13,913][root][INFO] - Finished replay epoch 1862/10000
[2026-05-28 07:03:19,177][root][INFO] - Finished replay epoch 1863/10000
[2026-05-28 07:03:24,392][root][INFO] - Finished replay epoch 1864/10000
[2026-05-28 07:03:29,641][root][INFO] - Finished replay epoch 1865/10000
| pretrain       | Iter: 0 | T: 3:21:59 | BS: 3392 | Batched Update FPS: 3.1419
[2026-05-28 07:03:34,912][root][INFO] - Finished replay epoch 1866/10000
[2026-05-28 07:03:40,148][root][INFO] - Finished replay epoch 1867/10000
[2026-05-28 07:03:45,370][root][INFO] - Finished replay epoch 1868/10000
[2026-05-28 07:03:50,567][root][INFO] - Finished replay epoch 1869/10000
| pretrain       | Iter: 0 | T: 3:22:19 | BS: 3392 | Batched Update FPS: 4.0351
[2026-05-28 07:03:55,838][root][INFO] - Finished replay epoch 1870/10000
[2026-05-28 07:04:01,005][root][INFO] - Finished replay epoch 1871/10000
[2026-05-28 07:04:06,253][root][INFO] - Finished replay epoch 1872/10000
[2026-05-28 07:04:11,468][root][INFO] - Finished replay epoch 1873/10000
| pretrain       | Iter: 0 | T: 3:22:39 | BS: 3392 | Batched Update FPS: 4.8870
[2026-05-28 07:04:16,683][root][INFO] - Finished replay epoch 1874/10000
[2026-05-28 07:04:21,971][root][INFO] - Finished replay epoch 1875/10000
[2026-05-28 07:04:27,201][root][INFO] - Finished replay epoch 1876/10000
| pretrain       | Iter: 0 | T: 3:22:59 | BS: 3392 | Batched Update FPS: 4.0487
[2026-05-28 07:04:32,491][root][INFO] - Finished replay epoch 1877/10000
[2026-05-28 07:04:37,714][root][INFO] - Finished replay epoch 1878/10000
[2026-05-28 07:04:42,914][root][INFO] - Finished replay epoch 1879/10000
[2026-05-28 07:04:48,100][root][INFO] - Finished replay epoch 1880/10000
| pretrain       | Iter: 0 | T: 3:23:19 | BS: 3392 | Batched Update FPS: 3.5100
[2026-05-28 07:04:53,381][root][INFO] - Finished replay epoch 1881/10000
[2026-05-28 07:04:58,568][root][INFO] - Finished replay epoch 1882/10000
[2026-05-28 07:05:03,798][root][INFO] - Finished replay epoch 1883/10000
[2026-05-28 07:05:08,961][root][INFO] - Finished replay epoch 1884/10000
| pretrain       | Iter: 0 | T: 3:23:40 | BS: 3392 | Batched Update FPS: 5.6449
[2026-05-28 07:05:14,391][root][INFO] - Finished replay epoch 1885/10000
[2026-05-28 07:05:19,664][root][INFO] - Finished replay epoch 1886/10000
[2026-05-28 07:05:24,899][root][INFO] - Finished replay epoch 1887/10000
[2026-05-28 07:05:30,148][root][INFO] - Finished replay epoch 1888/10000
| pretrain       | Iter: 0 | T: 3:24:00 | BS: 3392 | Batched Update FPS: 3.9970
[2026-05-28 07:05:35,511][root][INFO] - Finished replay epoch 1889/10000
[2026-05-28 07:05:40,832][root][INFO] - Finished replay epoch 1890/10000
[2026-05-28 07:05:46,111][root][INFO] - Finished replay epoch 1891/10000
[2026-05-28 07:05:51,346][root][INFO] - Finished replay epoch 1892/10000
| pretrain       | Iter: 0 | T: 3:24:20 | BS: 3392 | Batched Update FPS: 3.2832
[2026-05-28 07:05:56,573][root][INFO] - Finished replay epoch 1893/10000
[2026-05-28 07:06:01,888][root][INFO] - Finished replay epoch 1894/10000
[2026-05-28 07:06:07,150][root][INFO] - Finished replay epoch 1895/10000
[2026-05-28 07:06:12,410][root][INFO] - Finished replay epoch 1896/10000
| pretrain       | Iter: 0 | T: 3:24:40 | BS: 3392 | Batched Update FPS: 3.9149
[2026-05-28 07:06:17,612][root][INFO] - Finished replay epoch 1897/10000
[2026-05-28 07:06:22,882][root][INFO] - Finished replay epoch 1898/10000
[2026-05-28 07:06:28,072][root][INFO] - Finished replay epoch 1899/10000
[2026-05-28 07:06:33,345][root][INFO] - Finished replay epoch 1900/10000
| pretrain       | Iter: 0 | T: 3:25:01 | BS: 3392 | Batched Update FPS: 3.2881
[2026-05-28 07:06:38,513][root][INFO] - Finished replay epoch 1901/10000
[2026-05-28 07:06:43,740][root][INFO] - Finished replay epoch 1902/10000
[2026-05-28 07:06:48,988][root][INFO] - Finished replay epoch 1903/10000
| pretrain       | Iter: 0 | T: 3:25:21 | BS: 3392 | Batched Update FPS: 4.0941
[2026-05-28 07:06:54,204][root][INFO] - Finished replay epoch 1904/10000
[2026-05-28 07:06:59,437][root][INFO] - Finished replay epoch 1905/10000
[2026-05-28 07:07:04,668][root][INFO] - Finished replay epoch 1906/10000
[2026-05-28 07:07:09,881][root][INFO] - Finished replay epoch 1907/10000
| pretrain       | Iter: 0 | T: 3:25:41 | BS: 3392 | Batched Update FPS: 5.0974
[2026-05-28 07:07:15,142][root][INFO] - Finished replay epoch 1908/10000
[2026-05-28 07:07:20,345][root][INFO] - Finished replay epoch 1909/10000
[2026-05-28 07:07:25,554][root][INFO] - Finished replay epoch 1910/10000
[2026-05-28 07:07:30,777][root][INFO] - Finished replay epoch 1911/10000
| pretrain       | Iter: 0 | T: 3:26:01 | BS: 3392 | Batched Update FPS: 3.7988
[2026-05-28 07:07:36,012][root][INFO] - Finished replay epoch 1912/10000
[2026-05-28 07:07:41,262][root][INFO] - Finished replay epoch 1913/10000
[2026-05-28 07:07:46,477][root][INFO] - Finished replay epoch 1914/10000
[2026-05-28 07:07:51,637][root][INFO] - Finished replay epoch 1915/10000
| pretrain       | Iter: 0 | T: 3:26:21 | BS: 3392 | Batched Update FPS: 3.6684
[2026-05-28 07:07:56,919][root][INFO] - Finished replay epoch 1916/10000
[2026-05-28 07:08:02,131][root][INFO] - Finished replay epoch 1917/10000
[2026-05-28 07:08:07,402][root][INFO] - Finished replay epoch 1918/10000
[2026-05-28 07:08:12,670][root][INFO] - Finished replay epoch 1919/10000
| pretrain       | Iter: 0 | T: 3:26:41 | BS: 3392 | Batched Update FPS: 3.3498
[2026-05-28 07:08:17,925][root][INFO] - Finished replay epoch 1920/10000
[2026-05-28 07:08:23,104][root][INFO] - Finished replay epoch 1921/10000
[2026-05-28 07:08:28,330][root][INFO] - Finished replay epoch 1922/10000
[2026-05-28 07:08:33,556][root][INFO] - Finished replay epoch 1923/10000
| pretrain       | Iter: 0 | T: 3:27:02 | BS: 3392 | Batched Update FPS: 3.1963
wandb: WARNING `format` argument was not provided, defaulting to `gif`. This parameter will be required in v0.20.0, please specify the format explicitly.
wandb: Encoding video...
| pretrain_eval  | Iter: 0 | S: 50000 | E: 0 | L: 200 | R: 0.0000 | T: 3:29:24
[2026-05-28 07:11:05,863][root][INFO] - Finished replay epoch 1924/10000
[2026-05-28 07:11:11,033][root][INFO] - Finished replay epoch 1925/10000
[2026-05-28 07:11:16,256][root][INFO] - Finished replay epoch 1926/10000
| pretrain       | Iter: 0 | T: 3:29:48 | BS: 3392 | Batched Update FPS: 4.0715
[2026-05-28 07:11:21,578][root][INFO] - Finished replay epoch 1927/10000
[2026-05-28 07:11:26,811][root][INFO] - Finished replay epoch 1928/10000
[2026-05-28 07:11:32,011][root][INFO] - Finished replay epoch 1929/10000
[2026-05-28 07:11:37,245][root][INFO] - Finished replay epoch 1930/10000
| pretrain       | Iter: 0 | T: 3:30:09 | BS: 3392 | Batched Update FPS: 4.3389
[2026-05-28 07:11:42,508][root][INFO] - Finished replay epoch 1931/10000
[2026-05-28 07:11:47,703][root][INFO] - Finished replay epoch 1932/10000
[2026-05-28 07:11:52,952][root][INFO] - Finished replay epoch 1933/10000
[2026-05-28 07:11:58,152][root][INFO] - Finished replay epoch 1934/10000
| pretrain       | Iter: 0 | T: 3:30:29 | BS: 3392 | Batched Update FPS: 4.1574
[2026-05-28 07:12:03,402][root][INFO] - Finished replay epoch 1935/10000
[2026-05-28 07:12:08,609][root][INFO] - Finished replay epoch 1936/10000
[2026-05-28 07:12:13,845][root][INFO] - Finished replay epoch 1937/10000
[2026-05-28 07:12:19,056][root][INFO] - Finished replay epoch 1938/10000
| pretrain       | Iter: 0 | T: 3:30:49 | BS: 3392 | Batched Update FPS: 3.1599
[2026-05-28 07:12:24,369][root][INFO] - Finished replay epoch 1939/10000
[2026-05-28 07:12:29,584][root][INFO] - Finished replay epoch 1940/10000
[2026-05-28 07:12:34,837][root][INFO] - Finished replay epoch 1941/10000
[2026-05-28 07:12:39,779][root][INFO] - Finished replay epoch 1942/10000
| pretrain       | Iter: 0 | T: 3:31:09 | BS: 3392 | Batched Update FPS: 3.0759
[2026-05-28 07:12:44,934][root][INFO] - Finished replay epoch 1943/10000
[2026-05-28 07:12:50,175][root][INFO] - Finished replay epoch 1944/10000
[2026-05-28 07:12:55,393][root][INFO] - Finished replay epoch 1945/10000
[2026-05-28 07:13:00,636][root][INFO] - Finished replay epoch 1946/10000
| pretrain       | Iter: 0 | T: 3:31:29 | BS: 3392 | Batched Update FPS: 4.0052
[2026-05-28 07:13:05,858][root][INFO] - Finished replay epoch 1947/10000
[2026-05-28 07:13:11,112][root][INFO] - Finished replay epoch 1948/10000
[2026-05-28 07:13:16,351][root][INFO] - Finished replay epoch 1949/10000
[2026-05-28 07:13:21,612][root][INFO] - Finished replay epoch 1950/10000
| pretrain       | Iter: 0 | T: 3:31:49 | BS: 3392 | Batched Update FPS: 4.1924
[2026-05-28 07:13:26,863][root][INFO] - Finished replay epoch 1951/10000
[2026-05-28 07:13:32,101][root][INFO] - Finished replay epoch 1952/10000
[2026-05-28 07:13:37,319][root][INFO] - Finished replay epoch 1953/10000
| pretrain       | Iter: 0 | T: 3:32:09 | BS: 3392 | Batched Update FPS: 3.2866
[2026-05-28 07:13:42,529][root][INFO] - Finished replay epoch 1954/10000
[2026-05-28 07:13:47,788][root][INFO] - Finished replay epoch 1955/10000
[2026-05-28 07:13:53,051][root][INFO] - Finished replay epoch 1956/10000
[2026-05-28 07:13:58,334][root][INFO] - Finished replay epoch 1957/10000
| pretrain       | Iter: 0 | T: 3:32:29 | BS: 3392 | Batched Update FPS: 3.6333
[2026-05-28 07:14:03,562][root][INFO] - Finished replay epoch 1958/10000
[2026-05-28 07:14:08,779][root][INFO] - Finished replay epoch 1959/10000
[2026-05-28 07:14:13,996][root][INFO] - Finished replay epoch 1960/10000
[2026-05-28 07:14:19,257][root][INFO] - Finished replay epoch 1961/10000
| pretrain       | Iter: 0 | T: 3:32:49 | BS: 3392 | Batched Update FPS: 6.0314
[2026-05-28 07:14:24,712][root][INFO] - Finished replay epoch 1962/10000
[2026-05-28 07:14:29,939][root][INFO] - Finished replay epoch 1963/10000
[2026-05-28 07:14:35,398][root][INFO] - Finished replay epoch 1964/10000
[2026-05-28 07:14:40,637][root][INFO] - Finished replay epoch 1965/10000
| pretrain       | Iter: 0 | T: 3:33:10 | BS: 3392 | Batched Update FPS: 3.2379
[2026-05-28 07:14:45,865][root][INFO] - Finished replay epoch 1966/10000
[2026-05-28 07:14:51,115][root][INFO] - Finished replay epoch 1967/10000
[2026-05-28 07:14:56,372][root][INFO] - Finished replay epoch 1968/10000
[2026-05-28 07:15:01,596][root][INFO] - Finished replay epoch 1969/10000
| pretrain       | Iter: 0 | T: 3:33:30 | BS: 3392 | Batched Update FPS: 4.0084
[2026-05-28 07:15:06,855][root][INFO] - Finished replay epoch 1970/10000
[2026-05-28 07:15:12,073][root][INFO] - Finished replay epoch 1971/10000
[2026-05-28 07:15:17,310][root][INFO] - Finished replay epoch 1972/10000
[2026-05-28 07:15:22,565][root][INFO] - Finished replay epoch 1973/10000
| pretrain       | Iter: 0 | T: 3:33:50 | BS: 3392 | Batched Update FPS: 4.0327
[2026-05-28 07:15:27,821][root][INFO] - Finished replay epoch 1974/10000
[2026-05-28 07:15:33,050][root][INFO] - Finished replay epoch 1975/10000
[2026-05-28 07:15:38,248][root][INFO] - Finished replay epoch 1976/10000
| pretrain       | Iter: 0 | T: 3:34:10 | BS: 3392 | Batched Update FPS: 3.3219
[2026-05-28 07:15:43,502][root][INFO] - Finished replay epoch 1977/10000
[2026-05-28 07:15:48,759][root][INFO] - Finished replay epoch 1978/10000
[2026-05-28 07:15:54,020][root][INFO] - Finished replay epoch 1979/10000
[2026-05-28 07:15:59,245][root][INFO] - Finished replay epoch 1980/10000
| pretrain       | Iter: 0 | T: 3:34:31 | BS: 3392 | Batched Update FPS: 3.8296
[2026-05-28 07:16:04,517][root][INFO] - Finished replay epoch 1981/10000
[2026-05-28 07:16:09,755][root][INFO] - Finished replay epoch 1982/10000
[2026-05-28 07:16:14,910][root][INFO] - Finished replay epoch 1983/10000
[2026-05-28 07:16:20,157][root][INFO] - Finished replay epoch 1984/10000
| pretrain       | Iter: 0 | T: 3:34:51 | BS: 3392 | Batched Update FPS: 4.5053
[2026-05-28 07:16:25,408][root][INFO] - Finished replay epoch 1985/10000
[2026-05-28 07:16:30,635][root][INFO] - Finished replay epoch 1986/10000
[2026-05-28 07:16:35,810][root][INFO] - Finished replay epoch 1987/10000
[2026-05-28 07:16:41,026][root][INFO] - Finished replay epoch 1988/10000
| pretrain       | Iter: 0 | T: 3:35:11 | BS: 3392 | Batched Update FPS: 3.1041
[2026-05-28 07:16:46,322][root][INFO] - Finished replay epoch 1989/10000
[2026-05-28 07:16:51,555][root][INFO] - Finished replay epoch 1990/10000
[2026-05-28 07:16:56,761][root][INFO] - Finished replay epoch 1991/10000
[2026-05-28 07:17:01,970][root][INFO] - Finished replay epoch 1992/10000
| pretrain       | Iter: 0 | T: 3:35:31 | BS: 3392 | Batched Update FPS: 3.3116
[2026-05-28 07:17:07,221][root][INFO] - Finished replay epoch 1993/10000
[2026-05-28 07:17:12,453][root][INFO] - Finished replay epoch 1994/10000
[2026-05-28 07:17:17,591][root][INFO] - Finished replay epoch 1995/10000
[2026-05-28 07:17:22,788][root][INFO] - Finished replay epoch 1996/10000
| pretrain       | Iter: 0 | T: 3:35:51 | BS: 3392 | Batched Update FPS: 3.1043
[2026-05-28 07:17:28,038][root][INFO] - Finished replay epoch 1997/10000
[2026-05-28 07:17:33,191][root][INFO] - Finished replay epoch 1998/10000
[2026-05-28 07:17:38,370][root][INFO] - Finished replay epoch 1999/10000
[2026-05-28 07:17:43,846][root][INFO] - Finished replay epoch 2000/10000
| pretrain       | Iter: 0 | T: 3:36:11 | BS: 3392 | Batched Update FPS: 5.9296
[2026-05-28 07:17:49,095][root][INFO] - Finished replay epoch 2001/10000
[2026-05-28 07:17:54,331][root][INFO] - Finished replay epoch 2002/10000
[2026-05-28 07:17:59,546][root][INFO] - Finished replay epoch 2003/10000
| pretrain       | Iter: 0 | T: 3:36:31 | BS: 3392 | Batched Update FPS: 3.1864
[2026-05-28 07:18:04,764][root][INFO] - Finished replay epoch 2004/10000
[2026-05-28 07:18:10,003][root][INFO] - Finished replay epoch 2005/10000
[2026-05-28 07:18:15,202][root][INFO] - Finished replay epoch 2006/10000
[2026-05-28 07:18:20,442][root][INFO] - Finished replay epoch 2007/10000
| pretrain       | Iter: 0 | T: 3:36:51 | BS: 3392 | Batched Update FPS: 3.9543
[2026-05-28 07:18:25,696][root][INFO] - Finished replay epoch 2008/10000
[2026-05-28 07:18:30,953][root][INFO] - Finished replay epoch 2009/10000
[2026-05-28 07:18:36,176][root][INFO] - Finished replay epoch 2010/10000
[2026-05-28 07:18:41,366][root][INFO] - Finished replay epoch 2011/10000
| pretrain       | Iter: 0 | T: 3:37:11 | BS: 3392 | Batched Update FPS: 4.0274
[2026-05-28 07:18:46,607][root][INFO] - Finished replay epoch 2012/10000
[2026-05-28 07:18:51,804][root][INFO] - Finished replay epoch 2013/10000
[2026-05-28 07:18:57,032][root][INFO] - Finished replay epoch 2014/10000
[2026-05-28 07:19:02,292][root][INFO] - Finished replay epoch 2015/10000
| pretrain       | Iter: 0 | T: 3:37:32 | BS: 3392 | Batched Update FPS: 4.1002
[2026-05-28 07:19:07,599][root][INFO] - Finished replay epoch 2016/10000
[2026-05-28 07:19:12,721][root][INFO] - Finished replay epoch 2017/10000
[2026-05-28 07:19:17,944][root][INFO] - Finished replay epoch 2018/10000
[2026-05-28 07:19:23,127][root][INFO] - Finished replay epoch 2019/10000
| pretrain       | Iter: 0 | T: 3:37:52 | BS: 3392 | Batched Update FPS: 3.1653
wandb: WARNING `format` argument was not provided, defaulting to `gif`. This parameter will be required in v0.20.0, please specify the format explicitly.
wandb: Encoding video...
| pretrain_eval  | Iter: 0 | S: 52500 | E: 0 | L: 200 | R: 0.0000 | T: 3:39:54
[2026-05-28 07:21:34,767][root][INFO] - Finished replay epoch 2020/10000
[2026-05-28 07:21:38,708][root][INFO] - Finished replay epoch 2021/10000
[2026-05-28 07:21:42,617][root][INFO] - Finished replay epoch 2022/10000
[2026-05-28 07:21:46,563][root][INFO] - Finished replay epoch 2023/10000
| pretrain       | Iter: 0 | T: 3:40:14 | BS: 3392 | Batched Update FPS: 4.9900
[2026-05-28 07:21:50,520][root][INFO] - Finished replay epoch 2024/10000
[2026-05-28 07:21:54,433][root][INFO] - Finished replay epoch 2025/10000
[2026-05-28 07:21:58,352][root][INFO] - Finished replay epoch 2026/10000
| pretrain       | Iter: 0 | T: 3:40:29 | BS: 3392 | Batched Update FPS: 4.8906
[2026-05-28 07:22:02,406][root][INFO] - Finished replay epoch 2027/10000
[2026-05-28 07:22:06,262][root][INFO] - Finished replay epoch 2028/10000
[2026-05-28 07:22:10,200][root][INFO] - Finished replay epoch 2029/10000
[2026-05-28 07:22:14,153][root][INFO] - Finished replay epoch 2030/10000
| pretrain       | Iter: 0 | T: 3:40:44 | BS: 3392 | Batched Update FPS: 5.0499
[2026-05-28 07:22:18,092][root][INFO] - Finished replay epoch 2031/10000
[2026-05-28 07:22:21,952][root][INFO] - Finished replay epoch 2032/10000
[2026-05-28 07:22:25,840][root][INFO] - Finished replay epoch 2033/10000
[2026-05-28 07:22:29,760][root][INFO] - Finished replay epoch 2034/10000
| pretrain       | Iter: 0 | T: 3:40:59 | BS: 3392 | Batched Update FPS: 4.9845
[2026-05-28 07:22:33,664][root][INFO] - Finished replay epoch 2035/10000
[2026-05-28 07:22:37,611][root][INFO] - Finished replay epoch 2036/10000
[2026-05-28 07:22:41,504][root][INFO] - Finished replay epoch 2037/10000
[2026-05-28 07:22:45,365][root][INFO] - Finished replay epoch 2038/10000
| pretrain       | Iter: 0 | T: 3:41:15 | BS: 3392 | Batched Update FPS: 5.9189
[2026-05-28 07:22:49,553][root][INFO] - Finished replay epoch 2039/10000
[2026-05-28 07:22:53,443][root][INFO] - Finished replay epoch 2040/10000
[2026-05-28 07:22:57,343][root][INFO] - Finished replay epoch 2041/10000
[2026-05-28 07:23:01,227][root][INFO] - Finished replay epoch 2042/10000
| pretrain       | Iter: 0 | T: 3:41:30 | BS: 3392 | Batched Update FPS: 4.9518
[2026-05-28 07:23:05,180][root][INFO] - Finished replay epoch 2043/10000
[2026-05-28 07:23:09,079][root][INFO] - Finished replay epoch 2044/10000
[2026-05-28 07:23:12,923][root][INFO] - Finished replay epoch 2045/10000
[2026-05-28 07:23:16,783][root][INFO] - Finished replay epoch 2046/10000
| pretrain       | Iter: 0 | T: 3:41:45 | BS: 3392 | Batched Update FPS: 4.9849
[2026-05-28 07:23:20,720][root][INFO] - Finished replay epoch 2047/10000
[2026-05-28 07:23:24,561][root][INFO] - Finished replay epoch 2048/10000
[2026-05-28 07:23:28,390][root][INFO] - Finished replay epoch 2049/10000
[2026-05-28 07:23:32,228][root][INFO] - Finished replay epoch 2050/10000
| pretrain       | Iter: 0 | T: 3:41:59 | BS: 3392 | Batched Update FPS: 5.0994
[2026-05-28 07:23:36,064][root][INFO] - Finished replay epoch 2051/10000
[2026-05-28 07:23:39,903][root][INFO] - Finished replay epoch 2052/10000
[2026-05-28 07:23:43,769][root][INFO] - Finished replay epoch 2053/10000
| pretrain       | Iter: 0 | T: 3:42:14 | BS: 3392 | Batched Update FPS: 4.8189
[2026-05-28 07:23:47,674][root][INFO] - Finished replay epoch 2054/10000
[2026-05-28 07:23:51,504][root][INFO] - Finished replay epoch 2055/10000
[2026-05-28 07:23:55,339][root][INFO] - Finished replay epoch 2056/10000
[2026-05-28 07:23:59,199][root][INFO] - Finished replay epoch 2057/10000
| pretrain       | Iter: 0 | T: 3:42:29 | BS: 3392 | Batched Update FPS: 5.1172
[2026-05-28 07:24:03,018][root][INFO] - Finished replay epoch 2058/10000
[2026-05-28 07:24:06,879][root][INFO] - Finished replay epoch 2059/10000
[2026-05-28 07:24:10,689][root][INFO] - Finished replay epoch 2060/10000
[2026-05-28 07:24:15,882][root][INFO] - Finished replay epoch 2061/10000
| pretrain       | Iter: 0 | T: 3:42:46 | BS: 3392 | Batched Update FPS: 3.3706
[2026-05-28 07:24:21,142][root][INFO] - Finished replay epoch 2062/10000
[2026-05-28 07:24:26,318][root][INFO] - Finished replay epoch 2063/10000
[2026-05-28 07:24:31,563][root][INFO] - Finished replay epoch 2064/10000
[2026-05-28 07:24:36,790][root][INFO] - Finished replay epoch 2065/10000
| pretrain       | Iter: 0 | T: 3:43:06 | BS: 3392 | Batched Update FPS: 4.1530
[2026-05-28 07:24:42,070][root][INFO] - Finished replay epoch 2066/10000
[2026-05-28 07:24:47,284][root][INFO] - Finished replay epoch 2067/10000
[2026-05-28 07:24:52,478][root][INFO] - Finished replay epoch 2068/10000
[2026-05-28 07:24:57,743][root][INFO] - Finished replay epoch 2069/10000
| pretrain       | Iter: 0 | T: 3:43:26 | BS: 3392 | Batched Update FPS: 3.4060
[2026-05-28 07:25:02,914][root][INFO] - Finished replay epoch 2070/10000
[2026-05-28 07:25:08,194][root][INFO] - Finished replay epoch 2071/10000
[2026-05-28 07:25:13,428][root][INFO] - Finished replay epoch 2072/10000
[2026-05-28 07:25:18,699][root][INFO] - Finished replay epoch 2073/10000
| pretrain       | Iter: 0 | T: 3:43:46 | BS: 3392 | Batched Update FPS: 3.0479
[2026-05-28 07:25:23,881][root][INFO] - Finished replay epoch 2074/10000
[2026-05-28 07:25:29,146][root][INFO] - Finished replay epoch 2075/10000
[2026-05-28 07:25:34,368][root][INFO] - Finished replay epoch 2076/10000
| pretrain       | Iter: 0 | T: 3:44:07 | BS: 3392 | Batched Update FPS: 4.8094
[2026-05-28 07:25:39,849][root][INFO] - Finished replay epoch 2077/10000
[2026-05-28 07:25:45,056][root][INFO] - Finished replay epoch 2078/10000
[2026-05-28 07:25:50,170][root][INFO] - Finished replay epoch 2079/10000
[2026-05-28 07:25:55,438][root][INFO] - Finished replay epoch 2080/10000
| pretrain       | Iter: 0 | T: 3:44:27 | BS: 3392 | Batched Update FPS: 3.2680
[2026-05-28 07:26:00,646][root][INFO] - Finished replay epoch 2081/10000
[2026-05-28 07:26:05,924][root][INFO] - Finished replay epoch 2082/10000
[2026-05-28 07:26:11,174][root][INFO] - Finished replay epoch 2083/10000
[2026-05-28 07:26:16,415][root][INFO] - Finished replay epoch 2084/10000
| pretrain       | Iter: 0 | T: 3:44:47 | BS: 3392 | Batched Update FPS: 3.1216
[2026-05-28 07:26:21,654][root][INFO] - Finished replay epoch 2085/10000
[2026-05-28 07:26:26,867][root][INFO] - Finished replay epoch 2086/10000
[2026-05-28 07:26:32,082][root][INFO] - Finished replay epoch 2087/10000
[2026-05-28 07:26:37,356][root][INFO] - Finished replay epoch 2088/10000
| pretrain       | Iter: 0 | T: 3:45:07 | BS: 3392 | Batched Update FPS: 3.2035
[2026-05-28 07:26:42,719][root][INFO] - Finished replay epoch 2089/10000
[2026-05-28 07:26:47,939][root][INFO] - Finished replay epoch 2090/10000
[2026-05-28 07:26:53,163][root][INFO] - Finished replay epoch 2091/10000
[2026-05-28 07:26:58,319][root][INFO] - Finished replay epoch 2092/10000
| pretrain       | Iter: 0 | T: 3:45:27 | BS: 3392 | Batched Update FPS: 4.5133
[2026-05-28 07:27:03,511][root][INFO] - Finished replay epoch 2093/10000
[2026-05-28 07:27:08,720][root][INFO] - Finished replay epoch 2094/10000
[2026-05-28 07:27:13,884][root][INFO] - Finished replay epoch 2095/10000
[2026-05-28 07:27:19,064][root][INFO] - Finished replay epoch 2096/10000
| pretrain       | Iter: 0 | T: 3:45:47 | BS: 3392 | Batched Update FPS: 4.6442
[2026-05-28 07:27:24,324][root][INFO] - Finished replay epoch 2097/10000
[2026-05-28 07:27:29,568][root][INFO] - Finished replay epoch 2098/10000
[2026-05-28 07:27:34,797][root][INFO] - Finished replay epoch 2099/10000
[2026-05-28 07:27:40,039][root][INFO] - Finished replay epoch 2100/10000
| pretrain       | Iter: 0 | T: 3:46:07 | BS: 3392 | Batched Update FPS: 3.6505
[2026-05-28 07:27:45,299][root][INFO] - Finished replay epoch 2101/10000
[2026-05-28 07:27:50,509][root][INFO] - Finished replay epoch 2102/10000
[2026-05-28 07:27:55,690][root][INFO] - Finished replay epoch 2103/10000
| pretrain       | Iter: 0 | T: 3:46:27 | BS: 3392 | Batched Update FPS: 3.0349
[2026-05-28 07:28:00,962][root][INFO] - Finished replay epoch 2104/10000
[2026-05-28 07:28:06,155][root][INFO] - Finished replay epoch 2105/10000
[2026-05-28 07:28:11,384][root][INFO] - Finished replay epoch 2106/10000
[2026-05-28 07:28:16,622][root][INFO] - Finished replay epoch 2107/10000
| pretrain       | Iter: 0 | T: 3:46:47 | BS: 3392 | Batched Update FPS: 4.5662
[2026-05-28 07:28:21,915][root][INFO] - Finished replay epoch 2108/10000
[2026-05-28 07:28:27,098][root][INFO] - Finished replay epoch 2109/10000
[2026-05-28 07:28:32,332][root][INFO] - Finished replay epoch 2110/10000
[2026-05-28 07:28:37,624][root][INFO] - Finished replay epoch 2111/10000
| pretrain       | Iter: 0 | T: 3:47:08 | BS: 3392 | Batched Update FPS: 3.0427
[2026-05-28 07:28:42,950][root][INFO] - Finished replay epoch 2112/10000
[2026-05-28 07:28:48,120][root][INFO] - Finished replay epoch 2113/10000
[2026-05-28 07:28:53,441][root][INFO] - Finished replay epoch 2114/10000
[2026-05-28 07:28:58,670][root][INFO] - Finished replay epoch 2115/10000
| pretrain       | Iter: 0 | T: 3:47:28 | BS: 3392 | Batched Update FPS: 5.2795
wandb: WARNING `format` argument was not provided, defaulting to `gif`. This parameter will be required in v0.20.0, please specify the format explicitly.
wandb: Encoding video...
| pretrain_eval  | Iter: 0 | S: 55000 | E: 0 | L: 200 | R: 0.0000 | T: 3:49:52
[2026-05-28 07:31:32,156][root][INFO] - Finished replay epoch 2116/10000
[2026-05-28 07:31:37,385][root][INFO] - Finished replay epoch 2117/10000
[2026-05-28 07:31:42,655][root][INFO] - Finished replay epoch 2118/10000
[2026-05-28 07:31:47,903][root][INFO] - Finished replay epoch 2119/10000
| pretrain       | Iter: 0 | T: 3:50:16 | BS: 3392 | Batched Update FPS: 3.9698
[2026-05-28 07:31:53,166][root][INFO] - Finished replay epoch 2120/10000
[2026-05-28 07:31:58,429][root][INFO] - Finished replay epoch 2121/10000
[2026-05-28 07:32:03,570][root][INFO] - Finished replay epoch 2122/10000
[2026-05-28 07:32:08,835][root][INFO] - Finished replay epoch 2123/10000
| pretrain       | Iter: 0 | T: 3:50:36 | BS: 3392 | Batched Update FPS: 3.0373
[2026-05-28 07:32:14,016][root][INFO] - Finished replay epoch 2124/10000
[2026-05-28 07:32:19,221][root][INFO] - Finished replay epoch 2125/10000
[2026-05-28 07:32:24,475][root][INFO] - Finished replay epoch 2126/10000
| pretrain       | Iter: 0 | T: 3:50:57 | BS: 3392 | Batched Update FPS: 3.9272
[2026-05-28 07:32:29,763][root][INFO] - Finished replay epoch 2127/10000
[2026-05-28 07:32:35,019][root][INFO] - Finished replay epoch 2128/10000
[2026-05-28 07:32:40,231][root][INFO] - Finished replay epoch 2129/10000
[2026-05-28 07:32:45,370][root][INFO] - Finished replay epoch 2130/10000
| pretrain       | Iter: 0 | T: 3:51:17 | BS: 3392 | Batched Update FPS: 4.1706
[2026-05-28 07:32:50,602][root][INFO] - Finished replay epoch 2131/10000
[2026-05-28 07:32:55,862][root][INFO] - Finished replay epoch 2132/10000
[2026-05-28 07:33:01,097][root][INFO] - Finished replay epoch 2133/10000
[2026-05-28 07:33:06,322][root][INFO] - Finished replay epoch 2134/10000
| pretrain       | Iter: 0 | T: 3:51:37 | BS: 3392 | Batched Update FPS: 4.1248
[2026-05-28 07:33:11,559][root][INFO] - Finished replay epoch 2135/10000
[2026-05-28 07:33:16,792][root][INFO] - Finished replay epoch 2136/10000
[2026-05-28 07:33:22,027][root][INFO] - Finished replay epoch 2137/10000
[2026-05-28 07:33:27,270][root][INFO] - Finished replay epoch 2138/10000
| pretrain       | Iter: 0 | T: 3:51:57 | BS: 3392 | Batched Update FPS: 3.1380
[2026-05-28 07:33:32,626][root][INFO] - Finished replay epoch 2139/10000
[2026-05-28 07:33:37,899][root][INFO] - Finished replay epoch 2140/10000
[2026-05-28 07:33:43,198][root][INFO] - Finished replay epoch 2141/10000
[2026-05-28 07:33:48,399][root][INFO] - Finished replay epoch 2142/10000
| pretrain       | Iter: 0 | T: 3:52:17 | BS: 3392 | Batched Update FPS: 3.3249
[2026-05-28 07:33:53,693][root][INFO] - Finished replay epoch 2143/10000
[2026-05-28 07:33:58,992][root][INFO] - Finished replay epoch 2144/10000
[2026-05-28 07:34:04,242][root][INFO] - Finished replay epoch 2145/10000
[2026-05-28 07:34:09,438][root][INFO] - Finished replay epoch 2146/10000
| pretrain       | Iter: 0 | T: 3:52:38 | BS: 3392 | Batched Update FPS: 3.5015
[2026-05-28 07:34:14,654][root][INFO] - Finished replay epoch 2147/10000
[2026-05-28 07:34:19,914][root][INFO] - Finished replay epoch 2148/10000
[2026-05-28 07:34:25,248][root][INFO] - Finished replay epoch 2149/10000
[2026-05-28 07:34:30,483][root][INFO] - Finished replay epoch 2150/10000
| pretrain       | Iter: 0 | T: 3:52:58 | BS: 3392 | Batched Update FPS: 4.0025
[2026-05-28 07:34:35,784][root][INFO] - Finished replay epoch 2151/10000
[2026-05-28 07:34:41,062][root][INFO] - Finished replay epoch 2152/10000
[2026-05-28 07:34:46,285][root][INFO] - Finished replay epoch 2153/10000
| pretrain       | Iter: 0 | T: 3:53:18 | BS: 3392 | Batched Update FPS: 6.2554
[2026-05-28 07:34:51,669][root][INFO] - Finished replay epoch 2154/10000
[2026-05-28 07:34:56,951][root][INFO] - Finished replay epoch 2155/10000
[2026-05-28 07:35:02,173][root][INFO] - Finished replay epoch 2156/10000
[2026-05-28 07:35:07,415][root][INFO] - Finished replay epoch 2157/10000
| pretrain       | Iter: 0 | T: 3:53:38 | BS: 3392 | Batched Update FPS: 3.0809
[2026-05-28 07:35:12,788][root][INFO] - Finished replay epoch 2158/10000
[2026-05-28 07:35:18,047][root][INFO] - Finished replay epoch 2159/10000
[2026-05-28 07:35:23,308][root][INFO] - Finished replay epoch 2160/10000
[2026-05-28 07:35:28,537][root][INFO] - Finished replay epoch 2161/10000
| pretrain       | Iter: 0 | T: 3:53:59 | BS: 3392 | Batched Update FPS: 4.9146
[2026-05-28 07:35:33,787][root][INFO] - Finished replay epoch 2162/10000
[2026-05-28 07:35:39,052][root][INFO] - Finished replay epoch 2163/10000
[2026-05-28 07:35:44,286][root][INFO] - Finished replay epoch 2164/10000
[2026-05-28 07:35:49,528][root][INFO] - Finished replay epoch 2165/10000
| pretrain       | Iter: 0 | T: 3:54:19 | BS: 3392 | Batched Update FPS: 3.2845
[2026-05-28 07:35:54,809][root][INFO] - Finished replay epoch 2166/10000
[2026-05-28 07:36:00,050][root][INFO] - Finished replay epoch 2167/10000
[2026-05-28 07:36:05,293][root][INFO] - Finished replay epoch 2168/10000
[2026-05-28 07:36:10,510][root][INFO] - Finished replay epoch 2169/10000
| pretrain       | Iter: 0 | T: 3:54:39 | BS: 3392 | Batched Update FPS: 3.2321
[2026-05-28 07:36:15,783][root][INFO] - Finished replay epoch 2170/10000
[2026-05-28 07:36:21,029][root][INFO] - Finished replay epoch 2171/10000
[2026-05-28 07:36:26,249][root][INFO] - Finished replay epoch 2172/10000
[2026-05-28 07:36:31,500][root][INFO] - Finished replay epoch 2173/10000
| pretrain       | Iter: 0 | T: 3:54:59 | BS: 3392 | Batched Update FPS: 4.0112
[2026-05-28 07:36:36,699][root][INFO] - Finished replay epoch 2174/10000
[2026-05-28 07:36:41,942][root][INFO] - Finished replay epoch 2175/10000
[2026-05-28 07:36:47,106][root][INFO] - Finished replay epoch 2176/10000
| pretrain       | Iter: 0 | T: 3:55:19 | BS: 3392 | Batched Update FPS: 3.9626
[2026-05-28 07:36:52,360][root][INFO] - Finished replay epoch 2177/10000
[2026-05-28 07:36:57,593][root][INFO] - Finished replay epoch 2178/10000
[2026-05-28 07:37:02,843][root][INFO] - Finished replay epoch 2179/10000
[2026-05-28 07:37:08,075][root][INFO] - Finished replay epoch 2180/10000
| pretrain       | Iter: 0 | T: 3:55:39 | BS: 3392 | Batched Update FPS: 5.1914
[2026-05-28 07:37:13,399][root][INFO] - Finished replay epoch 2181/10000
[2026-05-28 07:37:18,586][root][INFO] - Finished replay epoch 2182/10000
[2026-05-28 07:37:23,840][root][INFO] - Finished replay epoch 2183/10000
[2026-05-28 07:37:29,079][root][INFO] - Finished replay epoch 2184/10000
| pretrain       | Iter: 0 | T: 3:56:00 | BS: 3392 | Batched Update FPS: 3.1400
[2026-05-28 07:37:34,367][root][INFO] - Finished replay epoch 2185/10000
[2026-05-28 07:37:39,533][root][INFO] - Finished replay epoch 2186/10000
[2026-05-28 07:37:44,782][root][INFO] - Finished replay epoch 2187/10000
[2026-05-28 07:37:50,166][root][INFO] - Finished replay epoch 2188/10000
| pretrain       | Iter: 0 | T: 3:56:20 | BS: 3392 | Batched Update FPS: 3.6871
[2026-05-28 07:37:55,374][root][INFO] - Finished replay epoch 2189/10000
[2026-05-28 07:38:00,668][root][INFO] - Finished replay epoch 2190/10000
[2026-05-28 07:38:05,978][root][INFO] - Finished replay epoch 2191/10000
[2026-05-28 07:38:11,201][root][INFO] - Finished replay epoch 2192/10000
| pretrain       | Iter: 0 | T: 3:56:40 | BS: 3392 | Batched Update FPS: 6.0200
[2026-05-28 07:38:16,696][root][INFO] - Finished replay epoch 2193/10000
[2026-05-28 07:38:21,949][root][INFO] - Finished replay epoch 2194/10000
[2026-05-28 07:38:27,223][root][INFO] - Finished replay epoch 2195/10000
[2026-05-28 07:38:32,453][root][INFO] - Finished replay epoch 2196/10000
| pretrain       | Iter: 0 | T: 3:57:00 | BS: 3392 | Batched Update FPS: 4.0908
[2026-05-28 07:38:37,717][root][INFO] - Finished replay epoch 2197/10000
[2026-05-28 07:38:42,970][root][INFO] - Finished replay epoch 2198/10000
[2026-05-28 07:38:48,175][root][INFO] - Finished replay epoch 2199/10000
[2026-05-28 07:38:53,463][root][INFO] - Finished replay epoch 2200/10000
| pretrain       | Iter: 0 | T: 3:57:21 | BS: 3392 | Batched Update FPS: 3.0743
[2026-05-28 07:38:58,819][root][INFO] - Finished replay epoch 2201/10000
[2026-05-28 07:39:03,970][root][INFO] - Finished replay epoch 2202/10000
[2026-05-28 07:39:09,165][root][INFO] - Finished replay epoch 2203/10000
| pretrain       | Iter: 0 | T: 3:57:41 | BS: 3392 | Batched Update FPS: 3.1555
[2026-05-28 07:39:14,447][root][INFO] - Finished replay epoch 2204/10000
[2026-05-28 07:39:19,682][root][INFO] - Finished replay epoch 2205/10000
[2026-05-28 07:39:24,877][root][INFO] - Finished replay epoch 2206/10000
[2026-05-28 07:39:29,524][root][INFO] - Finished replay epoch 2207/10000
| pretrain       | Iter: 0 | T: 3:58:00 | BS: 3392 | Batched Update FPS: 3.1462
[2026-05-28 07:39:34,815][root][INFO] - Finished replay epoch 2208/10000
[2026-05-28 07:39:40,042][root][INFO] - Finished replay epoch 2209/10000
[2026-05-28 07:39:45,301][root][INFO] - Finished replay epoch 2210/10000
[2026-05-28 07:39:50,490][root][INFO] - Finished replay epoch 2211/10000
| pretrain       | Iter: 0 | T: 3:58:21 | BS: 3392 | Batched Update FPS: 3.2537
wandb: WARNING `format` argument was not provided, defaulting to `gif`. This parameter will be required in v0.20.0, please specify the format explicitly.
wandb: Encoding video...
| pretrain_eval  | Iter: 0 | S: 57500 | E: 0 | L: 200 | R: 0.0000 | T: 4:00:45
[2026-05-28 07:42:24,439][root][INFO] - Finished replay epoch 2212/10000
[2026-05-28 07:42:29,652][root][INFO] - Finished replay epoch 2213/10000
[2026-05-28 07:42:34,855][root][INFO] - Finished replay epoch 2214/10000
[2026-05-28 07:42:40,070][root][INFO] - Finished replay epoch 2215/10000
| pretrain       | Iter: 0 | T: 4:01:09 | BS: 3392 | Batched Update FPS: 3.2651
[2026-05-28 07:42:45,297][root][INFO] - Finished replay epoch 2216/10000
[2026-05-28 07:42:50,522][root][INFO] - Finished replay epoch 2217/10000
[2026-05-28 07:42:55,765][root][INFO] - Finished replay epoch 2218/10000
[2026-05-28 07:43:00,972][root][INFO] - Finished replay epoch 2219/10000
| pretrain       | Iter: 0 | T: 4:01:29 | BS: 3392 | Batched Update FPS: 3.2735
[2026-05-28 07:43:06,213][root][INFO] - Finished replay epoch 2220/10000
[2026-05-28 07:43:11,492][root][INFO] - Finished replay epoch 2221/10000
[2026-05-28 07:43:16,773][root][INFO] - Finished replay epoch 2222/10000
[2026-05-28 07:43:22,006][root][INFO] - Finished replay epoch 2223/10000
| pretrain       | Iter: 0 | T: 4:01:50 | BS: 3392 | Batched Update FPS: 4.2207
[2026-05-28 07:43:27,277][root][INFO] - Finished replay epoch 2224/10000
[2026-05-28 07:43:32,432][root][INFO] - Finished replay epoch 2225/10000
[2026-05-28 07:43:37,678][root][INFO] - Finished replay epoch 2226/10000
| pretrain       | Iter: 0 | T: 4:02:10 | BS: 3392 | Batched Update FPS: 3.2604
[2026-05-28 07:43:42,927][root][INFO] - Finished replay epoch 2227/10000
[2026-05-28 07:43:48,264][root][INFO] - Finished replay epoch 2228/10000
[2026-05-28 07:43:53,490][root][INFO] - Finished replay epoch 2229/10000
[2026-05-28 07:43:58,771][root][INFO] - Finished replay epoch 2230/10000
| pretrain       | Iter: 0 | T: 4:02:30 | BS: 3392 | Batched Update FPS: 6.2144
[2026-05-28 07:44:04,198][root][INFO] - Finished replay epoch 2231/10000
[2026-05-28 07:44:09,409][root][INFO] - Finished replay epoch 2232/10000
[2026-05-28 07:44:14,653][root][INFO] - Finished replay epoch 2233/10000
[2026-05-28 07:44:19,925][root][INFO] - Finished replay epoch 2234/10000
| pretrain       | Iter: 0 | T: 4:02:50 | BS: 3392 | Batched Update FPS: 4.6875
[2026-05-28 07:44:25,183][root][INFO] - Finished replay epoch 2235/10000
[2026-05-28 07:44:30,405][root][INFO] - Finished replay epoch 2236/10000
[2026-05-28 07:44:35,643][root][INFO] - Finished replay epoch 2237/10000
[2026-05-28 07:44:40,811][root][INFO] - Finished replay epoch 2238/10000
| pretrain       | Iter: 0 | T: 4:03:10 | BS: 3392 | Batched Update FPS: 3.9253
[2026-05-28 07:44:46,066][root][INFO] - Finished replay epoch 2239/10000
[2026-05-28 07:44:51,291][root][INFO] - Finished replay epoch 2240/10000
[2026-05-28 07:44:56,578][root][INFO] - Finished replay epoch 2241/10000
[2026-05-28 07:45:01,844][root][INFO] - Finished replay epoch 2242/10000
| pretrain       | Iter: 0 | T: 4:03:31 | BS: 3392 | Batched Update FPS: 3.0530
[2026-05-28 07:45:07,069][root][INFO] - Finished replay epoch 2243/10000
[2026-05-28 07:45:12,343][root][INFO] - Finished replay epoch 2244/10000
[2026-05-28 07:45:17,546][root][INFO] - Finished replay epoch 2245/10000
[2026-05-28 07:45:22,697][root][INFO] - Finished replay epoch 2246/10000
| pretrain       | Iter: 0 | T: 4:03:51 | BS: 3392 | Batched Update FPS: 4.0879
[2026-05-28 07:45:27,970][root][INFO] - Finished replay epoch 2247/10000
[2026-05-28 07:45:33,205][root][INFO] - Finished replay epoch 2248/10000
[2026-05-28 07:45:38,449][root][INFO] - Finished replay epoch 2249/10000
[2026-05-28 07:45:43,657][root][INFO] - Finished replay epoch 2250/10000
| pretrain       | Iter: 0 | T: 4:04:11 | BS: 3392 | Batched Update FPS: 3.1819
[2026-05-28 07:45:48,903][root][INFO] - Finished replay epoch 2251/10000
[2026-05-28 07:45:54,091][root][INFO] - Finished replay epoch 2252/10000
[2026-05-28 07:45:59,276][root][INFO] - Finished replay epoch 2253/10000
| pretrain       | Iter: 0 | T: 4:04:31 | BS: 3392 | Batched Update FPS: 3.3517
[2026-05-28 07:46:04,588][root][INFO] - Finished replay epoch 2254/10000
[2026-05-28 07:46:09,826][root][INFO] - Finished replay epoch 2255/10000
[2026-05-28 07:46:15,123][root][INFO] - Finished replay epoch 2256/10000
[2026-05-28 07:46:20,319][root][INFO] - Finished replay epoch 2257/10000
| pretrain       | Iter: 0 | T: 4:04:51 | BS: 3392 | Batched Update FPS: 4.7837
[2026-05-28 07:46:25,581][root][INFO] - Finished replay epoch 2258/10000
[2026-05-28 07:46:30,820][root][INFO] - Finished replay epoch 2259/10000
[2026-05-28 07:46:36,101][root][INFO] - Finished replay epoch 2260/10000
[2026-05-28 07:46:41,347][root][INFO] - Finished replay epoch 2261/10000
| pretrain       | Iter: 0 | T: 4:05:11 | BS: 3392 | Batched Update FPS: 4.0365
[2026-05-28 07:46:46,551][root][INFO] - Finished replay epoch 2262/10000
[2026-05-28 07:46:50,366][root][INFO] - Finished replay epoch 2263/10000
[2026-05-28 07:46:54,256][root][INFO] - Finished replay epoch 2264/10000
[2026-05-28 07:46:58,239][root][INFO] - Finished replay epoch 2265/10000
| pretrain       | Iter: 0 | T: 4:05:27 | BS: 3392 | Batched Update FPS: 4.8682
[2026-05-28 07:47:02,137][root][INFO] - Finished replay epoch 2266/10000
[2026-05-28 07:47:06,026][root][INFO] - Finished replay epoch 2267/10000
[2026-05-28 07:47:09,915][root][INFO] - Finished replay epoch 2268/10000
[2026-05-28 07:47:13,791][root][INFO] - Finished replay epoch 2269/10000
| pretrain       | Iter: 0 | T: 4:05:42 | BS: 3392 | Batched Update FPS: 5.7089
[2026-05-28 07:47:17,884][root][INFO] - Finished replay epoch 2270/10000
[2026-05-28 07:47:21,765][root][INFO] - Finished replay epoch 2271/10000
[2026-05-28 07:47:25,681][root][INFO] - Finished replay epoch 2272/10000
[2026-05-28 07:47:29,556][root][INFO] - Finished replay epoch 2273/10000
| pretrain       | Iter: 0 | T: 4:05:57 | BS: 3392 | Batched Update FPS: 5.0982
[2026-05-28 07:47:33,508][root][INFO] - Finished replay epoch 2274/10000
[2026-05-28 07:47:37,417][root][INFO] - Finished replay epoch 2275/10000
[2026-05-28 07:47:41,321][root][INFO] - Finished replay epoch 2276/10000
| pretrain       | Iter: 0 | T: 4:06:12 | BS: 3392 | Batched Update FPS: 4.8081
[2026-05-28 07:47:45,215][root][INFO] - Finished replay epoch 2277/10000
[2026-05-28 07:47:49,126][root][INFO] - Finished replay epoch 2278/10000
[2026-05-28 07:47:53,032][root][INFO] - Finished replay epoch 2279/10000
[2026-05-28 07:47:56,954][root][INFO] - Finished replay epoch 2280/10000
| pretrain       | Iter: 0 | T: 4:06:27 | BS: 3392 | Batched Update FPS: 4.8679
[2026-05-28 07:48:00,892][root][INFO] - Finished replay epoch 2281/10000
[2026-05-28 07:48:04,861][root][INFO] - Finished replay epoch 2282/10000
[2026-05-28 07:48:08,786][root][INFO] - Finished replay epoch 2283/10000
[2026-05-28 07:48:12,715][root][INFO] - Finished replay epoch 2284/10000
| pretrain       | Iter: 0 | T: 4:06:42 | BS: 3392 | Batched Update FPS: 4.9498
[2026-05-28 07:48:16,664][root][INFO] - Finished replay epoch 2285/10000
[2026-05-28 07:48:20,553][root][INFO] - Finished replay epoch 2286/10000
[2026-05-28 07:48:24,443][root][INFO] - Finished replay epoch 2287/10000
[2026-05-28 07:48:28,322][root][INFO] - Finished replay epoch 2288/10000
| pretrain       | Iter: 0 | T: 4:06:57 | BS: 3392 | Batched Update FPS: 5.0390
[2026-05-28 07:48:32,305][root][INFO] - Finished replay epoch 2289/10000
[2026-05-28 07:48:36,221][root][INFO] - Finished replay epoch 2290/10000
[2026-05-28 07:48:40,108][root][INFO] - Finished replay epoch 2291/10000
[2026-05-28 07:48:43,993][root][INFO] - Finished replay epoch 2292/10000
| pretrain       | Iter: 0 | T: 4:07:12 | BS: 3392 | Batched Update FPS: 4.7768
[2026-05-28 07:48:48,016][root][INFO] - Finished replay epoch 2293/10000
[2026-05-28 07:48:51,913][root][INFO] - Finished replay epoch 2294/10000
[2026-05-28 07:48:55,870][root][INFO] - Finished replay epoch 2295/10000
[2026-05-28 07:48:59,825][root][INFO] - Finished replay epoch 2296/10000
| pretrain       | Iter: 0 | T: 4:07:28 | BS: 3392 | Batched Update FPS: 4.8083
[2026-05-28 07:49:03,776][root][INFO] - Finished replay epoch 2297/10000
[2026-05-28 07:49:07,704][root][INFO] - Finished replay epoch 2298/10000
[2026-05-28 07:49:11,609][root][INFO] - Finished replay epoch 2299/10000
[2026-05-28 07:49:15,536][root][INFO] - Finished replay epoch 2300/10000
| pretrain       | Iter: 0 | T: 4:07:43 | BS: 3392 | Batched Update FPS: 4.8769
[2026-05-28 07:49:19,572][root][INFO] - Finished replay epoch 2301/10000
[2026-05-28 07:49:23,489][root][INFO] - Finished replay epoch 2302/10000
[2026-05-28 07:49:27,391][root][INFO] - Finished replay epoch 2303/10000
| pretrain       | Iter: 0 | T: 4:07:58 | BS: 3392 | Batched Update FPS: 4.8896
[2026-05-28 07:49:31,249][root][INFO] - Finished replay epoch 2304/10000
[2026-05-28 07:49:35,168][root][INFO] - Finished replay epoch 2305/10000
[2026-05-28 07:49:39,078][root][INFO] - Finished replay epoch 2306/10000
[2026-05-28 07:49:42,921][root][INFO] - Finished replay epoch 2307/10000
| pretrain       | Iter: 0 | T: 4:08:13 | BS: 3392 | Batched Update FPS: 6.0540
wandb: WARNING `format` argument was not provided, defaulting to `gif`. This parameter will be required in v0.20.0, please specify the format explicitly.
wandb: Encoding video...
| pretrain_eval  | Iter: 0 | S: 60000 | E: 0 | L: 200 | R: 0.0000 | T: 4:10:29
[2026-05-28 07:52:08,031][root][INFO] - Finished replay epoch 2308/10000
[2026-05-28 07:52:13,292][root][INFO] - Finished replay epoch 2309/10000
[2026-05-28 07:52:18,491][root][INFO] - Finished replay epoch 2310/10000
[2026-05-28 07:52:23,685][root][INFO] - Finished replay epoch 2311/10000
| pretrain       | Iter: 0 | T: 4:10:54 | BS: 3392 | Batched Update FPS: 3.5503
[2026-05-28 07:52:28,976][root][INFO] - Finished replay epoch 2312/10000
[2026-05-28 07:52:34,177][root][INFO] - Finished replay epoch 2313/10000
[2026-05-28 07:52:39,326][root][INFO] - Finished replay epoch 2314/10000
[2026-05-28 07:52:44,554][root][INFO] - Finished replay epoch 2315/10000
| pretrain       | Iter: 0 | T: 4:11:14 | BS: 3392 | Batched Update FPS: 4.2011
[2026-05-28 07:52:49,788][root][INFO] - Finished replay epoch 2316/10000
[2026-05-28 07:52:55,031][root][INFO] - Finished replay epoch 2317/10000
[2026-05-28 07:53:00,288][root][INFO] - Finished replay epoch 2318/10000
[2026-05-28 07:53:05,480][root][INFO] - Finished replay epoch 2319/10000
| pretrain       | Iter: 0 | T: 4:11:34 | BS: 3392 | Batched Update FPS: 3.1010
[2026-05-28 07:53:10,728][root][INFO] - Finished replay epoch 2320/10000
[2026-05-28 07:53:15,970][root][INFO] - Finished replay epoch 2321/10000
[2026-05-28 07:53:21,145][root][INFO] - Finished replay epoch 2322/10000
[2026-05-28 07:53:26,339][root][INFO] - Finished replay epoch 2323/10000
| pretrain       | Iter: 0 | T: 4:11:54 | BS: 3392 | Batched Update FPS: 4.0647
[2026-05-28 07:53:31,577][root][INFO] - Finished replay epoch 2324/10000
[2026-05-28 07:53:36,739][root][INFO] - Finished replay epoch 2325/10000
[2026-05-28 07:53:41,978][root][INFO] - Finished replay epoch 2326/10000
| pretrain       | Iter: 0 | T: 4:12:14 | BS: 3392 | Batched Update FPS: 3.1481
[2026-05-28 07:53:47,253][root][INFO] - Finished replay epoch 2327/10000
[2026-05-28 07:53:52,486][root][INFO] - Finished replay epoch 2328/10000
[2026-05-28 07:53:57,675][root][INFO] - Finished replay epoch 2329/10000
[2026-05-28 07:54:02,943][root][INFO] - Finished replay epoch 2330/10000
| pretrain       | Iter: 0 | T: 4:12:34 | BS: 3392 | Batched Update FPS: 3.1453
[2026-05-28 07:54:08,229][root][INFO] - Finished replay epoch 2331/10000
[2026-05-28 07:54:13,444][root][INFO] - Finished replay epoch 2332/10000
[2026-05-28 07:54:18,615][root][INFO] - Finished replay epoch 2333/10000
[2026-05-28 07:54:23,803][root][INFO] - Finished replay epoch 2334/10000
| pretrain       | Iter: 0 | T: 4:12:54 | BS: 3392 | Batched Update FPS: 3.3281
[2026-05-28 07:54:29,051][root][INFO] - Finished replay epoch 2335/10000
[2026-05-28 07:54:34,271][root][INFO] - Finished replay epoch 2336/10000
[2026-05-28 07:54:39,475][root][INFO] - Finished replay epoch 2337/10000
[2026-05-28 07:54:44,718][root][INFO] - Finished replay epoch 2338/10000
| pretrain       | Iter: 0 | T: 4:13:14 | BS: 3392 | Batched Update FPS: 3.2778
[2026-05-28 07:54:49,995][root][INFO] - Finished replay epoch 2339/10000
[2026-05-28 07:54:55,257][root][INFO] - Finished replay epoch 2340/10000
[2026-05-28 07:55:00,485][root][INFO] - Finished replay epoch 2341/10000
[2026-05-28 07:55:05,646][root][INFO] - Finished replay epoch 2342/10000
| pretrain       | Iter: 0 | T: 4:13:34 | BS: 3392 | Batched Update FPS: 3.2855
[2026-05-28 07:55:10,785][root][INFO] - Finished replay epoch 2343/10000
[2026-05-28 07:55:16,044][root][INFO] - Finished replay epoch 2344/10000
[2026-05-28 07:55:21,198][root][INFO] - Finished replay epoch 2345/10000
[2026-05-28 07:55:26,462][root][INFO] - Finished replay epoch 2346/10000
| pretrain       | Iter: 0 | T: 4:13:55 | BS: 3392 | Batched Update FPS: 6.2334
[2026-05-28 07:55:31,935][root][INFO] - Finished replay epoch 2347/10000
[2026-05-28 07:55:37,153][root][INFO] - Finished replay epoch 2348/10000
[2026-05-28 07:55:42,337][root][INFO] - Finished replay epoch 2349/10000
[2026-05-28 07:55:47,568][root][INFO] - Finished replay epoch 2350/10000
| pretrain       | Iter: 0 | T: 4:14:15 | BS: 3392 | Batched Update FPS: 3.9017
[2026-05-28 07:55:52,860][root][INFO] - Finished replay epoch 2351/10000
[2026-05-28 07:55:58,033][root][INFO] - Finished replay epoch 2352/10000
[2026-05-28 07:56:03,264][root][INFO] - Finished replay epoch 2353/10000
| pretrain       | Iter: 0 | T: 4:14:35 | BS: 3392 | Batched Update FPS: 3.3711
[2026-05-28 07:56:08,523][root][INFO] - Finished replay epoch 2354/10000
[2026-05-28 07:56:13,724][root][INFO] - Finished replay epoch 2355/10000
[2026-05-28 07:56:18,925][root][INFO] - Finished replay epoch 2356/10000
[2026-05-28 07:56:24,180][root][INFO] - Finished replay epoch 2357/10000
| pretrain       | Iter: 0 | T: 4:14:55 | BS: 3392 | Batched Update FPS: 2.9939
[2026-05-28 07:56:29,628][root][INFO] - Finished replay epoch 2358/10000
[2026-05-28 07:56:34,903][root][INFO] - Finished replay epoch 2359/10000
[2026-05-28 07:56:40,089][root][INFO] - Finished replay epoch 2360/10000
[2026-05-28 07:56:45,352][root][INFO] - Finished replay epoch 2361/10000
| pretrain       | Iter: 0 | T: 4:15:15 | BS: 3392 | Batched Update FPS: 3.4447
[2026-05-28 07:56:50,612][root][INFO] - Finished replay epoch 2362/10000
[2026-05-28 07:56:55,828][root][INFO] - Finished replay epoch 2363/10000
[2026-05-28 07:57:01,041][root][INFO] - Finished replay epoch 2364/10000
[2026-05-28 07:57:06,282][root][INFO] - Finished replay epoch 2365/10000
| pretrain       | Iter: 0 | T: 4:15:35 | BS: 3392 | Batched Update FPS: 4.1095
[2026-05-28 07:57:11,497][root][INFO] - Finished replay epoch 2366/10000
[2026-05-28 07:57:16,760][root][INFO] - Finished replay epoch 2367/10000
[2026-05-28 07:57:22,021][root][INFO] - Finished replay epoch 2368/10000
[2026-05-28 07:57:27,279][root][INFO] - Finished replay epoch 2369/10000
| pretrain       | Iter: 0 | T: 4:15:56 | BS: 3392 | Batched Update FPS: 4.6993
[2026-05-28 07:57:32,201][root][INFO] - Finished replay epoch 2370/10000
[2026-05-28 07:57:37,021][root][INFO] - Finished replay epoch 2371/10000
[2026-05-28 07:57:42,221][root][INFO] - Finished replay epoch 2372/10000
[2026-05-28 07:57:47,473][root][INFO] - Finished replay epoch 2373/10000
| pretrain       | Iter: 0 | T: 4:16:15 | BS: 3392 | Batched Update FPS: 3.2209
[2026-05-28 07:57:52,711][root][INFO] - Finished replay epoch 2374/10000
[2026-05-28 07:57:57,963][root][INFO] - Finished replay epoch 2375/10000
[2026-05-28 07:58:03,175][root][INFO] - Finished replay epoch 2376/10000
| pretrain       | Iter: 0 | T: 4:16:35 | BS: 3392 | Batched Update FPS: 3.0739
[2026-05-28 07:58:08,463][root][INFO] - Finished replay epoch 2377/10000
[2026-05-28 07:58:13,675][root][INFO] - Finished replay epoch 2378/10000
[2026-05-28 07:58:18,991][root][INFO] - Finished replay epoch 2379/10000
[2026-05-28 07:58:24,189][root][INFO] - Finished replay epoch 2380/10000
| pretrain       | Iter: 0 | T: 4:16:55 | BS: 3392 | Batched Update FPS: 3.2375
[2026-05-28 07:58:29,476][root][INFO] - Finished replay epoch 2381/10000
[2026-05-28 07:58:34,678][root][INFO] - Finished replay epoch 2382/10000
[2026-05-28 07:58:39,904][root][INFO] - Finished replay epoch 2383/10000
[2026-05-28 07:58:45,154][root][INFO] - Finished replay epoch 2384/10000
| pretrain       | Iter: 0 | T: 4:17:16 | BS: 3392 | Batched Update FPS: 6.0445
[2026-05-28 07:58:50,698][root][INFO] - Finished replay epoch 2385/10000
[2026-05-28 07:58:55,946][root][INFO] - Finished replay epoch 2386/10000
[2026-05-28 07:59:01,179][root][INFO] - Finished replay epoch 2387/10000
[2026-05-28 07:59:06,341][root][INFO] - Finished replay epoch 2388/10000
| pretrain       | Iter: 0 | T: 4:17:36 | BS: 3392 | Batched Update FPS: 4.2857
[2026-05-28 07:59:11,677][root][INFO] - Finished replay epoch 2389/10000
[2026-05-28 07:59:16,922][root][INFO] - Finished replay epoch 2390/10000
[2026-05-28 07:59:22,158][root][INFO] - Finished replay epoch 2391/10000
[2026-05-28 07:59:27,356][root][INFO] - Finished replay epoch 2392/10000
| pretrain       | Iter: 0 | T: 4:17:56 | BS: 3392 | Batched Update FPS: 3.0911
[2026-05-28 07:59:32,585][root][INFO] - Finished replay epoch 2393/10000
[2026-05-28 07:59:37,809][root][INFO] - Finished replay epoch 2394/10000
[2026-05-28 07:59:43,082][root][INFO] - Finished replay epoch 2395/10000
[2026-05-28 07:59:48,306][root][INFO] - Finished replay epoch 2396/10000
| pretrain       | Iter: 0 | T: 4:18:16 | BS: 3392 | Batched Update FPS: 4.0398
[2026-05-28 07:59:53,579][root][INFO] - Finished replay epoch 2397/10000
[2026-05-28 07:59:58,789][root][INFO] - Finished replay epoch 2398/10000
[2026-05-28 08:00:04,025][root][INFO] - Finished replay epoch 2399/10000
[2026-05-28 08:00:09,266][root][INFO] - Finished replay epoch 2400/10000
| pretrain       | Iter: 0 | T: 4:18:37 | BS: 3392 | Batched Update FPS: 3.6618
[2026-05-28 08:00:14,523][root][INFO] - Finished replay epoch 2401/10000
[2026-05-28 08:00:19,673][root][INFO] - Finished replay epoch 2402/10000
[2026-05-28 08:00:24,976][root][INFO] - Finished replay epoch 2403/10000
| pretrain       | Iter: 0 | T: 4:18:57 | BS: 3392 | Batched Update FPS: 3.1784
wandb: WARNING `format` argument was not provided, defaulting to `gif`. This parameter will be required in v0.20.0, please specify the format explicitly.
wandb: Encoding video...
| pretrain_eval  | Iter: 0 | S: 62500 | E: 0 | L: 200 | R: 0.0000 | T: 4:21:37
[2026-05-28 08:03:14,877][root][INFO] - Finished replay epoch 2404/10000
[2026-05-28 08:03:20,136][root][INFO] - Finished replay epoch 2405/10000
[2026-05-28 08:03:25,355][root][INFO] - Finished replay epoch 2406/10000
[2026-05-28 08:03:30,483][root][INFO] - Finished replay epoch 2407/10000
| pretrain       | Iter: 0 | T: 4:22:01 | BS: 3392 | Batched Update FPS: 3.1374
[2026-05-28 08:03:35,845][root][INFO] - Finished replay epoch 2408/10000
[2026-05-28 08:03:41,124][root][INFO] - Finished replay epoch 2409/10000
[2026-05-28 08:03:46,364][root][INFO] - Finished replay epoch 2410/10000
[2026-05-28 08:03:51,648][root][INFO] - Finished replay epoch 2411/10000
| pretrain       | Iter: 0 | T: 4:22:22 | BS: 3392 | Batched Update FPS: 3.8264
[2026-05-28 08:03:56,913][root][INFO] - Finished replay epoch 2412/10000
[2026-05-28 08:04:02,176][root][INFO] - Finished replay epoch 2413/10000
[2026-05-28 08:04:07,366][root][INFO] - Finished replay epoch 2414/10000
[2026-05-28 08:04:12,680][root][INFO] - Finished replay epoch 2415/10000
| pretrain       | Iter: 0 | T: 4:22:42 | BS: 3392 | Batched Update FPS: 3.3310
[2026-05-28 08:04:17,947][root][INFO] - Finished replay epoch 2416/10000
[2026-05-28 08:04:23,173][root][INFO] - Finished replay epoch 2417/10000
[2026-05-28 08:04:28,367][root][INFO] - Finished replay epoch 2418/10000
[2026-05-28 08:04:33,548][root][INFO] - Finished replay epoch 2419/10000
| pretrain       | Iter: 0 | T: 4:23:02 | BS: 3392 | Batched Update FPS: 3.1166
[2026-05-28 08:04:38,776][root][INFO] - Finished replay epoch 2420/10000
[2026-05-28 08:04:43,945][root][INFO] - Finished replay epoch 2421/10000
[2026-05-28 08:04:48,541][root][INFO] - Finished replay epoch 2422/10000
[2026-05-28 08:04:52,420][root][INFO] - Finished replay epoch 2423/10000
| pretrain       | Iter: 0 | T: 4:23:20 | BS: 3392 | Batched Update FPS: 6.1625
[2026-05-28 08:04:56,475][root][INFO] - Finished replay epoch 2424/10000
[2026-05-28 08:05:00,313][root][INFO] - Finished replay epoch 2425/10000
[2026-05-28 08:05:04,159][root][INFO] - Finished replay epoch 2426/10000
| pretrain       | Iter: 0 | T: 4:23:35 | BS: 3392 | Batched Update FPS: 5.0420
[2026-05-28 08:05:08,016][root][INFO] - Finished replay epoch 2427/10000
[2026-05-28 08:05:11,830][root][INFO] - Finished replay epoch 2428/10000
[2026-05-28 08:05:15,671][root][INFO] - Finished replay epoch 2429/10000
[2026-05-28 08:05:19,565][root][INFO] - Finished replay epoch 2430/10000
| pretrain       | Iter: 0 | T: 4:23:50 | BS: 3392 | Batched Update FPS: 4.8261
[2026-05-28 08:05:23,553][root][INFO] - Finished replay epoch 2431/10000
[2026-05-28 08:05:27,525][root][INFO] - Finished replay epoch 2432/10000
[2026-05-28 08:05:31,387][root][INFO] - Finished replay epoch 2433/10000
[2026-05-28 08:05:35,270][root][INFO] - Finished replay epoch 2434/10000
| pretrain       | Iter: 0 | T: 4:24:05 | BS: 3392 | Batched Update FPS: 4.9656
[2026-05-28 08:05:39,208][root][INFO] - Finished replay epoch 2435/10000
[2026-05-28 08:05:43,145][root][INFO] - Finished replay epoch 2436/10000
[2026-05-28 08:05:47,044][root][INFO] - Finished replay epoch 2437/10000
[2026-05-28 08:05:50,935][root][INFO] - Finished replay epoch 2438/10000
| pretrain       | Iter: 0 | T: 4:24:20 | BS: 3392 | Batched Update FPS: 4.8489
[2026-05-28 08:05:54,875][root][INFO] - Finished replay epoch 2439/10000
[2026-05-28 08:05:58,801][root][INFO] - Finished replay epoch 2440/10000
[2026-05-28 08:06:02,672][root][INFO] - Finished replay epoch 2441/10000
[2026-05-28 08:06:06,582][root][INFO] - Finished replay epoch 2442/10000
| pretrain       | Iter: 0 | T: 4:24:35 | BS: 3392 | Batched Update FPS: 4.8068
[2026-05-28 08:06:10,527][root][INFO] - Finished replay epoch 2443/10000
[2026-05-28 08:06:14,420][root][INFO] - Finished replay epoch 2444/10000
[2026-05-28 08:06:18,315][root][INFO] - Finished replay epoch 2445/10000
[2026-05-28 08:06:22,157][root][INFO] - Finished replay epoch 2446/10000
| pretrain       | Iter: 0 | T: 4:24:50 | BS: 3392 | Batched Update FPS: 5.0778
[2026-05-28 08:06:26,063][root][INFO] - Finished replay epoch 2447/10000
[2026-05-28 08:06:29,937][root][INFO] - Finished replay epoch 2448/10000
[2026-05-28 08:06:33,856][root][INFO] - Finished replay epoch 2449/10000
[2026-05-28 08:06:37,815][root][INFO] - Finished replay epoch 2450/10000
| pretrain       | Iter: 0 | T: 4:25:05 | BS: 3392 | Batched Update FPS: 5.0126
[2026-05-28 08:06:41,685][root][INFO] - Finished replay epoch 2451/10000
[2026-05-28 08:06:45,615][root][INFO] - Finished replay epoch 2452/10000
[2026-05-28 08:06:49,513][root][INFO] - Finished replay epoch 2453/10000
| pretrain       | Iter: 0 | T: 4:25:20 | BS: 3392 | Batched Update FPS: 5.0586
[2026-05-28 08:06:53,401][root][INFO] - Finished replay epoch 2454/10000
[2026-05-28 08:06:57,261][root][INFO] - Finished replay epoch 2455/10000
[2026-05-28 08:07:01,169][root][INFO] - Finished replay epoch 2456/10000
[2026-05-28 08:07:05,091][root][INFO] - Finished replay epoch 2457/10000
| pretrain       | Iter: 0 | T: 4:25:35 | BS: 3392 | Batched Update FPS: 4.9605
[2026-05-28 08:07:08,975][root][INFO] - Finished replay epoch 2458/10000
[2026-05-28 08:07:12,834][root][INFO] - Finished replay epoch 2459/10000
[2026-05-28 08:07:16,715][root][INFO] - Finished replay epoch 2460/10000
[2026-05-28 08:07:20,590][root][INFO] - Finished replay epoch 2461/10000
| pretrain       | Iter: 0 | T: 4:25:50 | BS: 3392 | Batched Update FPS: 5.7400
[2026-05-28 08:07:24,682][root][INFO] - Finished replay epoch 2462/10000
[2026-05-28 08:07:28,531][root][INFO] - Finished replay epoch 2463/10000
[2026-05-28 08:07:32,458][root][INFO] - Finished replay epoch 2464/10000
[2026-05-28 08:07:36,317][root][INFO] - Finished replay epoch 2465/10000
| pretrain       | Iter: 0 | T: 4:26:05 | BS: 3392 | Batched Update FPS: 4.8919
[2026-05-28 08:07:40,197][root][INFO] - Finished replay epoch 2466/10000
[2026-05-28 08:07:44,070][root][INFO] - Finished replay epoch 2467/10000
[2026-05-28 08:07:47,917][root][INFO] - Finished replay epoch 2468/10000
[2026-05-28 08:07:51,748][root][INFO] - Finished replay epoch 2469/10000
| pretrain       | Iter: 0 | T: 4:26:20 | BS: 3392 | Batched Update FPS: 4.9312
[2026-05-28 08:07:55,679][root][INFO] - Finished replay epoch 2470/10000
[2026-05-28 08:08:00,895][root][INFO] - Finished replay epoch 2471/10000
[2026-05-28 08:08:06,114][root][INFO] - Finished replay epoch 2472/10000
[2026-05-28 08:08:11,336][root][INFO] - Finished replay epoch 2473/10000
| pretrain       | Iter: 0 | T: 4:26:39 | BS: 3392 | Batched Update FPS: 3.2010
[2026-05-28 08:08:16,577][root][INFO] - Finished replay epoch 2474/10000
[2026-05-28 08:08:21,776][root][INFO] - Finished replay epoch 2475/10000
[2026-05-28 08:08:27,000][root][INFO] - Finished replay epoch 2476/10000
| pretrain       | Iter: 0 | T: 4:26:59 | BS: 3392 | Batched Update FPS: 3.1946
[2026-05-28 08:08:32,255][root][INFO] - Finished replay epoch 2477/10000
[2026-05-28 08:08:37,486][root][INFO] - Finished replay epoch 2478/10000
[2026-05-28 08:08:42,744][root][INFO] - Finished replay epoch 2479/10000
[2026-05-28 08:08:47,998][root][INFO] - Finished replay epoch 2480/10000
| pretrain       | Iter: 0 | T: 4:27:19 | BS: 3392 | Batched Update FPS: 3.9829
[2026-05-28 08:08:53,264][root][INFO] - Finished replay epoch 2481/10000
[2026-05-28 08:08:58,470][root][INFO] - Finished replay epoch 2482/10000
[2026-05-28 08:09:03,702][root][INFO] - Finished replay epoch 2483/10000
[2026-05-28 08:09:09,023][root][INFO] - Finished replay epoch 2484/10000
| pretrain       | Iter: 0 | T: 4:27:39 | BS: 3392 | Batched Update FPS: 4.2260
[2026-05-28 08:09:14,225][root][INFO] - Finished replay epoch 2485/10000
[2026-05-28 08:09:19,471][root][INFO] - Finished replay epoch 2486/10000
[2026-05-28 08:09:24,659][root][INFO] - Finished replay epoch 2487/10000
[2026-05-28 08:09:29,947][root][INFO] - Finished replay epoch 2488/10000
| pretrain       | Iter: 0 | T: 4:28:00 | BS: 3392 | Batched Update FPS: 3.1326
[2026-05-28 08:09:35,238][root][INFO] - Finished replay epoch 2489/10000
[2026-05-28 08:09:40,505][root][INFO] - Finished replay epoch 2490/10000
[2026-05-28 08:09:45,729][root][INFO] - Finished replay epoch 2491/10000
[2026-05-28 08:09:50,890][root][INFO] - Finished replay epoch 2492/10000
| pretrain       | Iter: 0 | T: 4:28:20 | BS: 3392 | Batched Update FPS: 3.2039
[2026-05-28 08:09:56,127][root][INFO] - Finished replay epoch 2493/10000
[2026-05-28 08:10:01,331][root][INFO] - Finished replay epoch 2494/10000
[2026-05-28 08:10:06,570][root][INFO] - Finished replay epoch 2495/10000
[2026-05-28 08:10:11,813][root][INFO] - Finished replay epoch 2496/10000
| pretrain       | Iter: 0 | T: 4:28:40 | BS: 3392 | Batched Update FPS: 3.2401
[2026-05-28 08:10:17,025][root][INFO] - Finished replay epoch 2497/10000
[2026-05-28 08:10:22,188][root][INFO] - Finished replay epoch 2498/10000
[2026-05-28 08:10:27,448][root][INFO] - Finished replay epoch 2499/10000
[2026-05-28 08:10:32,913][root][INFO] - Finished replay epoch 2500/10000
| pretrain       | Iter: 0 | T: 4:29:00 | BS: 3392 | Batched Update FPS: 6.0255
wandb: WARNING `format` argument was not provided, defaulting to `gif`. This parameter will be required in v0.20.0, please specify the format explicitly.
wandb: Encoding video...
| pretrain_eval  | Iter: 0 | S: 65000 | E: 0 | L: 200 | R: 0.0000 | T: 4:31:31
[2026-05-28 08:13:13,263][root][INFO] - Finished replay epoch 2501/10000
[2026-05-28 08:13:18,496][root][INFO] - Finished replay epoch 2502/10000
[2026-05-28 08:13:23,759][root][INFO] - Finished replay epoch 2503/10000
| pretrain       | Iter: 0 | T: 4:31:55 | BS: 3392 | Batched Update FPS: 4.1341
[2026-05-28 08:13:29,066][root][INFO] - Finished replay epoch 2504/10000
[2026-05-28 08:13:34,310][root][INFO] - Finished replay epoch 2505/10000
[2026-05-28 08:13:39,563][root][INFO] - Finished replay epoch 2506/10000
[2026-05-28 08:13:44,769][root][INFO] - Finished replay epoch 2507/10000
| pretrain       | Iter: 0 | T: 4:32:16 | BS: 3392 | Batched Update FPS: 4.2986
[2026-05-28 08:13:49,971][root][INFO] - Finished replay epoch 2508/10000
[2026-05-28 08:13:55,185][root][INFO] - Finished replay epoch 2509/10000
[2026-05-28 08:14:00,426][root][INFO] - Finished replay epoch 2510/10000
[2026-05-28 08:14:05,654][root][INFO] - Finished replay epoch 2511/10000
| pretrain       | Iter: 0 | T: 4:32:36 | BS: 3392 | Batched Update FPS: 2.9696
[2026-05-28 08:14:10,894][root][INFO] - Finished replay epoch 2512/10000
[2026-05-28 08:14:16,131][root][INFO] - Finished replay epoch 2513/10000
[2026-05-28 08:14:21,346][root][INFO] - Finished replay epoch 2514/10000
[2026-05-28 08:14:26,580][root][INFO] - Finished replay epoch 2515/10000
| pretrain       | Iter: 0 | T: 4:32:56 | BS: 3392 | Batched Update FPS: 3.1142
[2026-05-28 08:14:31,818][root][INFO] - Finished replay epoch 2516/10000
[2026-05-28 08:14:37,061][root][INFO] - Finished replay epoch 2517/10000
[2026-05-28 08:14:42,275][root][INFO] - Finished replay epoch 2518/10000
[2026-05-28 08:14:47,525][root][INFO] - Finished replay epoch 2519/10000
| pretrain       | Iter: 0 | T: 4:33:16 | BS: 3392 | Batched Update FPS: 3.9449
[2026-05-28 08:14:52,796][root][INFO] - Finished replay epoch 2520/10000
[2026-05-28 08:14:58,026][root][INFO] - Finished replay epoch 2521/10000
[2026-05-28 08:15:03,327][root][INFO] - Finished replay epoch 2522/10000
[2026-05-28 08:15:08,527][root][INFO] - Finished replay epoch 2523/10000
| pretrain       | Iter: 0 | T: 4:33:36 | BS: 3392 | Batched Update FPS: 4.3574
[2026-05-28 08:15:13,207][root][INFO] - Finished replay epoch 2524/10000
[2026-05-28 08:15:18,446][root][INFO] - Finished replay epoch 2525/10000
[2026-05-28 08:15:23,684][root][INFO] - Finished replay epoch 2526/10000
| pretrain       | Iter: 0 | T: 4:33:56 | BS: 3392 | Batched Update FPS: 3.6161
[2026-05-28 08:15:28,917][root][INFO] - Finished replay epoch 2527/10000
[2026-05-28 08:15:34,199][root][INFO] - Finished replay epoch 2528/10000
[2026-05-28 08:15:39,431][root][INFO] - Finished replay epoch 2529/10000
[2026-05-28 08:15:44,852][root][INFO] - Finished replay epoch 2530/10000
| pretrain       | Iter: 0 | T: 4:34:16 | BS: 3392 | Batched Update FPS: 3.2687
[2026-05-28 08:15:50,127][root][INFO] - Finished replay epoch 2531/10000
[2026-05-28 08:15:55,357][root][INFO] - Finished replay epoch 2532/10000
[2026-05-28 08:16:00,566][root][INFO] - Finished replay epoch 2533/10000
[2026-05-28 08:16:05,809][root][INFO] - Finished replay epoch 2534/10000
| pretrain       | Iter: 0 | T: 4:34:36 | BS: 3392 | Batched Update FPS: 3.9702
[2026-05-28 08:16:11,071][root][INFO] - Finished replay epoch 2535/10000
[2026-05-28 08:16:16,275][root][INFO] - Finished replay epoch 2536/10000
[2026-05-28 08:16:21,484][root][INFO] - Finished replay epoch 2537/10000
[2026-05-28 08:16:26,721][root][INFO] - Finished replay epoch 2538/10000
| pretrain       | Iter: 0 | T: 4:34:57 | BS: 3392 | Batched Update FPS: 6.0290
[2026-05-28 08:16:32,224][root][INFO] - Finished replay epoch 2539/10000
[2026-05-28 08:16:37,405][root][INFO] - Finished replay epoch 2540/10000
[2026-05-28 08:16:42,606][root][INFO] - Finished replay epoch 2541/10000
[2026-05-28 08:16:47,848][root][INFO] - Finished replay epoch 2542/10000
| pretrain       | Iter: 0 | T: 4:35:17 | BS: 3392 | Batched Update FPS: 4.2758
[2026-05-28 08:16:53,515][root][INFO] - Finished replay epoch 2543/10000
[2026-05-28 08:16:58,948][root][INFO] - Finished replay epoch 2544/10000
[2026-05-28 08:17:04,177][root][INFO] - Finished replay epoch 2545/10000
[2026-05-28 08:17:09,349][root][INFO] - Finished replay epoch 2546/10000
| pretrain       | Iter: 0 | T: 4:35:37 | BS: 3392 | Batched Update FPS: 3.3967
[2026-05-28 08:17:14,622][root][INFO] - Finished replay epoch 2547/10000
[2026-05-28 08:17:19,887][root][INFO] - Finished replay epoch 2548/10000
[2026-05-28 08:17:25,087][root][INFO] - Finished replay epoch 2549/10000
[2026-05-28 08:17:30,335][root][INFO] - Finished replay epoch 2550/10000
| pretrain       | Iter: 0 | T: 4:35:58 | BS: 3392 | Batched Update FPS: 3.4091
[2026-05-28 08:17:35,585][root][INFO] - Finished replay epoch 2551/10000
[2026-05-28 08:17:40,822][root][INFO] - Finished replay epoch 2552/10000
[2026-05-28 08:17:46,058][root][INFO] - Finished replay epoch 2553/10000
| pretrain       | Iter: 0 | T: 4:36:18 | BS: 3392 | Batched Update FPS: 3.1844
[2026-05-28 08:17:51,263][root][INFO] - Finished replay epoch 2554/10000
[2026-05-28 08:17:56,426][root][INFO] - Finished replay epoch 2555/10000
[2026-05-28 08:18:01,626][root][INFO] - Finished replay epoch 2556/10000
[2026-05-28 08:18:06,935][root][INFO] - Finished replay epoch 2557/10000
| pretrain       | Iter: 0 | T: 4:36:38 | BS: 3392 | Batched Update FPS: 3.1371
[2026-05-28 08:18:12,204][root][INFO] - Finished replay epoch 2558/10000
[2026-05-28 08:18:17,425][root][INFO] - Finished replay epoch 2559/10000
[2026-05-28 08:18:22,685][root][INFO] - Finished replay epoch 2560/10000
[2026-05-28 08:18:27,825][root][INFO] - Finished replay epoch 2561/10000
| pretrain       | Iter: 0 | T: 4:36:58 | BS: 3392 | Batched Update FPS: 3.1383
[2026-05-28 08:18:33,128][root][INFO] - Finished replay epoch 2562/10000
[2026-05-28 08:18:38,362][root][INFO] - Finished replay epoch 2563/10000
[2026-05-28 08:18:43,656][root][INFO] - Finished replay epoch 2564/10000
[2026-05-28 08:18:48,913][root][INFO] - Finished replay epoch 2565/10000
| pretrain       | Iter: 0 | T: 4:37:18 | BS: 3392 | Batched Update FPS: 4.1665
[2026-05-28 08:18:54,072][root][INFO] - Finished replay epoch 2566/10000
[2026-05-28 08:18:59,318][root][INFO] - Finished replay epoch 2567/10000
[2026-05-28 08:19:04,519][root][INFO] - Finished replay epoch 2568/10000
[2026-05-28 08:19:09,757][root][INFO] - Finished replay epoch 2569/10000
| pretrain       | Iter: 0 | T: 4:37:38 | BS: 3392 | Batched Update FPS: 4.0724
[2026-05-28 08:19:14,976][root][INFO] - Finished replay epoch 2570/10000
[2026-05-28 08:19:20,178][root][INFO] - Finished replay epoch 2571/10000
[2026-05-28 08:19:25,418][root][INFO] - Finished replay epoch 2572/10000
[2026-05-28 08:19:30,595][root][INFO] - Finished replay epoch 2573/10000
| pretrain       | Iter: 0 | T: 4:37:58 | BS: 3392 | Batched Update FPS: 3.0606
[2026-05-28 08:19:35,883][root][INFO] - Finished replay epoch 2574/10000
[2026-05-28 08:19:41,067][root][INFO] - Finished replay epoch 2575/10000
[2026-05-28 08:19:46,290][root][INFO] - Finished replay epoch 2576/10000
| pretrain       | Iter: 0 | T: 4:38:18 | BS: 3392 | Batched Update FPS: 6.1957
[2026-05-28 08:19:51,652][root][INFO] - Finished replay epoch 2577/10000
[2026-05-28 08:19:56,841][root][INFO] - Finished replay epoch 2578/10000
[2026-05-28 08:20:02,079][root][INFO] - Finished replay epoch 2579/10000
[2026-05-28 08:20:07,308][root][INFO] - Finished replay epoch 2580/10000
| pretrain       | Iter: 0 | T: 4:38:39 | BS: 3392 | Batched Update FPS: 3.3395
[2026-05-28 08:20:12,646][root][INFO] - Finished replay epoch 2581/10000
[2026-05-28 08:20:17,910][root][INFO] - Finished replay epoch 2582/10000
[2026-05-28 08:20:23,117][root][INFO] - Finished replay epoch 2583/10000
[2026-05-28 08:20:28,308][root][INFO] - Finished replay epoch 2584/10000
| pretrain       | Iter: 0 | T: 4:38:59 | BS: 3392 | Batched Update FPS: 3.1511
[2026-05-28 08:20:33,604][root][INFO] - Finished replay epoch 2585/10000
[2026-05-28 08:20:38,862][root][INFO] - Finished replay epoch 2586/10000
[2026-05-28 08:20:44,100][root][INFO] - Finished replay epoch 2587/10000
[2026-05-28 08:20:49,367][root][INFO] - Finished replay epoch 2588/10000
| pretrain       | Iter: 0 | T: 4:39:19 | BS: 3392 | Batched Update FPS: 4.2269
[2026-05-28 08:20:54,602][root][INFO] - Finished replay epoch 2589/10000
[2026-05-28 08:20:59,842][root][INFO] - Finished replay epoch 2590/10000
[2026-05-28 08:21:05,083][root][INFO] - Finished replay epoch 2591/10000
[2026-05-28 08:21:10,282][root][INFO] - Finished replay epoch 2592/10000
| pretrain       | Iter: 0 | T: 4:39:39 | BS: 3392 | Batched Update FPS: 3.3526
[2026-05-28 08:21:15,587][root][INFO] - Finished replay epoch 2593/10000
[2026-05-28 08:21:20,825][root][INFO] - Finished replay epoch 2594/10000
[2026-05-28 08:21:26,092][root][INFO] - Finished replay epoch 2595/10000
[2026-05-28 08:21:31,329][root][INFO] - Finished replay epoch 2596/10000
| pretrain       | Iter: 0 | T: 4:39:59 | BS: 3392 | Batched Update FPS: 4.0266
wandb: WARNING `format` argument was not provided, defaulting to `gif`. This parameter will be required in v0.20.0, please specify the format explicitly.
wandb: Encoding video...
| pretrain_eval  | Iter: 0 | S: 67500 | E: 0 | L: 200 | R: 0.0000 | T: 4:42:23
[2026-05-28 08:24:05,368][root][INFO] - Finished replay epoch 2597/10000
[2026-05-28 08:24:10,578][root][INFO] - Finished replay epoch 2598/10000
[2026-05-28 08:24:15,843][root][INFO] - Finished replay epoch 2599/10000
[2026-05-28 08:24:21,086][root][INFO] - Finished replay epoch 2600/10000
| pretrain       | Iter: 0 | T: 4:42:48 | BS: 3392 | Batched Update FPS: 3.0911
[2026-05-28 08:24:26,353][root][INFO] - Finished replay epoch 2601/10000
[2026-05-28 08:24:31,590][root][INFO] - Finished replay epoch 2602/10000
[2026-05-28 08:24:36,823][root][INFO] - Finished replay epoch 2603/10000
| pretrain       | Iter: 0 | T: 4:43:08 | BS: 3392 | Batched Update FPS: 3.2180
[2026-05-28 08:24:42,065][root][INFO] - Finished replay epoch 2604/10000
[2026-05-28 08:24:47,341][root][INFO] - Finished replay epoch 2605/10000
[2026-05-28 08:24:52,587][root][INFO] - Finished replay epoch 2606/10000
[2026-05-28 08:24:57,810][root][INFO] - Finished replay epoch 2607/10000
| pretrain       | Iter: 0 | T: 4:43:29 | BS: 3392 | Batched Update FPS: 4.1713
[2026-05-28 08:25:03,046][root][INFO] - Finished replay epoch 2608/10000
[2026-05-28 08:25:08,254][root][INFO] - Finished replay epoch 2609/10000
[2026-05-28 08:25:13,478][root][INFO] - Finished replay epoch 2610/10000
[2026-05-28 08:25:18,704][root][INFO] - Finished replay epoch 2611/10000
| pretrain       | Iter: 0 | T: 4:43:49 | BS: 3392 | Batched Update FPS: 3.4197
[2026-05-28 08:25:23,997][root][INFO] - Finished replay epoch 2612/10000
[2026-05-28 08:25:29,252][root][INFO] - Finished replay epoch 2613/10000
[2026-05-28 08:25:34,461][root][INFO] - Finished replay epoch 2614/10000
[2026-05-28 08:25:39,722][root][INFO] - Finished replay epoch 2615/10000
| pretrain       | Iter: 0 | T: 4:44:09 | BS: 3392 | Batched Update FPS: 6.1604
[2026-05-28 08:25:45,068][root][INFO] - Finished replay epoch 2616/10000
[2026-05-28 08:25:50,315][root][INFO] - Finished replay epoch 2617/10000
[2026-05-28 08:25:55,598][root][INFO] - Finished replay epoch 2618/10000
[2026-05-28 08:26:00,817][root][INFO] - Finished replay epoch 2619/10000
| pretrain       | Iter: 0 | T: 4:44:29 | BS: 3392 | Batched Update FPS: 4.0768
[2026-05-28 08:26:06,066][root][INFO] - Finished replay epoch 2620/10000
[2026-05-28 08:26:11,314][root][INFO] - Finished replay epoch 2621/10000
[2026-05-28 08:26:16,536][root][INFO] - Finished replay epoch 2622/10000
[2026-05-28 08:26:21,793][root][INFO] - Finished replay epoch 2623/10000
| pretrain       | Iter: 0 | T: 4:44:49 | BS: 3392 | Batched Update FPS: 4.0440
[2026-05-28 08:26:27,119][root][INFO] - Finished replay epoch 2624/10000
[2026-05-28 08:26:32,352][root][INFO] - Finished replay epoch 2625/10000
[2026-05-28 08:26:37,540][root][INFO] - Finished replay epoch 2626/10000
| pretrain       | Iter: 0 | T: 4:45:10 | BS: 3392 | Batched Update FPS: 4.0979
[2026-05-28 08:26:42,764][root][INFO] - Finished replay epoch 2627/10000
[2026-05-28 08:26:47,870][root][INFO] - Finished replay epoch 2628/10000
[2026-05-28 08:26:53,039][root][INFO] - Finished replay epoch 2629/10000
[2026-05-28 08:26:58,259][root][INFO] - Finished replay epoch 2630/10000
| pretrain       | Iter: 0 | T: 4:45:30 | BS: 3392 | Batched Update FPS: 5.2167
[2026-05-28 08:27:03,524][root][INFO] - Finished replay epoch 2631/10000
[2026-05-28 08:27:08,879][root][INFO] - Finished replay epoch 2632/10000
[2026-05-28 08:27:14,069][root][INFO] - Finished replay epoch 2633/10000
[2026-05-28 08:27:19,322][root][INFO] - Finished replay epoch 2634/10000
| pretrain       | Iter: 0 | T: 4:45:50 | BS: 3392 | Batched Update FPS: 3.0447
[2026-05-28 08:27:24,582][root][INFO] - Finished replay epoch 2635/10000
[2026-05-28 08:27:29,854][root][INFO] - Finished replay epoch 2636/10000
[2026-05-28 08:27:35,179][root][INFO] - Finished replay epoch 2637/10000
[2026-05-28 08:27:40,329][root][INFO] - Finished replay epoch 2638/10000
| pretrain       | Iter: 0 | T: 4:46:10 | BS: 3392 | Batched Update FPS: 4.9920
[2026-05-28 08:27:45,582][root][INFO] - Finished replay epoch 2639/10000
[2026-05-28 08:27:50,827][root][INFO] - Finished replay epoch 2640/10000
[2026-05-28 08:27:55,975][root][INFO] - Finished replay epoch 2641/10000
[2026-05-28 08:28:01,225][root][INFO] - Finished replay epoch 2642/10000
| pretrain       | Iter: 0 | T: 4:46:30 | BS: 3392 | Batched Update FPS: 3.5936
[2026-05-28 08:28:06,468][root][INFO] - Finished replay epoch 2643/10000
[2026-05-28 08:28:11,694][root][INFO] - Finished replay epoch 2644/10000
[2026-05-28 08:28:16,911][root][INFO] - Finished replay epoch 2645/10000
[2026-05-28 08:28:22,161][root][INFO] - Finished replay epoch 2646/10000
| pretrain       | Iter: 0 | T: 4:46:50 | BS: 3392 | Batched Update FPS: 3.2225
[2026-05-28 08:28:27,329][root][INFO] - Finished replay epoch 2647/10000
[2026-05-28 08:28:32,548][root][INFO] - Finished replay epoch 2648/10000
[2026-05-28 08:28:37,775][root][INFO] - Finished replay epoch 2649/10000
[2026-05-28 08:28:43,027][root][INFO] - Finished replay epoch 2650/10000
| pretrain       | Iter: 0 | T: 4:47:10 | BS: 3392 | Batched Update FPS: 3.1555
[2026-05-28 08:28:48,282][root][INFO] - Finished replay epoch 2651/10000
[2026-05-28 08:28:53,514][root][INFO] - Finished replay epoch 2652/10000
[2026-05-28 08:28:58,777][root][INFO] - Finished replay epoch 2653/10000
| pretrain       | Iter: 0 | T: 4:47:31 | BS: 3392 | Batched Update FPS: 5.7565
[2026-05-28 08:29:04,186][root][INFO] - Finished replay epoch 2654/10000
[2026-05-28 08:29:09,354][root][INFO] - Finished replay epoch 2655/10000
[2026-05-28 08:29:14,583][root][INFO] - Finished replay epoch 2656/10000
[2026-05-28 08:29:19,822][root][INFO] - Finished replay epoch 2657/10000
| pretrain       | Iter: 0 | T: 4:47:51 | BS: 3392 | Batched Update FPS: 4.0533
[2026-05-28 08:29:25,054][root][INFO] - Finished replay epoch 2658/10000
[2026-05-28 08:29:30,344][root][INFO] - Finished replay epoch 2659/10000
[2026-05-28 08:29:35,583][root][INFO] - Finished replay epoch 2660/10000
[2026-05-28 08:29:40,853][root][INFO] - Finished replay epoch 2661/10000
| pretrain       | Iter: 0 | T: 4:48:11 | BS: 3392 | Batched Update FPS: 4.3629
[2026-05-28 08:29:46,070][root][INFO] - Finished replay epoch 2662/10000
[2026-05-28 08:29:51,310][root][INFO] - Finished replay epoch 2663/10000
[2026-05-28 08:29:56,549][root][INFO] - Finished replay epoch 2664/10000
[2026-05-28 08:30:01,778][root][INFO] - Finished replay epoch 2665/10000
| pretrain       | Iter: 0 | T: 4:48:31 | BS: 3392 | Batched Update FPS: 3.4816
[2026-05-28 08:30:07,015][root][INFO] - Finished replay epoch 2666/10000
[2026-05-28 08:30:12,199][root][INFO] - Finished replay epoch 2667/10000
[2026-05-28 08:30:17,354][root][INFO] - Finished replay epoch 2668/10000
[2026-05-28 08:30:22,615][root][INFO] - Finished replay epoch 2669/10000
| pretrain       | Iter: 0 | T: 4:48:51 | BS: 3392 | Batched Update FPS: 3.0577
[2026-05-28 08:30:27,898][root][INFO] - Finished replay epoch 2670/10000
[2026-05-28 08:30:32,442][root][INFO] - Finished replay epoch 2671/10000
[2026-05-28 08:30:36,356][root][INFO] - Finished replay epoch 2672/10000
[2026-05-28 08:30:40,269][root][INFO] - Finished replay epoch 2673/10000
| pretrain       | Iter: 0 | T: 4:49:08 | BS: 3392 | Batched Update FPS: 4.8923
[2026-05-28 08:30:44,136][root][INFO] - Finished replay epoch 2674/10000
[2026-05-28 08:30:48,039][root][INFO] - Finished replay epoch 2675/10000
[2026-05-28 08:30:51,954][root][INFO] - Finished replay epoch 2676/10000
| pretrain       | Iter: 0 | T: 4:49:23 | BS: 3392 | Batched Update FPS: 4.9337
[2026-05-28 08:30:55,806][root][INFO] - Finished replay epoch 2677/10000
[2026-05-28 08:30:59,620][root][INFO] - Finished replay epoch 2678/10000
[2026-05-28 08:31:03,500][root][INFO] - Finished replay epoch 2679/10000
[2026-05-28 08:31:07,395][root][INFO] - Finished replay epoch 2680/10000
| pretrain       | Iter: 0 | T: 4:49:38 | BS: 3392 | Batched Update FPS: 5.1665
[2026-05-28 08:31:11,383][root][INFO] - Finished replay epoch 2681/10000
[2026-05-28 08:31:15,339][root][INFO] - Finished replay epoch 2682/10000
[2026-05-28 08:31:19,252][root][INFO] - Finished replay epoch 2683/10000
[2026-05-28 08:31:23,141][root][INFO] - Finished replay epoch 2684/10000
| pretrain       | Iter: 0 | T: 4:49:53 | BS: 3392 | Batched Update FPS: 5.0653
[2026-05-28 08:31:27,022][root][INFO] - Finished replay epoch 2685/10000
[2026-05-28 08:31:30,896][root][INFO] - Finished replay epoch 2686/10000
[2026-05-28 08:31:34,771][root][INFO] - Finished replay epoch 2687/10000
[2026-05-28 08:31:38,685][root][INFO] - Finished replay epoch 2688/10000
| pretrain       | Iter: 0 | T: 4:50:08 | BS: 3392 | Batched Update FPS: 4.8382
[2026-05-28 08:31:42,628][root][INFO] - Finished replay epoch 2689/10000
[2026-05-28 08:31:46,542][root][INFO] - Finished replay epoch 2690/10000
[2026-05-28 08:31:50,449][root][INFO] - Finished replay epoch 2691/10000
[2026-05-28 08:31:54,398][root][INFO] - Finished replay epoch 2692/10000
| pretrain       | Iter: 0 | T: 4:50:23 | BS: 3392 | Batched Update FPS: 5.7515
wandb: WARNING `format` argument was not provided, defaulting to `gif`. This parameter will be required in v0.20.0, please specify the format explicitly.
wandb: Encoding video...
| pretrain_eval  | Iter: 0 | S: 70000 | E: 0 | L: 200 | R: 0.0000 | T: 4:52:11
[2026-05-28 08:33:51,522][root][INFO] - Finished replay epoch 2693/10000
[2026-05-28 08:33:55,289][root][INFO] - Finished replay epoch 2694/10000
[2026-05-28 08:34:00,371][root][INFO] - Finished replay epoch 2695/10000
[2026-05-28 08:34:05,610][root][INFO] - Finished replay epoch 2696/10000
| pretrain       | Iter: 0 | T: 4:52:34 | BS: 3392 | Batched Update FPS: 4.3283
[2026-05-28 08:34:10,795][root][INFO] - Finished replay epoch 2697/10000
[2026-05-28 08:34:16,043][root][INFO] - Finished replay epoch 2698/10000
[2026-05-28 08:34:21,326][root][INFO] - Finished replay epoch 2699/10000
[2026-05-28 08:34:26,698][root][INFO] - Finished replay epoch 2700/10000
| pretrain       | Iter: 0 | T: 4:52:54 | BS: 3392 | Batched Update FPS: 4.0466
[2026-05-28 08:34:31,919][root][INFO] - Finished replay epoch 2701/10000
[2026-05-28 08:34:37,157][root][INFO] - Finished replay epoch 2702/10000
[2026-05-28 08:34:42,399][root][INFO] - Finished replay epoch 2703/10000
| pretrain       | Iter: 0 | T: 4:53:14 | BS: 3392 | Batched Update FPS: 4.5315
[2026-05-28 08:34:47,608][root][INFO] - Finished replay epoch 2704/10000
[2026-05-28 08:34:52,878][root][INFO] - Finished replay epoch 2705/10000
[2026-05-28 08:34:58,104][root][INFO] - Finished replay epoch 2706/10000
[2026-05-28 08:35:03,375][root][INFO] - Finished replay epoch 2707/10000
| pretrain       | Iter: 0 | T: 4:53:34 | BS: 3392 | Batched Update FPS: 3.0442
[2026-05-28 08:35:08,690][root][INFO] - Finished replay epoch 2708/10000
[2026-05-28 08:35:13,885][root][INFO] - Finished replay epoch 2709/10000
[2026-05-28 08:35:19,121][root][INFO] - Finished replay epoch 2710/10000
[2026-05-28 08:35:24,383][root][INFO] - Finished replay epoch 2711/10000
| pretrain       | Iter: 0 | T: 4:53:54 | BS: 3392 | Batched Update FPS: 4.9219
[2026-05-28 08:35:29,664][root][INFO] - Finished replay epoch 2712/10000
[2026-05-28 08:35:34,900][root][INFO] - Finished replay epoch 2713/10000
[2026-05-28 08:35:40,092][root][INFO] - Finished replay epoch 2714/10000
[2026-05-28 08:35:45,303][root][INFO] - Finished replay epoch 2715/10000
| pretrain       | Iter: 0 | T: 4:54:15 | BS: 3392 | Batched Update FPS: 3.9020
[2026-05-28 08:35:50,536][root][INFO] - Finished replay epoch 2716/10000
[2026-05-28 08:35:55,798][root][INFO] - Finished replay epoch 2717/10000
[2026-05-28 08:36:01,066][root][INFO] - Finished replay epoch 2718/10000
[2026-05-28 08:36:06,306][root][INFO] - Finished replay epoch 2719/10000
| pretrain       | Iter: 0 | T: 4:54:35 | BS: 3392 | Batched Update FPS: 3.3425
[2026-05-28 08:36:11,435][root][INFO] - Finished replay epoch 2720/10000
[2026-05-28 08:36:16,598][root][INFO] - Finished replay epoch 2721/10000
[2026-05-28 08:36:21,841][root][INFO] - Finished replay epoch 2722/10000
[2026-05-28 08:36:27,080][root][INFO] - Finished replay epoch 2723/10000
| pretrain       | Iter: 0 | T: 4:54:55 | BS: 3392 | Batched Update FPS: 4.9264
[2026-05-28 08:36:32,347][root][INFO] - Finished replay epoch 2724/10000
[2026-05-28 08:36:37,513][root][INFO] - Finished replay epoch 2725/10000
[2026-05-28 08:36:42,746][root][INFO] - Finished replay epoch 2726/10000
| pretrain       | Iter: 0 | T: 4:55:15 | BS: 3392 | Batched Update FPS: 3.9777
[2026-05-28 08:36:47,979][root][INFO] - Finished replay epoch 2727/10000
[2026-05-28 08:36:53,206][root][INFO] - Finished replay epoch 2728/10000
[2026-05-28 08:36:58,404][root][INFO] - Finished replay epoch 2729/10000
[2026-05-28 08:37:03,648][root][INFO] - Finished replay epoch 2730/10000
| pretrain       | Iter: 0 | T: 4:55:35 | BS: 3392 | Batched Update FPS: 5.1462
[2026-05-28 08:37:08,982][root][INFO] - Finished replay epoch 2731/10000
[2026-05-28 08:37:14,253][root][INFO] - Finished replay epoch 2732/10000
[2026-05-28 08:37:19,490][root][INFO] - Finished replay epoch 2733/10000
[2026-05-28 08:37:24,732][root][INFO] - Finished replay epoch 2734/10000
| pretrain       | Iter: 0 | T: 4:55:55 | BS: 3392 | Batched Update FPS: 3.8533
[2026-05-28 08:37:29,944][root][INFO] - Finished replay epoch 2735/10000
[2026-05-28 08:37:35,173][root][INFO] - Finished replay epoch 2736/10000
[2026-05-28 08:37:40,408][root][INFO] - Finished replay epoch 2737/10000
[2026-05-28 08:37:45,653][root][INFO] - Finished replay epoch 2738/10000
| pretrain       | Iter: 0 | T: 4:56:15 | BS: 3392 | Batched Update FPS: 3.2044
[2026-05-28 08:37:50,950][root][INFO] - Finished replay epoch 2739/10000
[2026-05-28 08:37:56,150][root][INFO] - Finished replay epoch 2740/10000
[2026-05-28 08:38:01,361][root][INFO] - Finished replay epoch 2741/10000
[2026-05-28 08:38:06,631][root][INFO] - Finished replay epoch 2742/10000
| pretrain       | Iter: 0 | T: 4:56:35 | BS: 3392 | Batched Update FPS: 3.2508
[2026-05-28 08:38:11,882][root][INFO] - Finished replay epoch 2743/10000
[2026-05-28 08:38:17,100][root][INFO] - Finished replay epoch 2744/10000
[2026-05-28 08:38:22,353][root][INFO] - Finished replay epoch 2745/10000
[2026-05-28 08:38:27,566][root][INFO] - Finished replay epoch 2746/10000
| pretrain       | Iter: 0 | T: 4:56:56 | BS: 3392 | Batched Update FPS: 3.3770
[2026-05-28 08:38:32,841][root][INFO] - Finished replay epoch 2747/10000
[2026-05-28 08:38:38,095][root][INFO] - Finished replay epoch 2748/10000
[2026-05-28 08:38:43,397][root][INFO] - Finished replay epoch 2749/10000
[2026-05-28 08:38:48,645][root][INFO] - Finished replay epoch 2750/10000
| pretrain       | Iter: 0 | T: 4:57:16 | BS: 3392 | Batched Update FPS: 5.2089
[2026-05-28 08:38:53,872][root][INFO] - Finished replay epoch 2751/10000
[2026-05-28 08:38:59,034][root][INFO] - Finished replay epoch 2752/10000
[2026-05-28 08:39:04,237][root][INFO] - Finished replay epoch 2753/10000
| pretrain       | Iter: 0 | T: 4:57:36 | BS: 3392 | Batched Update FPS: 3.9349
[2026-05-28 08:39:09,512][root][INFO] - Finished replay epoch 2754/10000
[2026-05-28 08:39:14,736][root][INFO] - Finished replay epoch 2755/10000
[2026-05-28 08:39:19,940][root][INFO] - Finished replay epoch 2756/10000
[2026-05-28 08:39:25,128][root][INFO] - Finished replay epoch 2757/10000
| pretrain       | Iter: 0 | T: 4:57:56 | BS: 3392 | Batched Update FPS: 3.7425
[2026-05-28 08:39:30,421][root][INFO] - Finished replay epoch 2758/10000
[2026-05-28 08:39:35,576][root][INFO] - Finished replay epoch 2759/10000
[2026-05-28 08:39:40,814][root][INFO] - Finished replay epoch 2760/10000
[2026-05-28 08:39:46,089][root][INFO] - Finished replay epoch 2761/10000
| pretrain       | Iter: 0 | T: 4:58:16 | BS: 3392 | Batched Update FPS: 3.2887
[2026-05-28 08:39:51,300][root][INFO] - Finished replay epoch 2762/10000
[2026-05-28 08:39:56,494][root][INFO] - Finished replay epoch 2763/10000
[2026-05-28 08:40:01,768][root][INFO] - Finished replay epoch 2764/10000
[2026-05-28 08:40:07,029][root][INFO] - Finished replay epoch 2765/10000
| pretrain       | Iter: 0 | T: 4:58:36 | BS: 3392 | Batched Update FPS: 3.2954
[2026-05-28 08:40:12,268][root][INFO] - Finished replay epoch 2766/10000
[2026-05-28 08:40:17,488][root][INFO] - Finished replay epoch 2767/10000
[2026-05-28 08:40:22,611][root][INFO] - Finished replay epoch 2768/10000
[2026-05-28 08:40:27,884][root][INFO] - Finished replay epoch 2769/10000
| pretrain       | Iter: 0 | T: 4:58:56 | BS: 3392 | Batched Update FPS: 6.0667
[2026-05-28 08:40:33,251][root][INFO] - Finished replay epoch 2770/10000
[2026-05-28 08:40:38,463][root][INFO] - Finished replay epoch 2771/10000
[2026-05-28 08:40:43,690][root][INFO] - Finished replay epoch 2772/10000
[2026-05-28 08:40:48,948][root][INFO] - Finished replay epoch 2773/10000
| pretrain       | Iter: 0 | T: 4:59:17 | BS: 3392 | Batched Update FPS: 4.0343
[2026-05-28 08:40:54,104][root][INFO] - Finished replay epoch 2774/10000
[2026-05-28 08:40:59,395][root][INFO] - Finished replay epoch 2775/10000
[2026-05-28 08:41:04,532][root][INFO] - Finished replay epoch 2776/10000
| pretrain       | Iter: 0 | T: 4:59:37 | BS: 3392 | Batched Update FPS: 4.1470
[2026-05-28 08:41:09,801][root][INFO] - Finished replay epoch 2777/10000
[2026-05-28 08:41:15,001][root][INFO] - Finished replay epoch 2778/10000
[2026-05-28 08:41:20,264][root][INFO] - Finished replay epoch 2779/10000
[2026-05-28 08:41:25,492][root][INFO] - Finished replay epoch 2780/10000
| pretrain       | Iter: 0 | T: 4:59:57 | BS: 3392 | Batched Update FPS: 4.0455
[2026-05-28 08:41:30,789][root][INFO] - Finished replay epoch 2781/10000
[2026-05-28 08:41:35,994][root][INFO] - Finished replay epoch 2782/10000
[2026-05-28 08:41:41,223][root][INFO] - Finished replay epoch 2783/10000
[2026-05-28 08:41:46,368][root][INFO] - Finished replay epoch 2784/10000
| pretrain       | Iter: 0 | T: 5:00:17 | BS: 3392 | Batched Update FPS: 3.0694
[2026-05-28 08:41:51,635][root][INFO] - Finished replay epoch 2785/10000
[2026-05-28 08:41:56,246][root][INFO] - Finished replay epoch 2786/10000
[2026-05-28 08:42:01,460][root][INFO] - Finished replay epoch 2787/10000
[2026-05-28 08:42:06,644][root][INFO] - Finished replay epoch 2788/10000
| pretrain       | Iter: 0 | T: 5:00:36 | BS: 3392 | Batched Update FPS: 3.9496
wandb: WARNING `format` argument was not provided, defaulting to `gif`. This parameter will be required in v0.20.0, please specify the format explicitly.
wandb: Encoding video...
| pretrain_eval  | Iter: 0 | S: 72500 | E: 0 | L: 200 | R: 0.0000 | T: 5:02:59
[2026-05-28 08:44:39,169][root][INFO] - Finished replay epoch 2789/10000
[2026-05-28 08:44:44,452][root][INFO] - Finished replay epoch 2790/10000
[2026-05-28 08:44:49,671][root][INFO] - Finished replay epoch 2791/10000
[2026-05-28 08:44:54,874][root][INFO] - Finished replay epoch 2792/10000
| pretrain       | Iter: 0 | T: 5:03:24 | BS: 3392 | Batched Update FPS: 3.9355
[2026-05-28 08:45:00,170][root][INFO] - Finished replay epoch 2793/10000
[2026-05-28 08:45:05,472][root][INFO] - Finished replay epoch 2794/10000
[2026-05-28 08:45:10,661][root][INFO] - Finished replay epoch 2795/10000
[2026-05-28 08:45:15,927][root][INFO] - Finished replay epoch 2796/10000
| pretrain       | Iter: 0 | T: 5:03:44 | BS: 3392 | Batched Update FPS: 3.0698
[2026-05-28 08:45:21,224][root][INFO] - Finished replay epoch 2797/10000
[2026-05-28 08:45:26,560][root][INFO] - Finished replay epoch 2798/10000
[2026-05-28 08:45:31,834][root][INFO] - Finished replay epoch 2799/10000
[2026-05-28 08:45:36,997][root][INFO] - Finished replay epoch 2800/10000
| pretrain       | Iter: 0 | T: 5:04:04 | BS: 3392 | Batched Update FPS: 3.1153
[2026-05-28 08:45:42,246][root][INFO] - Finished replay epoch 2801/10000
[2026-05-28 08:45:47,480][root][INFO] - Finished replay epoch 2802/10000
[2026-05-28 08:45:52,681][root][INFO] - Finished replay epoch 2803/10000
| pretrain       | Iter: 0 | T: 5:04:24 | BS: 3392 | Batched Update FPS: 3.1061
[2026-05-28 08:45:57,953][root][INFO] - Finished replay epoch 2804/10000
[2026-05-28 08:46:03,203][root][INFO] - Finished replay epoch 2805/10000
[2026-05-28 08:46:08,405][root][INFO] - Finished replay epoch 2806/10000
[2026-05-28 08:46:13,519][root][INFO] - Finished replay epoch 2807/10000
| pretrain       | Iter: 0 | T: 5:04:44 | BS: 3392 | Batched Update FPS: 6.0927
[2026-05-28 08:46:18,916][root][INFO] - Finished replay epoch 2808/10000
[2026-05-28 08:46:24,175][root][INFO] - Finished replay epoch 2809/10000
[2026-05-28 08:46:29,430][root][INFO] - Finished replay epoch 2810/10000
[2026-05-28 08:46:34,687][root][INFO] - Finished replay epoch 2811/10000
| pretrain       | Iter: 0 | T: 5:05:05 | BS: 3392 | Batched Update FPS: 5.2091
[2026-05-28 08:46:39,895][root][INFO] - Finished replay epoch 2812/10000
[2026-05-28 08:46:45,118][root][INFO] - Finished replay epoch 2813/10000
[2026-05-28 08:46:50,315][root][INFO] - Finished replay epoch 2814/10000
[2026-05-28 08:46:55,556][root][INFO] - Finished replay epoch 2815/10000
| pretrain       | Iter: 0 | T: 5:05:25 | BS: 3392 | Batched Update FPS: 4.7740
[2026-05-28 08:47:00,806][root][INFO] - Finished replay epoch 2816/10000
[2026-05-28 08:47:05,965][root][INFO] - Finished replay epoch 2817/10000
[2026-05-28 08:47:11,142][root][INFO] - Finished replay epoch 2818/10000
[2026-05-28 08:47:16,434][root][INFO] - Finished replay epoch 2819/10000
| pretrain       | Iter: 0 | T: 5:05:45 | BS: 3392 | Batched Update FPS: 3.1256
[2026-05-28 08:47:21,788][root][INFO] - Finished replay epoch 2820/10000
[2026-05-28 08:47:26,955][root][INFO] - Finished replay epoch 2821/10000
[2026-05-28 08:47:32,205][root][INFO] - Finished replay epoch 2822/10000
[2026-05-28 08:47:37,436][root][INFO] - Finished replay epoch 2823/10000
| pretrain       | Iter: 0 | T: 5:06:05 | BS: 3392 | Batched Update FPS: 3.2897
[2026-05-28 08:47:42,615][root][INFO] - Finished replay epoch 2824/10000
[2026-05-28 08:47:47,855][root][INFO] - Finished replay epoch 2825/10000
[2026-05-28 08:47:53,029][root][INFO] - Finished replay epoch 2826/10000
| pretrain       | Iter: 0 | T: 5:06:25 | BS: 3392 | Batched Update FPS: 4.1191
[2026-05-28 08:47:58,392][root][INFO] - Finished replay epoch 2827/10000
[2026-05-28 08:48:03,660][root][INFO] - Finished replay epoch 2828/10000
[2026-05-28 08:48:08,870][root][INFO] - Finished replay epoch 2829/10000
[2026-05-28 08:48:14,111][root][INFO] - Finished replay epoch 2830/10000
| pretrain       | Iter: 0 | T: 5:06:45 | BS: 3392 | Batched Update FPS: 3.6010
[2026-05-28 08:48:19,306][root][INFO] - Finished replay epoch 2831/10000
[2026-05-28 08:48:24,591][root][INFO] - Finished replay epoch 2832/10000
[2026-05-28 08:48:29,889][root][INFO] - Finished replay epoch 2833/10000
[2026-05-28 08:48:35,198][root][INFO] - Finished replay epoch 2834/10000
| pretrain       | Iter: 0 | T: 5:07:06 | BS: 3392 | Batched Update FPS: 3.9923
[2026-05-28 08:48:40,430][root][INFO] - Finished replay epoch 2835/10000
[2026-05-28 08:48:45,677][root][INFO] - Finished replay epoch 2836/10000
[2026-05-28 08:48:50,951][root][INFO] - Finished replay epoch 2837/10000
[2026-05-28 08:48:56,196][root][INFO] - Finished replay epoch 2838/10000
| pretrain       | Iter: 0 | T: 5:07:26 | BS: 3392 | Batched Update FPS: 4.1142
[2026-05-28 08:49:01,463][root][INFO] - Finished replay epoch 2839/10000
[2026-05-28 08:49:06,711][root][INFO] - Finished replay epoch 2840/10000
[2026-05-28 08:49:11,871][root][INFO] - Finished replay epoch 2841/10000
[2026-05-28 08:49:16,315][root][INFO] - Finished replay epoch 2842/10000
| pretrain       | Iter: 0 | T: 5:07:45 | BS: 3392 | Batched Update FPS: 4.8859
[2026-05-28 08:49:20,216][root][INFO] - Finished replay epoch 2843/10000
[2026-05-28 08:49:24,134][root][INFO] - Finished replay epoch 2844/10000
[2026-05-28 08:49:28,003][root][INFO] - Finished replay epoch 2845/10000
[2026-05-28 08:49:31,968][root][INFO] - Finished replay epoch 2846/10000
| pretrain       | Iter: 0 | T: 5:08:00 | BS: 3392 | Batched Update FPS: 5.8889
[2026-05-28 08:49:36,172][root][INFO] - Finished replay epoch 2847/10000
[2026-05-28 08:49:40,128][root][INFO] - Finished replay epoch 2848/10000
[2026-05-28 08:49:44,075][root][INFO] - Finished replay epoch 2849/10000
[2026-05-28 08:49:47,967][root][INFO] - Finished replay epoch 2850/10000
| pretrain       | Iter: 0 | T: 5:08:15 | BS: 3392 | Batched Update FPS: 5.0031
[2026-05-28 08:49:51,882][root][INFO] - Finished replay epoch 2851/10000
[2026-05-28 08:49:55,825][root][INFO] - Finished replay epoch 2852/10000
[2026-05-28 08:49:59,708][root][INFO] - Finished replay epoch 2853/10000
| pretrain       | Iter: 0 | T: 5:08:30 | BS: 3392 | Batched Update FPS: 4.8805
[2026-05-28 08:50:03,673][root][INFO] - Finished replay epoch 2854/10000
[2026-05-28 08:50:07,511][root][INFO] - Finished replay epoch 2855/10000
[2026-05-28 08:50:11,445][root][INFO] - Finished replay epoch 2856/10000
[2026-05-28 08:50:15,333][root][INFO] - Finished replay epoch 2857/10000
| pretrain       | Iter: 0 | T: 5:08:45 | BS: 3392 | Batched Update FPS: 5.0429
[2026-05-28 08:50:19,249][root][INFO] - Finished replay epoch 2858/10000
[2026-05-28 08:50:23,141][root][INFO] - Finished replay epoch 2859/10000
[2026-05-28 08:50:27,081][root][INFO] - Finished replay epoch 2860/10000
[2026-05-28 08:50:30,955][root][INFO] - Finished replay epoch 2861/10000
| pretrain       | Iter: 0 | T: 5:09:00 | BS: 3392 | Batched Update FPS: 4.9290
[2026-05-28 08:50:34,882][root][INFO] - Finished replay epoch 2862/10000
[2026-05-28 08:50:38,795][root][INFO] - Finished replay epoch 2863/10000
[2026-05-28 08:50:42,725][root][INFO] - Finished replay epoch 2864/10000
[2026-05-28 08:50:46,658][root][INFO] - Finished replay epoch 2865/10000
| pretrain       | Iter: 0 | T: 5:09:15 | BS: 3392 | Batched Update FPS: 4.9537
[2026-05-28 08:50:50,566][root][INFO] - Finished replay epoch 2866/10000
[2026-05-28 08:50:54,416][root][INFO] - Finished replay epoch 2867/10000
[2026-05-28 08:50:58,312][root][INFO] - Finished replay epoch 2868/10000
[2026-05-28 08:51:02,204][root][INFO] - Finished replay epoch 2869/10000
| pretrain       | Iter: 0 | T: 5:09:30 | BS: 3392 | Batched Update FPS: 4.8561
[2026-05-28 08:51:06,170][root][INFO] - Finished replay epoch 2870/10000
[2026-05-28 08:51:10,059][root][INFO] - Finished replay epoch 2871/10000
[2026-05-28 08:51:14,145][root][INFO] - Finished replay epoch 2872/10000
[2026-05-28 08:51:18,015][root][INFO] - Finished replay epoch 2873/10000
| pretrain       | Iter: 0 | T: 5:09:45 | BS: 3392 | Batched Update FPS: 5.0059
[2026-05-28 08:51:21,891][root][INFO] - Finished replay epoch 2874/10000
[2026-05-28 08:51:25,828][root][INFO] - Finished replay epoch 2875/10000
[2026-05-28 08:51:29,757][root][INFO] - Finished replay epoch 2876/10000
| pretrain       | Iter: 0 | T: 5:10:01 | BS: 3392 | Batched Update FPS: 5.0273
[2026-05-28 08:51:33,697][root][INFO] - Finished replay epoch 2877/10000
[2026-05-28 08:51:37,576][root][INFO] - Finished replay epoch 2878/10000
[2026-05-28 08:51:41,451][root][INFO] - Finished replay epoch 2879/10000
[2026-05-28 08:51:45,337][root][INFO] - Finished replay epoch 2880/10000
| pretrain       | Iter: 0 | T: 5:10:15 | BS: 3392 | Batched Update FPS: 4.8095
[2026-05-28 08:51:49,247][root][INFO] - Finished replay epoch 2881/10000
[2026-05-28 08:51:53,178][root][INFO] - Finished replay epoch 2882/10000
[2026-05-28 08:51:57,057][root][INFO] - Finished replay epoch 2883/10000
[2026-05-28 08:52:00,983][root][INFO] - Finished replay epoch 2884/10000
| pretrain       | Iter: 0 | T: 5:10:31 | BS: 3392 | Batched Update FPS: 6.0964
wandb: WARNING `format` argument was not provided, defaulting to `gif`. This parameter will be required in v0.20.0, please specify the format explicitly.
wandb: Encoding video...
| pretrain_eval  | Iter: 0 | S: 75000 | E: 0 | L: 200 | R: 0.0000 | T: 5:12:34
[2026-05-28 08:54:13,227][root][INFO] - Finished replay epoch 2885/10000
[2026-05-28 08:54:18,602][root][INFO] - Finished replay epoch 2886/10000
[2026-05-28 08:54:23,751][root][INFO] - Finished replay epoch 2887/10000
[2026-05-28 08:54:29,024][root][INFO] - Finished replay epoch 2888/10000
| pretrain       | Iter: 0 | T: 5:12:59 | BS: 3392 | Batched Update FPS: 4.4840
[2026-05-28 08:54:34,271][root][INFO] - Finished replay epoch 2889/10000
[2026-05-28 08:54:39,591][root][INFO] - Finished replay epoch 2890/10000
[2026-05-28 08:54:44,869][root][INFO] - Finished replay epoch 2891/10000
[2026-05-28 08:54:50,131][root][INFO] - Finished replay epoch 2892/10000
| pretrain       | Iter: 0 | T: 5:13:19 | BS: 3392 | Batched Update FPS: 3.2526
[2026-05-28 08:54:55,403][root][INFO] - Finished replay epoch 2893/10000
[2026-05-28 08:55:00,668][root][INFO] - Finished replay epoch 2894/10000
[2026-05-28 08:55:05,915][root][INFO] - Finished replay epoch 2895/10000
[2026-05-28 08:55:11,168][root][INFO] - Finished replay epoch 2896/10000
| pretrain       | Iter: 0 | T: 5:13:39 | BS: 3392 | Batched Update FPS: 4.4741
[2026-05-28 08:55:16,395][root][INFO] - Finished replay epoch 2897/10000
[2026-05-28 08:55:21,639][root][INFO] - Finished replay epoch 2898/10000
[2026-05-28 08:55:26,922][root][INFO] - Finished replay epoch 2899/10000
[2026-05-28 08:55:32,173][root][INFO] - Finished replay epoch 2900/10000
| pretrain       | Iter: 0 | T: 5:13:59 | BS: 3392 | Batched Update FPS: 3.0920
[2026-05-28 08:55:37,470][root][INFO] - Finished replay epoch 2901/10000
[2026-05-28 08:55:42,800][root][INFO] - Finished replay epoch 2902/10000
[2026-05-28 08:55:48,069][root][INFO] - Finished replay epoch 2903/10000
| pretrain       | Iter: 0 | T: 5:14:20 | BS: 3392 | Batched Update FPS: 4.1065
[2026-05-28 08:55:53,314][root][INFO] - Finished replay epoch 2904/10000
[2026-05-28 08:55:58,545][root][INFO] - Finished replay epoch 2905/10000
[2026-05-28 08:56:03,807][root][INFO] - Finished replay epoch 2906/10000
[2026-05-28 08:56:09,032][root][INFO] - Finished replay epoch 2907/10000
| pretrain       | Iter: 0 | T: 5:14:40 | BS: 3392 | Batched Update FPS: 3.2015
[2026-05-28 08:56:14,268][root][INFO] - Finished replay epoch 2908/10000
[2026-05-28 08:56:19,492][root][INFO] - Finished replay epoch 2909/10000
[2026-05-28 08:56:24,710][root][INFO] - Finished replay epoch 2910/10000
[2026-05-28 08:56:29,920][root][INFO] - Finished replay epoch 2911/10000
| pretrain       | Iter: 0 | T: 5:15:00 | BS: 3392 | Batched Update FPS: 3.0753
[2026-05-28 08:56:35,151][root][INFO] - Finished replay epoch 2912/10000
[2026-05-28 08:56:40,516][root][INFO] - Finished replay epoch 2913/10000
[2026-05-28 08:56:45,754][root][INFO] - Finished replay epoch 2914/10000
[2026-05-28 08:56:50,987][root][INFO] - Finished replay epoch 2915/10000
| pretrain       | Iter: 0 | T: 5:15:20 | BS: 3392 | Batched Update FPS: 4.0378
[2026-05-28 08:56:56,186][root][INFO] - Finished replay epoch 2916/10000
[2026-05-28 08:57:01,416][root][INFO] - Finished replay epoch 2917/10000
[2026-05-28 08:57:06,675][root][INFO] - Finished replay epoch 2918/10000
[2026-05-28 08:57:11,951][root][INFO] - Finished replay epoch 2919/10000
| pretrain       | Iter: 0 | T: 5:15:40 | BS: 3392 | Batched Update FPS: 4.3832
[2026-05-28 08:57:17,203][root][INFO] - Finished replay epoch 2920/10000
[2026-05-28 08:57:22,364][root][INFO] - Finished replay epoch 2921/10000
[2026-05-28 08:57:27,546][root][INFO] - Finished replay epoch 2922/10000
[2026-05-28 08:57:32,776][root][INFO] - Finished replay epoch 2923/10000
| pretrain       | Iter: 0 | T: 5:16:01 | BS: 3392 | Batched Update FPS: 5.8928
[2026-05-28 08:57:38,268][root][INFO] - Finished replay epoch 2924/10000
[2026-05-28 08:57:43,479][root][INFO] - Finished replay epoch 2925/10000
[2026-05-28 08:57:48,725][root][INFO] - Finished replay epoch 2926/10000
| pretrain       | Iter: 0 | T: 5:16:21 | BS: 3392 | Batched Update FPS: 3.1570
[2026-05-28 08:57:54,006][root][INFO] - Finished replay epoch 2927/10000
[2026-05-28 08:57:59,281][root][INFO] - Finished replay epoch 2928/10000
[2026-05-28 08:58:04,570][root][INFO] - Finished replay epoch 2929/10000
[2026-05-28 08:58:09,820][root][INFO] - Finished replay epoch 2930/10000
| pretrain       | Iter: 0 | T: 5:16:41 | BS: 3392 | Batched Update FPS: 3.9574
[2026-05-28 08:58:15,111][root][INFO] - Finished replay epoch 2931/10000
[2026-05-28 08:58:20,403][root][INFO] - Finished replay epoch 2932/10000
[2026-05-28 08:58:25,641][root][INFO] - Finished replay epoch 2933/10000
[2026-05-28 08:58:30,868][root][INFO] - Finished replay epoch 2934/10000
| pretrain       | Iter: 0 | T: 5:17:01 | BS: 3392 | Batched Update FPS: 3.1436
[2026-05-28 08:58:36,231][root][INFO] - Finished replay epoch 2935/10000
[2026-05-28 08:58:41,467][root][INFO] - Finished replay epoch 2936/10000
[2026-05-28 08:58:46,718][root][INFO] - Finished replay epoch 2937/10000
[2026-05-28 08:58:51,914][root][INFO] - Finished replay epoch 2938/10000
| pretrain       | Iter: 0 | T: 5:17:22 | BS: 3392 | Batched Update FPS: 3.3265
[2026-05-28 08:58:57,196][root][INFO] - Finished replay epoch 2939/10000
[2026-05-28 08:59:02,446][root][INFO] - Finished replay epoch 2940/10000
[2026-05-28 08:59:07,661][root][INFO] - Finished replay epoch 2941/10000
[2026-05-28 08:59:12,925][root][INFO] - Finished replay epoch 2942/10000
| pretrain       | Iter: 0 | T: 5:17:42 | BS: 3392 | Batched Update FPS: 3.3964
[2026-05-28 08:59:18,116][root][INFO] - Finished replay epoch 2943/10000
[2026-05-28 08:59:23,325][root][INFO] - Finished replay epoch 2944/10000
[2026-05-28 08:59:28,516][root][INFO] - Finished replay epoch 2945/10000
[2026-05-28 08:59:33,723][root][INFO] - Finished replay epoch 2946/10000
| pretrain       | Iter: 0 | T: 5:18:02 | BS: 3392 | Batched Update FPS: 5.1676
[2026-05-28 08:59:38,935][root][INFO] - Finished replay epoch 2947/10000
[2026-05-28 08:59:44,197][root][INFO] - Finished replay epoch 2948/10000
[2026-05-28 08:59:49,417][root][INFO] - Finished replay epoch 2949/10000
[2026-05-28 08:59:54,599][root][INFO] - Finished replay epoch 2950/10000
| pretrain       | Iter: 0 | T: 5:18:22 | BS: 3392 | Batched Update FPS: 4.1975
[2026-05-28 08:59:59,834][root][INFO] - Finished replay epoch 2951/10000
[2026-05-28 09:00:05,043][root][INFO] - Finished replay epoch 2952/10000
[2026-05-28 09:00:10,252][root][INFO] - Finished replay epoch 2953/10000
| pretrain       | Iter: 0 | T: 5:18:42 | BS: 3392 | Batched Update FPS: 4.0206
[2026-05-28 09:00:15,566][root][INFO] - Finished replay epoch 2954/10000
[2026-05-28 09:00:20,776][root][INFO] - Finished replay epoch 2955/10000
[2026-05-28 09:00:26,030][root][INFO] - Finished replay epoch 2956/10000
[2026-05-28 09:00:31,249][root][INFO] - Finished replay epoch 2957/10000
| pretrain       | Iter: 0 | T: 5:19:02 | BS: 3392 | Batched Update FPS: 3.2426
[2026-05-28 09:00:36,480][root][INFO] - Finished replay epoch 2958/10000
[2026-05-28 09:00:41,730][root][INFO] - Finished replay epoch 2959/10000
[2026-05-28 09:00:46,312][root][INFO] - Finished replay epoch 2960/10000
[2026-05-28 09:00:51,574][root][INFO] - Finished replay epoch 2961/10000
| pretrain       | Iter: 0 | T: 5:19:22 | BS: 3392 | Batched Update FPS: 5.8320
[2026-05-28 09:00:57,046][root][INFO] - Finished replay epoch 2962/10000
[2026-05-28 09:01:02,292][root][INFO] - Finished replay epoch 2963/10000
[2026-05-28 09:01:07,557][root][INFO] - Finished replay epoch 2964/10000
[2026-05-28 09:01:12,783][root][INFO] - Finished replay epoch 2965/10000
| pretrain       | Iter: 0 | T: 5:19:42 | BS: 3392 | Batched Update FPS: 3.2144
[2026-05-28 09:01:18,113][root][INFO] - Finished replay epoch 2966/10000
[2026-05-28 09:01:23,427][root][INFO] - Finished replay epoch 2967/10000
[2026-05-28 09:01:28,695][root][INFO] - Finished replay epoch 2968/10000
[2026-05-28 09:01:33,880][root][INFO] - Finished replay epoch 2969/10000
| pretrain       | Iter: 0 | T: 5:20:02 | BS: 3392 | Batched Update FPS: 3.0913
[2026-05-28 09:01:39,168][root][INFO] - Finished replay epoch 2970/10000
[2026-05-28 09:01:44,336][root][INFO] - Finished replay epoch 2971/10000
[2026-05-28 09:01:49,635][root][INFO] - Finished replay epoch 2972/10000
[2026-05-28 09:01:54,922][root][INFO] - Finished replay epoch 2973/10000
| pretrain       | Iter: 0 | T: 5:20:23 | BS: 3392 | Batched Update FPS: 3.9822
[2026-05-28 09:02:00,270][root][INFO] - Finished replay epoch 2974/10000
[2026-05-28 09:02:05,501][root][INFO] - Finished replay epoch 2975/10000
[2026-05-28 09:02:10,758][root][INFO] - Finished replay epoch 2976/10000
| pretrain       | Iter: 0 | T: 5:20:43 | BS: 3392 | Batched Update FPS: 4.4541
[2026-05-28 09:02:15,973][root][INFO] - Finished replay epoch 2977/10000
[2026-05-28 09:02:21,240][root][INFO] - Finished replay epoch 2978/10000
[2026-05-28 09:02:26,520][root][INFO] - Finished replay epoch 2979/10000
[2026-05-28 09:02:31,759][root][INFO] - Finished replay epoch 2980/10000
| pretrain       | Iter: 0 | T: 5:21:03 | BS: 3392 | Batched Update FPS: 3.9636
wandb: WARNING `format` argument was not provided, defaulting to `gif`. This parameter will be required in v0.20.0, please specify the format explicitly.
wandb: Encoding video...
| pretrain_eval  | Iter: 0 | S: 77500 | E: 0 | L: 200 | R: 0.0000 | T: 5:23:27
[2026-05-28 09:05:05,263][root][INFO] - Finished replay epoch 2981/10000
[2026-05-28 09:05:10,525][root][INFO] - Finished replay epoch 2982/10000
[2026-05-28 09:05:15,776][root][INFO] - Finished replay epoch 2983/10000
[2026-05-28 09:05:20,967][root][INFO] - Finished replay epoch 2984/10000
| pretrain       | Iter: 0 | T: 5:23:51 | BS: 3392 | Batched Update FPS: 3.1563
[2026-05-28 09:05:26,237][root][INFO] - Finished replay epoch 2985/10000
[2026-05-28 09:05:31,484][root][INFO] - Finished replay epoch 2986/10000
[2026-05-28 09:05:36,695][root][INFO] - Finished replay epoch 2987/10000
[2026-05-28 09:05:41,951][root][INFO] - Finished replay epoch 2988/10000
| pretrain       | Iter: 0 | T: 5:24:12 | BS: 3392 | Batched Update FPS: 3.0435
[2026-05-28 09:05:47,299][root][INFO] - Finished replay epoch 2989/10000
[2026-05-28 09:05:52,547][root][INFO] - Finished replay epoch 2990/10000
[2026-05-28 09:05:57,852][root][INFO] - Finished replay epoch 2991/10000
[2026-05-28 09:06:03,108][root][INFO] - Finished replay epoch 2992/10000
| pretrain       | Iter: 0 | T: 5:24:32 | BS: 3392 | Batched Update FPS: 4.8702
[2026-05-28 09:06:08,260][root][INFO] - Finished replay epoch 2993/10000
[2026-05-28 09:06:13,519][root][INFO] - Finished replay epoch 2994/10000
[2026-05-28 09:06:18,805][root][INFO] - Finished replay epoch 2995/10000
[2026-05-28 09:06:24,118][root][INFO] - Finished replay epoch 2996/10000
| pretrain       | Iter: 0 | T: 5:24:52 | BS: 3392 | Batched Update FPS: 3.1315
[2026-05-28 09:06:29,396][root][INFO] - Finished replay epoch 2997/10000
[2026-05-28 09:06:34,665][root][INFO] - Finished replay epoch 2998/10000
[2026-05-28 09:06:39,883][root][INFO] - Finished replay epoch 2999/10000
[2026-05-28 09:06:45,412][root][INFO] - Finished replay epoch 3000/10000
| pretrain       | Iter: 0 | T: 5:25:13 | BS: 3392 | Batched Update FPS: 5.5290
[2026-05-28 09:06:50,581][root][INFO] - Finished replay epoch 3001/10000
[2026-05-28 09:06:55,842][root][INFO] - Finished replay epoch 3002/10000
[2026-05-28 09:07:01,079][root][INFO] - Finished replay epoch 3003/10000
| pretrain       | Iter: 0 | T: 5:25:33 | BS: 3392 | Batched Update FPS: 3.4844
[2026-05-28 09:07:06,373][root][INFO] - Finished replay epoch 3004/10000
[2026-05-28 09:07:11,645][root][INFO] - Finished replay epoch 3005/10000
[2026-05-28 09:07:16,884][root][INFO] - Finished replay epoch 3006/10000
[2026-05-28 09:07:22,170][root][INFO] - Finished replay epoch 3007/10000
| pretrain       | Iter: 0 | T: 5:25:53 | BS: 3392 | Batched Update FPS: 3.8441
[2026-05-28 09:07:27,458][root][INFO] - Finished replay epoch 3008/10000
[2026-05-28 09:07:32,643][root][INFO] - Finished replay epoch 3009/10000
[2026-05-28 09:07:37,849][root][INFO] - Finished replay epoch 3010/10000
[2026-05-28 09:07:43,031][root][INFO] - Finished replay epoch 3011/10000
| pretrain       | Iter: 0 | T: 5:26:13 | BS: 3392 | Batched Update FPS: 4.8279
[2026-05-28 09:07:48,288][root][INFO] - Finished replay epoch 3012/10000
[2026-05-28 09:07:53,527][root][INFO] - Finished replay epoch 3013/10000
[2026-05-28 09:07:58,741][root][INFO] - Finished replay epoch 3014/10000
[2026-05-28 09:08:03,375][root][INFO] - Finished replay epoch 3015/10000
| pretrain       | Iter: 0 | T: 5:26:33 | BS: 3392 | Batched Update FPS: 3.2180
[2026-05-28 09:08:08,557][root][INFO] - Finished replay epoch 3016/10000
[2026-05-28 09:08:13,756][root][INFO] - Finished replay epoch 3017/10000
[2026-05-28 09:08:19,011][root][INFO] - Finished replay epoch 3018/10000
[2026-05-28 09:08:24,262][root][INFO] - Finished replay epoch 3019/10000
| pretrain       | Iter: 0 | T: 5:26:53 | BS: 3392 | Batched Update FPS: 4.2804
[2026-05-28 09:08:29,541][root][INFO] - Finished replay epoch 3020/10000
[2026-05-28 09:08:34,763][root][INFO] - Finished replay epoch 3021/10000
[2026-05-28 09:08:40,008][root][INFO] - Finished replay epoch 3022/10000
[2026-05-28 09:08:45,214][root][INFO] - Finished replay epoch 3023/10000
| pretrain       | Iter: 0 | T: 5:27:13 | BS: 3392 | Batched Update FPS: 3.1143
[2026-05-28 09:08:50,537][root][INFO] - Finished replay epoch 3024/10000
[2026-05-28 09:08:55,812][root][INFO] - Finished replay epoch 3025/10000
[2026-05-28 09:09:01,043][root][INFO] - Finished replay epoch 3026/10000
| pretrain       | Iter: 0 | T: 5:27:33 | BS: 3392 | Batched Update FPS: 4.7384
[2026-05-28 09:09:06,296][root][INFO] - Finished replay epoch 3027/10000
[2026-05-28 09:09:11,475][root][INFO] - Finished replay epoch 3028/10000
[2026-05-28 09:09:16,678][root][INFO] - Finished replay epoch 3029/10000
[2026-05-28 09:09:21,917][root][INFO] - Finished replay epoch 3030/10000
| pretrain       | Iter: 0 | T: 5:27:53 | BS: 3392 | Batched Update FPS: 3.9733
[2026-05-28 09:09:27,080][root][INFO] - Finished replay epoch 3031/10000
[2026-05-28 09:09:32,345][root][INFO] - Finished replay epoch 3032/10000
[2026-05-28 09:09:37,598][root][INFO] - Finished replay epoch 3033/10000
[2026-05-28 09:09:42,805][root][INFO] - Finished replay epoch 3034/10000
| pretrain       | Iter: 0 | T: 5:28:13 | BS: 3392 | Batched Update FPS: 3.3112
[2026-05-28 09:09:48,064][root][INFO] - Finished replay epoch 3035/10000
[2026-05-28 09:09:53,318][root][INFO] - Finished replay epoch 3036/10000
[2026-05-28 09:09:58,571][root][INFO] - Finished replay epoch 3037/10000
[2026-05-28 09:10:03,776][root][INFO] - Finished replay epoch 3038/10000
| pretrain       | Iter: 0 | T: 5:28:34 | BS: 3392 | Batched Update FPS: 4.2684
[2026-05-28 09:10:09,413][root][INFO] - Finished replay epoch 3039/10000
[2026-05-28 09:10:14,609][root][INFO] - Finished replay epoch 3040/10000
[2026-05-28 09:10:19,862][root][INFO] - Finished replay epoch 3041/10000
[2026-05-28 09:10:25,131][root][INFO] - Finished replay epoch 3042/10000
| pretrain       | Iter: 0 | T: 5:28:54 | BS: 3392 | Batched Update FPS: 3.4505
[2026-05-28 09:10:30,383][root][INFO] - Finished replay epoch 3043/10000
[2026-05-28 09:10:35,586][root][INFO] - Finished replay epoch 3044/10000
[2026-05-28 09:10:40,831][root][INFO] - Finished replay epoch 3045/10000
[2026-05-28 09:10:46,011][root][INFO] - Finished replay epoch 3046/10000
| pretrain       | Iter: 0 | T: 5:29:14 | BS: 3392 | Batched Update FPS: 3.2666
[2026-05-28 09:10:51,294][root][INFO] - Finished replay epoch 3047/10000
[2026-05-28 09:10:56,547][root][INFO] - Finished replay epoch 3048/10000
[2026-05-28 09:11:01,823][root][INFO] - Finished replay epoch 3049/10000
[2026-05-28 09:11:07,051][root][INFO] - Finished replay epoch 3050/10000
| pretrain       | Iter: 0 | T: 5:29:34 | BS: 3392 | Batched Update FPS: 5.4936
[2026-05-28 09:11:12,239][root][INFO] - Finished replay epoch 3051/10000
[2026-05-28 09:11:17,458][root][INFO] - Finished replay epoch 3052/10000
[2026-05-28 09:11:22,708][root][INFO] - Finished replay epoch 3053/10000
| pretrain       | Iter: 0 | T: 5:29:54 | BS: 3392 | Batched Update FPS: 4.0073
[2026-05-28 09:11:27,976][root][INFO] - Finished replay epoch 3054/10000
[2026-05-28 09:11:33,208][root][INFO] - Finished replay epoch 3055/10000
[2026-05-28 09:11:38,391][root][INFO] - Finished replay epoch 3056/10000
[2026-05-28 09:11:43,641][root][INFO] - Finished replay epoch 3057/10000
| pretrain       | Iter: 0 | T: 5:30:15 | BS: 3392 | Batched Update FPS: 4.2991
[2026-05-28 09:11:48,913][root][INFO] - Finished replay epoch 3058/10000
[2026-05-28 09:11:54,198][root][INFO] - Finished replay epoch 3059/10000
[2026-05-28 09:11:59,430][root][INFO] - Finished replay epoch 3060/10000
[2026-05-28 09:12:04,703][root][INFO] - Finished replay epoch 3061/10000
| pretrain       | Iter: 0 | T: 5:30:35 | BS: 3392 | Batched Update FPS: 3.2059
[2026-05-28 09:12:09,967][root][INFO] - Finished replay epoch 3062/10000
[2026-05-28 09:12:15,213][root][INFO] - Finished replay epoch 3063/10000
[2026-05-28 09:12:20,425][root][INFO] - Finished replay epoch 3064/10000
[2026-05-28 09:12:25,639][root][INFO] - Finished replay epoch 3065/10000
| pretrain       | Iter: 0 | T: 5:30:55 | BS: 3392 | Batched Update FPS: 3.2571
[2026-05-28 09:12:30,882][root][INFO] - Finished replay epoch 3066/10000
[2026-05-28 09:12:36,176][root][INFO] - Finished replay epoch 3067/10000
[2026-05-28 09:12:41,457][root][INFO] - Finished replay epoch 3068/10000
[2026-05-28 09:12:46,681][root][INFO] - Finished replay epoch 3069/10000
| pretrain       | Iter: 0 | T: 5:31:15 | BS: 3392 | Batched Update FPS: 4.0703
[2026-05-28 09:12:51,907][root][INFO] - Finished replay epoch 3070/10000
[2026-05-28 09:12:57,090][root][INFO] - Finished replay epoch 3071/10000
[2026-05-28 09:13:02,339][root][INFO] - Finished replay epoch 3072/10000
[2026-05-28 09:13:07,641][root][INFO] - Finished replay epoch 3073/10000
| pretrain       | Iter: 0 | T: 5:31:35 | BS: 3392 | Batched Update FPS: 3.9933
[2026-05-28 09:13:12,947][root][INFO] - Finished replay epoch 3074/10000
[2026-05-28 09:13:18,220][root][INFO] - Finished replay epoch 3075/10000
[2026-05-28 09:13:23,460][root][INFO] - Finished replay epoch 3076/10000
| pretrain       | Iter: 0 | T: 5:31:56 | BS: 3392 | Batched Update FPS: 6.1023
wandb: WARNING `format` argument was not provided, defaulting to `gif`. This parameter will be required in v0.20.0, please specify the format explicitly.
wandb: Encoding video...
| pretrain_eval  | Iter: 0 | S: 80000 | E: 0 | L: 200 | R: 0.0000 | T: 5:34:13
[2026-05-28 09:15:50,627][root][INFO] - Finished replay epoch 3077/10000
[2026-05-28 09:15:54,505][root][INFO] - Finished replay epoch 3078/10000
[2026-05-28 09:15:58,389][root][INFO] - Finished replay epoch 3079/10000
[2026-05-28 09:16:02,322][root][INFO] - Finished replay epoch 3080/10000
| pretrain       | Iter: 0 | T: 5:34:32 | BS: 3392 | Batched Update FPS: 4.9933
[2026-05-28 09:16:06,212][root][INFO] - Finished replay epoch 3081/10000
[2026-05-28 09:16:10,114][root][INFO] - Finished replay epoch 3082/10000
[2026-05-28 09:16:14,030][root][INFO] - Finished replay epoch 3083/10000
[2026-05-28 09:16:17,916][root][INFO] - Finished replay epoch 3084/10000
| pretrain       | Iter: 0 | T: 5:34:47 | BS: 3392 | Batched Update FPS: 5.0534
[2026-05-28 09:16:21,806][root][INFO] - Finished replay epoch 3085/10000
[2026-05-28 09:16:25,719][root][INFO] - Finished replay epoch 3086/10000
[2026-05-28 09:16:29,600][root][INFO] - Finished replay epoch 3087/10000
[2026-05-28 09:16:33,542][root][INFO] - Finished replay epoch 3088/10000
| pretrain       | Iter: 0 | T: 5:35:03 | BS: 3392 | Batched Update FPS: 4.9108
[2026-05-28 09:16:37,454][root][INFO] - Finished replay epoch 3089/10000
[2026-05-28 09:16:41,352][root][INFO] - Finished replay epoch 3090/10000
[2026-05-28 09:16:45,278][root][INFO] - Finished replay epoch 3091/10000
[2026-05-28 09:16:49,166][root][INFO] - Finished replay epoch 3092/10000
| pretrain       | Iter: 0 | T: 5:35:18 | BS: 3392 | Batched Update FPS: 5.0560
[2026-05-28 09:16:53,078][root][INFO] - Finished replay epoch 3093/10000
[2026-05-28 09:16:56,971][root][INFO] - Finished replay epoch 3094/10000
[2026-05-28 09:17:00,878][root][INFO] - Finished replay epoch 3095/10000
[2026-05-28 09:17:04,812][root][INFO] - Finished replay epoch 3096/10000
| pretrain       | Iter: 0 | T: 5:35:33 | BS: 3392 | Batched Update FPS: 4.9445
[2026-05-28 09:17:08,713][root][INFO] - Finished replay epoch 3097/10000
[2026-05-28 09:17:12,630][root][INFO] - Finished replay epoch 3098/10000
[2026-05-28 09:17:16,553][root][INFO] - Finished replay epoch 3099/10000
[2026-05-28 09:17:20,450][root][INFO] - Finished replay epoch 3100/10000
| pretrain       | Iter: 0 | T: 5:35:48 | BS: 3392 | Batched Update FPS: 5.0275
[2026-05-28 09:17:24,432][root][INFO] - Finished replay epoch 3101/10000
[2026-05-28 09:17:28,373][root][INFO] - Finished replay epoch 3102/10000
[2026-05-28 09:17:32,276][root][INFO] - Finished replay epoch 3103/10000
| pretrain       | Iter: 0 | T: 5:36:03 | BS: 3392 | Batched Update FPS: 4.7861
[2026-05-28 09:17:36,215][root][INFO] - Finished replay epoch 3104/10000
[2026-05-28 09:17:40,058][root][INFO] - Finished replay epoch 3105/10000
[2026-05-28 09:17:43,955][root][INFO] - Finished replay epoch 3106/10000
[2026-05-28 09:17:47,852][root][INFO] - Finished replay epoch 3107/10000
| pretrain       | Iter: 0 | T: 5:36:18 | BS: 3392 | Batched Update FPS: 4.9043
[2026-05-28 09:17:51,777][root][INFO] - Finished replay epoch 3108/10000
[2026-05-28 09:17:55,704][root][INFO] - Finished replay epoch 3109/10000
[2026-05-28 09:17:59,598][root][INFO] - Finished replay epoch 3110/10000
[2026-05-28 09:18:03,537][root][INFO] - Finished replay epoch 3111/10000
| pretrain       | Iter: 0 | T: 5:36:33 | BS: 3392 | Batched Update FPS: 5.1343
[2026-05-28 09:18:07,431][root][INFO] - Finished replay epoch 3112/10000
[2026-05-28 09:18:11,336][root][INFO] - Finished replay epoch 3113/10000
[2026-05-28 09:18:15,224][root][INFO] - Finished replay epoch 3114/10000
[2026-05-28 09:18:19,121][root][INFO] - Finished replay epoch 3115/10000
| pretrain       | Iter: 0 | T: 5:36:48 | BS: 3392 | Batched Update FPS: 5.8199
[2026-05-28 09:18:23,250][root][INFO] - Finished replay epoch 3116/10000
[2026-05-28 09:18:27,172][root][INFO] - Finished replay epoch 3117/10000
[2026-05-28 09:18:31,027][root][INFO] - Finished replay epoch 3118/10000
[2026-05-28 09:18:34,904][root][INFO] - Finished replay epoch 3119/10000
| pretrain       | Iter: 0 | T: 5:37:03 | BS: 3392 | Batched Update FPS: 5.0067
[2026-05-28 09:18:38,836][root][INFO] - Finished replay epoch 3120/10000
[2026-05-28 09:18:42,760][root][INFO] - Finished replay epoch 3121/10000
[2026-05-28 09:18:46,638][root][INFO] - Finished replay epoch 3122/10000
[2026-05-28 09:18:50,559][root][INFO] - Finished replay epoch 3123/10000
| pretrain       | Iter: 0 | T: 5:37:18 | BS: 3392 | Batched Update FPS: 5.0248
[2026-05-28 09:18:54,505][root][INFO] - Finished replay epoch 3124/10000
[2026-05-28 09:18:58,433][root][INFO] - Finished replay epoch 3125/10000
[2026-05-28 09:19:02,353][root][INFO] - Finished replay epoch 3126/10000
| pretrain       | Iter: 0 | T: 5:37:33 | BS: 3392 | Batched Update FPS: 4.8735
[2026-05-28 09:19:06,279][root][INFO] - Finished replay epoch 3127/10000
[2026-05-28 09:19:10,121][root][INFO] - Finished replay epoch 3128/10000
[2026-05-28 09:19:14,020][root][INFO] - Finished replay epoch 3129/10000
[2026-05-28 09:19:17,896][root][INFO] - Finished replay epoch 3130/10000
| pretrain       | Iter: 0 | T: 5:37:49 | BS: 3392 | Batched Update FPS: 3.1377
[2026-05-28 09:19:22,564][root][INFO] - Finished replay epoch 3131/10000
[2026-05-28 09:19:27,738][root][INFO] - Finished replay epoch 3132/10000
[2026-05-28 09:19:32,919][root][INFO] - Finished replay epoch 3133/10000
[2026-05-28 09:19:38,199][root][INFO] - Finished replay epoch 3134/10000
| pretrain       | Iter: 0 | T: 5:38:09 | BS: 3392 | Batched Update FPS: 3.1340
[2026-05-28 09:19:43,416][root][INFO] - Finished replay epoch 3135/10000
[2026-05-28 09:19:48,645][root][INFO] - Finished replay epoch 3136/10000
[2026-05-28 09:19:53,826][root][INFO] - Finished replay epoch 3137/10000
[2026-05-28 09:19:59,120][root][INFO] - Finished replay epoch 3138/10000
| pretrain       | Iter: 0 | T: 5:38:29 | BS: 3392 | Batched Update FPS: 3.9744
[2026-05-28 09:20:04,419][root][INFO] - Finished replay epoch 3139/10000
[2026-05-28 09:20:09,598][root][INFO] - Finished replay epoch 3140/10000
[2026-05-28 09:20:14,841][root][INFO] - Finished replay epoch 3141/10000
[2026-05-28 09:20:20,035][root][INFO] - Finished replay epoch 3142/10000
| pretrain       | Iter: 0 | T: 5:38:49 | BS: 3392 | Batched Update FPS: 4.1079
[2026-05-28 09:20:25,314][root][INFO] - Finished replay epoch 3143/10000
[2026-05-28 09:20:30,554][root][INFO] - Finished replay epoch 3144/10000
[2026-05-28 09:20:35,763][root][INFO] - Finished replay epoch 3145/10000
[2026-05-28 09:20:40,973][root][INFO] - Finished replay epoch 3146/10000
| pretrain       | Iter: 0 | T: 5:39:09 | BS: 3392 | Batched Update FPS: 3.2784
[2026-05-28 09:20:46,133][root][INFO] - Finished replay epoch 3147/10000
[2026-05-28 09:20:51,411][root][INFO] - Finished replay epoch 3148/10000
[2026-05-28 09:20:56,653][root][INFO] - Finished replay epoch 3149/10000
[2026-05-28 09:21:01,899][root][INFO] - Finished replay epoch 3150/10000
| pretrain       | Iter: 0 | T: 5:39:29 | BS: 3392 | Batched Update FPS: 3.9372
[2026-05-28 09:21:07,138][root][INFO] - Finished replay epoch 3151/10000
[2026-05-28 09:21:12,395][root][INFO] - Finished replay epoch 3152/10000
[2026-05-28 09:21:17,600][root][INFO] - Finished replay epoch 3153/10000
| pretrain       | Iter: 0 | T: 5:39:50 | BS: 3392 | Batched Update FPS: 3.5173
[2026-05-28 09:21:23,173][root][INFO] - Finished replay epoch 3154/10000
[2026-05-28 09:21:28,435][root][INFO] - Finished replay epoch 3155/10000
[2026-05-28 09:21:33,652][root][INFO] - Finished replay epoch 3156/10000
[2026-05-28 09:21:38,857][root][INFO] - Finished replay epoch 3157/10000
| pretrain       | Iter: 0 | T: 5:40:10 | BS: 3392 | Batched Update FPS: 4.0909
[2026-05-28 09:21:44,105][root][INFO] - Finished replay epoch 3158/10000
[2026-05-28 09:21:49,370][root][INFO] - Finished replay epoch 3159/10000
[2026-05-28 09:21:54,596][root][INFO] - Finished replay epoch 3160/10000
[2026-05-28 09:21:59,807][root][INFO] - Finished replay epoch 3161/10000
| pretrain       | Iter: 0 | T: 5:40:30 | BS: 3392 | Batched Update FPS: 4.1793
[2026-05-28 09:22:05,053][root][INFO] - Finished replay epoch 3162/10000
[2026-05-28 09:22:10,310][root][INFO] - Finished replay epoch 3163/10000
[2026-05-28 09:22:15,521][root][INFO] - Finished replay epoch 3164/10000
[2026-05-28 09:22:20,698][root][INFO] - Finished replay epoch 3165/10000
| pretrain       | Iter: 0 | T: 5:40:50 | BS: 3392 | Batched Update FPS: 5.1528
[2026-05-28 09:22:25,888][root][INFO] - Finished replay epoch 3166/10000
[2026-05-28 09:22:31,151][root][INFO] - Finished replay epoch 3167/10000
[2026-05-28 09:22:36,386][root][INFO] - Finished replay epoch 3168/10000
[2026-05-28 09:22:41,623][root][INFO] - Finished replay epoch 3169/10000
| pretrain       | Iter: 0 | T: 5:41:10 | BS: 3392 | Batched Update FPS: 3.6584
[2026-05-28 09:22:46,779][root][INFO] - Finished replay epoch 3170/10000
[2026-05-28 09:22:52,052][root][INFO] - Finished replay epoch 3171/10000
[2026-05-28 09:22:57,276][root][INFO] - Finished replay epoch 3172/10000
[2026-05-28 09:23:02,512][root][INFO] - Finished replay epoch 3173/10000
| pretrain       | Iter: 0 | T: 5:41:30 | BS: 3392 | Batched Update FPS: 4.0142
wandb: WARNING `format` argument was not provided, defaulting to `gif`. This parameter will be required in v0.20.0, please specify the format explicitly.
wandb: Encoding video...
| pretrain_eval  | Iter: 0 | S: 82500 | E: 0 | L: 200 | R: 0.0000 | T: 5:44:02
[2026-05-28 09:25:44,147][root][INFO] - Finished replay epoch 3174/10000
[2026-05-28 09:25:49,359][root][INFO] - Finished replay epoch 3175/10000
[2026-05-28 09:25:54,595][root][INFO] - Finished replay epoch 3176/10000
| pretrain       | Iter: 0 | T: 5:44:27 | BS: 3392 | Batched Update FPS: 4.1364
[2026-05-28 09:25:59,866][root][INFO] - Finished replay epoch 3177/10000
[2026-05-28 09:26:05,125][root][INFO] - Finished replay epoch 3178/10000
[2026-05-28 09:26:10,294][root][INFO] - Finished replay epoch 3179/10000
[2026-05-28 09:26:15,570][root][INFO] - Finished replay epoch 3180/10000
| pretrain       | Iter: 0 | T: 5:44:47 | BS: 3392 | Batched Update FPS: 4.4722
[2026-05-28 09:26:20,836][root][INFO] - Finished replay epoch 3181/10000
[2026-05-28 09:26:26,046][root][INFO] - Finished replay epoch 3182/10000
[2026-05-28 09:26:31,225][root][INFO] - Finished replay epoch 3183/10000
[2026-05-28 09:26:35,981][root][INFO] - Finished replay epoch 3184/10000
| pretrain       | Iter: 0 | T: 5:45:06 | BS: 3392 | Batched Update FPS: 3.2636
[2026-05-28 09:26:40,943][root][INFO] - Finished replay epoch 3185/10000
[2026-05-28 09:26:46,210][root][INFO] - Finished replay epoch 3186/10000
[2026-05-28 09:26:51,585][root][INFO] - Finished replay epoch 3187/10000
[2026-05-28 09:26:56,787][root][INFO] - Finished replay epoch 3188/10000
| pretrain       | Iter: 0 | T: 5:45:26 | BS: 3392 | Batched Update FPS: 4.0417
[2026-05-28 09:27:02,083][root][INFO] - Finished replay epoch 3189/10000
[2026-05-28 09:27:07,304][root][INFO] - Finished replay epoch 3190/10000
[2026-05-28 09:27:12,530][root][INFO] - Finished replay epoch 3191/10000
[2026-05-28 09:27:17,828][root][INFO] - Finished replay epoch 3192/10000
| pretrain       | Iter: 0 | T: 5:45:47 | BS: 3392 | Batched Update FPS: 6.0972
[2026-05-28 09:27:23,210][root][INFO] - Finished replay epoch 3193/10000
[2026-05-28 09:27:28,503][root][INFO] - Finished replay epoch 3194/10000
[2026-05-28 09:27:33,774][root][INFO] - Finished replay epoch 3195/10000
[2026-05-28 09:27:38,987][root][INFO] - Finished replay epoch 3196/10000
| pretrain       | Iter: 0 | T: 5:46:07 | BS: 3392 | Batched Update FPS: 3.2019
[2026-05-28 09:27:44,247][root][INFO] - Finished replay epoch 3197/10000
[2026-05-28 09:27:49,512][root][INFO] - Finished replay epoch 3198/10000
[2026-05-28 09:27:54,736][root][INFO] - Finished replay epoch 3199/10000
[2026-05-28 09:27:59,994][root][INFO] - Finished replay epoch 3200/10000
| pretrain       | Iter: 0 | T: 5:46:27 | BS: 3392 | Batched Update FPS: 3.2740
[2026-05-28 09:28:05,222][root][INFO] - Finished replay epoch 3201/10000
[2026-05-28 09:28:10,472][root][INFO] - Finished replay epoch 3202/10000
[2026-05-28 09:28:15,760][root][INFO] - Finished replay epoch 3203/10000
| pretrain       | Iter: 0 | T: 5:46:47 | BS: 3392 | Batched Update FPS: 3.2261
[2026-05-28 09:28:21,060][root][INFO] - Finished replay epoch 3204/10000
[2026-05-28 09:28:26,275][root][INFO] - Finished replay epoch 3205/10000
[2026-05-28 09:28:31,513][root][INFO] - Finished replay epoch 3206/10000
[2026-05-28 09:28:36,778][root][INFO] - Finished replay epoch 3207/10000
| pretrain       | Iter: 0 | T: 5:47:08 | BS: 3392 | Batched Update FPS: 3.7710
[2026-05-28 09:28:42,070][root][INFO] - Finished replay epoch 3208/10000
[2026-05-28 09:28:47,353][root][INFO] - Finished replay epoch 3209/10000
[2026-05-28 09:28:52,574][root][INFO] - Finished replay epoch 3210/10000
[2026-05-28 09:28:57,828][root][INFO] - Finished replay epoch 3211/10000
| pretrain       | Iter: 0 | T: 5:47:28 | BS: 3392 | Batched Update FPS: 3.9738
[2026-05-28 09:29:03,181][root][INFO] - Finished replay epoch 3212/10000
[2026-05-28 09:29:08,608][root][INFO] - Finished replay epoch 3213/10000
[2026-05-28 09:29:13,794][root][INFO] - Finished replay epoch 3214/10000
[2026-05-28 09:29:19,025][root][INFO] - Finished replay epoch 3215/10000
| pretrain       | Iter: 0 | T: 5:47:48 | BS: 3392 | Batched Update FPS: 3.9982
[2026-05-28 09:29:24,335][root][INFO] - Finished replay epoch 3216/10000
[2026-05-28 09:29:29,583][root][INFO] - Finished replay epoch 3217/10000
[2026-05-28 09:29:34,831][root][INFO] - Finished replay epoch 3218/10000
[2026-05-28 09:29:40,028][root][INFO] - Finished replay epoch 3219/10000
| pretrain       | Iter: 0 | T: 5:48:09 | BS: 3392 | Batched Update FPS: 3.2417
[2026-05-28 09:29:45,290][root][INFO] - Finished replay epoch 3220/10000
[2026-05-28 09:29:50,501][root][INFO] - Finished replay epoch 3221/10000
[2026-05-28 09:29:55,717][root][INFO] - Finished replay epoch 3222/10000
[2026-05-28 09:30:00,950][root][INFO] - Finished replay epoch 3223/10000
| pretrain       | Iter: 0 | T: 5:48:29 | BS: 3392 | Batched Update FPS: 3.1697
[2026-05-28 09:30:06,225][root][INFO] - Finished replay epoch 3224/10000
[2026-05-28 09:30:11,453][root][INFO] - Finished replay epoch 3225/10000
[2026-05-28 09:30:16,759][root][INFO] - Finished replay epoch 3226/10000
| pretrain       | Iter: 0 | T: 5:48:49 | BS: 3392 | Batched Update FPS: 3.5695
[2026-05-28 09:30:22,019][root][INFO] - Finished replay epoch 3227/10000
[2026-05-28 09:30:27,231][root][INFO] - Finished replay epoch 3228/10000
[2026-05-28 09:30:32,471][root][INFO] - Finished replay epoch 3229/10000
[2026-05-28 09:30:37,717][root][INFO] - Finished replay epoch 3230/10000
| pretrain       | Iter: 0 | T: 5:49:09 | BS: 3392 | Batched Update FPS: 5.9025
[2026-05-28 09:30:43,069][root][INFO] - Finished replay epoch 3231/10000
[2026-05-28 09:30:48,317][root][INFO] - Finished replay epoch 3232/10000
[2026-05-28 09:30:53,556][root][INFO] - Finished replay epoch 3233/10000
[2026-05-28 09:30:58,834][root][INFO] - Finished replay epoch 3234/10000
| pretrain       | Iter: 0 | T: 5:49:29 | BS: 3392 | Batched Update FPS: 3.1189
[2026-05-28 09:31:04,134][root][INFO] - Finished replay epoch 3235/10000
[2026-05-28 09:31:09,338][root][INFO] - Finished replay epoch 3236/10000
[2026-05-28 09:31:14,551][root][INFO] - Finished replay epoch 3237/10000
[2026-05-28 09:31:19,788][root][INFO] - Finished replay epoch 3238/10000
| pretrain       | Iter: 0 | T: 5:49:49 | BS: 3392 | Batched Update FPS: 3.2540
[2026-05-28 09:31:25,056][root][INFO] - Finished replay epoch 3239/10000
[2026-05-28 09:31:30,255][root][INFO] - Finished replay epoch 3240/10000
[2026-05-28 09:31:35,473][root][INFO] - Finished replay epoch 3241/10000
[2026-05-28 09:31:40,729][root][INFO] - Finished replay epoch 3242/10000
| pretrain       | Iter: 0 | T: 5:50:10 | BS: 3392 | Batched Update FPS: 4.1786
[2026-05-28 09:31:46,012][root][INFO] - Finished replay epoch 3243/10000
[2026-05-28 09:31:51,313][root][INFO] - Finished replay epoch 3244/10000
[2026-05-28 09:31:56,495][root][INFO] - Finished replay epoch 3245/10000
[2026-05-28 09:32:00,170][root][INFO] - Finished replay epoch 3246/10000
| pretrain       | Iter: 0 | T: 5:50:28 | BS: 3392 | Batched Update FPS: 5.3461
[2026-05-28 09:32:03,874][root][INFO] - Finished replay epoch 3247/10000
[2026-05-28 09:32:07,530][root][INFO] - Finished replay epoch 3248/10000
[2026-05-28 09:32:11,201][root][INFO] - Finished replay epoch 3249/10000
[2026-05-28 09:32:15,009][root][INFO] - Finished replay epoch 3250/10000
| pretrain       | Iter: 0 | T: 5:50:42 | BS: 3392 | Batched Update FPS: 5.3323
[2026-05-28 09:32:18,719][root][INFO] - Finished replay epoch 3251/10000
[2026-05-28 09:32:22,360][root][INFO] - Finished replay epoch 3252/10000
[2026-05-28 09:32:25,983][root][INFO] - Finished replay epoch 3253/10000
| pretrain       | Iter: 0 | T: 5:50:56 | BS: 3392 | Batched Update FPS: 5.4089
[2026-05-28 09:32:29,589][root][INFO] - Finished replay epoch 3254/10000
[2026-05-28 09:32:33,260][root][INFO] - Finished replay epoch 3255/10000
[2026-05-28 09:32:36,891][root][INFO] - Finished replay epoch 3256/10000
[2026-05-28 09:32:40,458][root][INFO] - Finished replay epoch 3257/10000
| pretrain       | Iter: 0 | T: 5:51:10 | BS: 3392 | Batched Update FPS: 5.4828
[2026-05-28 09:32:44,131][root][INFO] - Finished replay epoch 3258/10000
[2026-05-28 09:32:47,729][root][INFO] - Finished replay epoch 3259/10000
[2026-05-28 09:32:51,292][root][INFO] - Finished replay epoch 3260/10000
[2026-05-28 09:32:55,041][root][INFO] - Finished replay epoch 3261/10000
| pretrain       | Iter: 0 | T: 5:51:24 | BS: 3392 | Batched Update FPS: 5.5858
[2026-05-28 09:32:58,780][root][INFO] - Finished replay epoch 3262/10000
[2026-05-28 09:33:02,369][root][INFO] - Finished replay epoch 3263/10000
[2026-05-28 09:33:05,943][root][INFO] - Finished replay epoch 3264/10000
[2026-05-28 09:33:09,648][root][INFO] - Finished replay epoch 3265/10000
| pretrain       | Iter: 0 | T: 5:51:38 | BS: 3392 | Batched Update FPS: 5.4741
[2026-05-28 09:33:13,264][root][INFO] - Finished replay epoch 3266/10000
[2026-05-28 09:33:16,882][root][INFO] - Finished replay epoch 3267/10000
[2026-05-28 09:33:20,612][root][INFO] - Finished replay epoch 3268/10000
[2026-05-28 09:33:24,268][root][INFO] - Finished replay epoch 3269/10000
| pretrain       | Iter: 0 | T: 5:51:52 | BS: 3392 | Batched Update FPS: 6.1147
wandb: WARNING `format` argument was not provided, defaulting to `gif`. This parameter will be required in v0.20.0, please specify the format explicitly.
wandb: Encoding video...
| pretrain_eval  | Iter: 0 | S: 85000 | E: 0 | L: 200 | R: 0.0000 | T: 5:53:59
[2026-05-28 09:35:40,364][root][INFO] - Finished replay epoch 3270/10000
[2026-05-28 09:35:45,600][root][INFO] - Finished replay epoch 3271/10000
[2026-05-28 09:35:50,851][root][INFO] - Finished replay epoch 3272/10000
[2026-05-28 09:35:56,026][root][INFO] - Finished replay epoch 3273/10000
| pretrain       | Iter: 0 | T: 5:54:24 | BS: 3392 | Batched Update FPS: 3.0364
[2026-05-28 09:36:01,196][root][INFO] - Finished replay epoch 3274/10000
[2026-05-28 09:36:06,334][root][INFO] - Finished replay epoch 3275/10000
[2026-05-28 09:36:11,546][root][INFO] - Finished replay epoch 3276/10000
| pretrain       | Iter: 0 | T: 5:54:44 | BS: 3392 | Batched Update FPS: 3.0409
[2026-05-28 09:36:16,765][root][INFO] - Finished replay epoch 3277/10000
[2026-05-28 09:36:21,940][root][INFO] - Finished replay epoch 3278/10000
[2026-05-28 09:36:27,126][root][INFO] - Finished replay epoch 3279/10000
[2026-05-28 09:36:32,327][root][INFO] - Finished replay epoch 3280/10000
| pretrain       | Iter: 0 | T: 5:55:04 | BS: 3392 | Batched Update FPS: 3.9917
[2026-05-28 09:36:37,617][root][INFO] - Finished replay epoch 3281/10000
[2026-05-28 09:36:42,789][root][INFO] - Finished replay epoch 3282/10000
[2026-05-28 09:36:47,995][root][INFO] - Finished replay epoch 3283/10000
[2026-05-28 09:36:53,143][root][INFO] - Finished replay epoch 3284/10000
| pretrain       | Iter: 0 | T: 5:55:24 | BS: 3392 | Batched Update FPS: 4.0997
[2026-05-28 09:36:58,358][root][INFO] - Finished replay epoch 3285/10000
[2026-05-28 09:37:03,556][root][INFO] - Finished replay epoch 3286/10000
[2026-05-28 09:37:08,653][root][INFO] - Finished replay epoch 3287/10000
[2026-05-28 09:37:13,846][root][INFO] - Finished replay epoch 3288/10000
| pretrain       | Iter: 0 | T: 5:55:43 | BS: 3392 | Batched Update FPS: 4.0181
[2026-05-28 09:37:19,057][root][INFO] - Finished replay epoch 3289/10000
[2026-05-28 09:37:24,183][root][INFO] - Finished replay epoch 3290/10000
[2026-05-28 09:37:29,424][root][INFO] - Finished replay epoch 3291/10000
[2026-05-28 09:37:34,609][root][INFO] - Finished replay epoch 3292/10000
| pretrain       | Iter: 0 | T: 5:56:03 | BS: 3392 | Batched Update FPS: 4.1347
[2026-05-28 09:37:39,808][root][INFO] - Finished replay epoch 3293/10000
[2026-05-28 09:37:45,030][root][INFO] - Finished replay epoch 3294/10000
[2026-05-28 09:37:50,211][root][INFO] - Finished replay epoch 3295/10000
[2026-05-28 09:37:55,421][root][INFO] - Finished replay epoch 3296/10000
| pretrain       | Iter: 0 | T: 5:56:23 | BS: 3392 | Batched Update FPS: 3.9909
[2026-05-28 09:38:00,637][root][INFO] - Finished replay epoch 3297/10000
[2026-05-28 09:38:05,913][root][INFO] - Finished replay epoch 3298/10000
[2026-05-28 09:38:11,095][root][INFO] - Finished replay epoch 3299/10000
[2026-05-28 09:38:16,267][root][INFO] - Finished replay epoch 3300/10000
| pretrain       | Iter: 0 | T: 5:56:44 | BS: 3392 | Batched Update FPS: 3.2295
[2026-05-28 09:38:21,511][root][INFO] - Finished replay epoch 3301/10000
[2026-05-28 09:38:26,733][root][INFO] - Finished replay epoch 3302/10000
[2026-05-28 09:38:31,947][root][INFO] - Finished replay epoch 3303/10000
| pretrain       | Iter: 0 | T: 5:57:04 | BS: 3392 | Batched Update FPS: 4.0360
[2026-05-28 09:38:37,157][root][INFO] - Finished replay epoch 3304/10000
[2026-05-28 09:38:42,345][root][INFO] - Finished replay epoch 3305/10000
[2026-05-28 09:38:47,537][root][INFO] - Finished replay epoch 3306/10000
[2026-05-28 09:38:52,778][root][INFO] - Finished replay epoch 3307/10000
| pretrain       | Iter: 0 | T: 5:57:24 | BS: 3392 | Batched Update FPS: 4.3275
[2026-05-28 09:38:58,296][root][INFO] - Finished replay epoch 3308/10000
[2026-05-28 09:39:03,512][root][INFO] - Finished replay epoch 3309/10000
[2026-05-28 09:39:08,719][root][INFO] - Finished replay epoch 3310/10000
[2026-05-28 09:39:13,916][root][INFO] - Finished replay epoch 3311/10000
| pretrain       | Iter: 0 | T: 5:57:44 | BS: 3392 | Batched Update FPS: 3.1355
[2026-05-28 09:39:19,226][root][INFO] - Finished replay epoch 3312/10000
[2026-05-28 09:39:24,403][root][INFO] - Finished replay epoch 3313/10000
[2026-05-28 09:39:29,601][root][INFO] - Finished replay epoch 3314/10000
[2026-05-28 09:39:34,738][root][INFO] - Finished replay epoch 3315/10000
| pretrain       | Iter: 0 | T: 5:58:04 | BS: 3392 | Batched Update FPS: 4.0545
[2026-05-28 09:39:40,042][root][INFO] - Finished replay epoch 3316/10000
[2026-05-28 09:39:45,269][root][INFO] - Finished replay epoch 3317/10000
[2026-05-28 09:39:50,506][root][INFO] - Finished replay epoch 3318/10000
[2026-05-28 09:39:55,702][root][INFO] - Finished replay epoch 3319/10000
| pretrain       | Iter: 0 | T: 5:58:24 | BS: 3392 | Batched Update FPS: 4.2210
[2026-05-28 09:40:00,912][root][INFO] - Finished replay epoch 3320/10000
[2026-05-28 09:40:06,051][root][INFO] - Finished replay epoch 3321/10000
[2026-05-28 09:40:11,336][root][INFO] - Finished replay epoch 3322/10000
[2026-05-28 09:40:16,457][root][INFO] - Finished replay epoch 3323/10000
| pretrain       | Iter: 0 | T: 5:58:44 | BS: 3392 | Batched Update FPS: 3.2964
[2026-05-28 09:40:21,697][root][INFO] - Finished replay epoch 3324/10000
[2026-05-28 09:40:26,922][root][INFO] - Finished replay epoch 3325/10000
[2026-05-28 09:40:32,190][root][INFO] - Finished replay epoch 3326/10000
| pretrain       | Iter: 0 | T: 5:59:04 | BS: 3392 | Batched Update FPS: 4.0641
[2026-05-28 09:40:37,520][root][INFO] - Finished replay epoch 3327/10000
[2026-05-28 09:40:42,705][root][INFO] - Finished replay epoch 3328/10000
[2026-05-28 09:40:47,929][root][INFO] - Finished replay epoch 3329/10000
[2026-05-28 09:40:53,160][root][INFO] - Finished replay epoch 3330/10000
| pretrain       | Iter: 0 | T: 5:59:24 | BS: 3392 | Batched Update FPS: 4.7665
[2026-05-28 09:40:58,312][root][INFO] - Finished replay epoch 3331/10000
[2026-05-28 09:41:03,538][root][INFO] - Finished replay epoch 3332/10000
[2026-05-28 09:41:08,738][root][INFO] - Finished replay epoch 3333/10000
[2026-05-28 09:41:13,966][root][INFO] - Finished replay epoch 3334/10000
| pretrain       | Iter: 0 | T: 5:59:44 | BS: 3392 | Batched Update FPS: 3.1487
[2026-05-28 09:41:19,194][root][INFO] - Finished replay epoch 3335/10000
[2026-05-28 09:41:24,546][root][INFO] - Finished replay epoch 3336/10000
[2026-05-28 09:41:29,835][root][INFO] - Finished replay epoch 3337/10000
[2026-05-28 09:41:34,899][root][INFO] - Finished replay epoch 3338/10000
| pretrain       | Iter: 0 | T: 6:00:05 | BS: 3392 | Batched Update FPS: 4.0682
[2026-05-28 09:41:40,166][root][INFO] - Finished replay epoch 3339/10000
[2026-05-28 09:41:45,397][root][INFO] - Finished replay epoch 3340/10000
[2026-05-28 09:41:50,088][root][INFO] - Finished replay epoch 3341/10000
[2026-05-28 09:41:53,739][root][INFO] - Finished replay epoch 3342/10000
| pretrain       | Iter: 0 | T: 6:00:22 | BS: 3392 | Batched Update FPS: 5.4362
[2026-05-28 09:41:57,356][root][INFO] - Finished replay epoch 3343/10000
[2026-05-28 09:42:01,137][root][INFO] - Finished replay epoch 3344/10000
[2026-05-28 09:42:04,989][root][INFO] - Finished replay epoch 3345/10000
[2026-05-28 09:42:08,737][root][INFO] - Finished replay epoch 3346/10000
| pretrain       | Iter: 0 | T: 6:00:37 | BS: 3392 | Batched Update FPS: 6.4165
[2026-05-28 09:42:12,580][root][INFO] - Finished replay epoch 3347/10000
[2026-05-28 09:42:16,230][root][INFO] - Finished replay epoch 3348/10000
[2026-05-28 09:42:19,907][root][INFO] - Finished replay epoch 3349/10000
[2026-05-28 09:42:23,538][root][INFO] - Finished replay epoch 3350/10000
| pretrain       | Iter: 0 | T: 6:00:51 | BS: 3392 | Batched Update FPS: 5.2058
[2026-05-28 09:42:27,217][root][INFO] - Finished replay epoch 3351/10000
[2026-05-28 09:42:30,899][root][INFO] - Finished replay epoch 3352/10000
[2026-05-28 09:42:34,507][root][INFO] - Finished replay epoch 3353/10000
| pretrain       | Iter: 0 | T: 6:01:05 | BS: 3392 | Batched Update FPS: 5.2490
[2026-05-28 09:42:38,176][root][INFO] - Finished replay epoch 3354/10000
[2026-05-28 09:42:41,783][root][INFO] - Finished replay epoch 3355/10000
[2026-05-28 09:42:45,359][root][INFO] - Finished replay epoch 3356/10000
[2026-05-28 09:42:49,055][root][INFO] - Finished replay epoch 3357/10000
| pretrain       | Iter: 0 | T: 6:01:19 | BS: 3392 | Batched Update FPS: 4.9714
[2026-05-28 09:42:52,767][root][INFO] - Finished replay epoch 3358/10000
[2026-05-28 09:42:56,412][root][INFO] - Finished replay epoch 3359/10000
[2026-05-28 09:42:59,991][root][INFO] - Finished replay epoch 3360/10000
[2026-05-28 09:43:03,571][root][INFO] - Finished replay epoch 3361/10000
| pretrain       | Iter: 0 | T: 6:01:33 | BS: 3392 | Batched Update FPS: 5.2032
[2026-05-28 09:43:07,300][root][INFO] - Finished replay epoch 3362/10000
[2026-05-28 09:43:11,007][root][INFO] - Finished replay epoch 3363/10000
[2026-05-28 09:43:14,703][root][INFO] - Finished replay epoch 3364/10000
[2026-05-28 09:43:18,555][root][INFO] - Finished replay epoch 3365/10000
| pretrain       | Iter: 0 | T: 6:01:47 | BS: 3392 | Batched Update FPS: 5.2171
wandb: WARNING `format` argument was not provided, defaulting to `gif`. This parameter will be required in v0.20.0, please specify the format explicitly.
wandb: Encoding video...
| pretrain_eval  | Iter: 0 | S: 87500 | E: 0 | L: 200 | R: 0.0000 | T: 6:03:31
[2026-05-28 09:45:10,996][root][INFO] - Finished replay epoch 3366/10000
[2026-05-28 09:45:14,931][root][INFO] - Finished replay epoch 3367/10000
[2026-05-28 09:45:18,819][root][INFO] - Finished replay epoch 3368/10000
[2026-05-28 09:45:22,729][root][INFO] - Finished replay epoch 3369/10000
| pretrain       | Iter: 0 | T: 6:03:51 | BS: 3392 | Batched Update FPS: 4.8007
[2026-05-28 09:45:26,643][root][INFO] - Finished replay epoch 3370/10000
[2026-05-28 09:45:30,528][root][INFO] - Finished replay epoch 3371/10000
[2026-05-28 09:45:34,336][root][INFO] - Finished replay epoch 3372/10000
[2026-05-28 09:45:38,228][root][INFO] - Finished replay epoch 3373/10000
| pretrain       | Iter: 0 | T: 6:04:06 | BS: 3392 | Batched Update FPS: 4.9575
[2026-05-28 09:45:42,156][root][INFO] - Finished replay epoch 3374/10000
[2026-05-28 09:45:46,040][root][INFO] - Finished replay epoch 3375/10000
[2026-05-28 09:45:49,733][root][INFO] - Finished replay epoch 3376/10000
| pretrain       | Iter: 0 | T: 6:04:20 | BS: 3392 | Batched Update FPS: 5.1203
[2026-05-28 09:45:53,383][root][INFO] - Finished replay epoch 3377/10000
[2026-05-28 09:45:57,044][root][INFO] - Finished replay epoch 3378/10000
[2026-05-28 09:46:00,775][root][INFO] - Finished replay epoch 3379/10000
[2026-05-28 09:46:04,616][root][INFO] - Finished replay epoch 3380/10000
| pretrain       | Iter: 0 | T: 6:04:35 | BS: 3392 | Batched Update FPS: 4.6899
[2026-05-28 09:46:08,574][root][INFO] - Finished replay epoch 3381/10000
[2026-05-28 09:46:12,488][root][INFO] - Finished replay epoch 3382/10000
[2026-05-28 09:46:16,428][root][INFO] - Finished replay epoch 3383/10000
[2026-05-28 09:46:20,398][root][INFO] - Finished replay epoch 3384/10000
| pretrain       | Iter: 0 | T: 6:04:50 | BS: 3392 | Batched Update FPS: 5.7247
[2026-05-28 09:46:24,505][root][INFO] - Finished replay epoch 3385/10000
[2026-05-28 09:46:28,358][root][INFO] - Finished replay epoch 3386/10000
[2026-05-28 09:46:32,228][root][INFO] - Finished replay epoch 3387/10000
[2026-05-28 09:46:35,874][root][INFO] - Finished replay epoch 3388/10000
| pretrain       | Iter: 0 | T: 6:05:05 | BS: 3392 | Batched Update FPS: 5.5636
[2026-05-28 09:46:39,602][root][INFO] - Finished replay epoch 3389/10000
[2026-05-28 09:46:43,328][root][INFO] - Finished replay epoch 3390/10000
[2026-05-28 09:46:47,011][root][INFO] - Finished replay epoch 3391/10000
[2026-05-28 09:46:50,848][root][INFO] - Finished replay epoch 3392/10000
| pretrain       | Iter: 0 | T: 6:05:19 | BS: 3392 | Batched Update FPS: 5.0388
[2026-05-28 09:46:54,795][root][INFO] - Finished replay epoch 3393/10000
[2026-05-28 09:46:58,486][root][INFO] - Finished replay epoch 3394/10000
[2026-05-28 09:47:02,114][root][INFO] - Finished replay epoch 3395/10000
[2026-05-28 09:47:05,833][root][INFO] - Finished replay epoch 3396/10000
| pretrain       | Iter: 0 | T: 6:05:34 | BS: 3392 | Batched Update FPS: 5.2982
[2026-05-28 09:47:09,489][root][INFO] - Finished replay epoch 3397/10000
[2026-05-28 09:47:13,081][root][INFO] - Finished replay epoch 3398/10000
[2026-05-28 09:47:16,724][root][INFO] - Finished replay epoch 3399/10000
[2026-05-28 09:47:20,590][root][INFO] - Finished replay epoch 3400/10000
| pretrain       | Iter: 0 | T: 6:05:48 | BS: 3392 | Batched Update FPS: 5.6276
[2026-05-28 09:47:24,324][root][INFO] - Finished replay epoch 3401/10000
[2026-05-28 09:47:28,005][root][INFO] - Finished replay epoch 3402/10000
[2026-05-28 09:47:31,674][root][INFO] - Finished replay epoch 3403/10000
| pretrain       | Iter: 0 | T: 6:06:02 | BS: 3392 | Batched Update FPS: 4.7876
[2026-05-28 09:47:35,511][root][INFO] - Finished replay epoch 3404/10000
[2026-05-28 09:47:39,298][root][INFO] - Finished replay epoch 3405/10000
[2026-05-28 09:47:43,045][root][INFO] - Finished replay epoch 3406/10000
[2026-05-28 09:47:46,711][root][INFO] - Finished replay epoch 3407/10000
| pretrain       | Iter: 0 | T: 6:06:16 | BS: 3392 | Batched Update FPS: 5.3232
[2026-05-28 09:47:50,471][root][INFO] - Finished replay epoch 3408/10000
[2026-05-28 09:47:54,166][root][INFO] - Finished replay epoch 3409/10000
[2026-05-28 09:47:57,854][root][INFO] - Finished replay epoch 3410/10000
[2026-05-28 09:48:01,504][root][INFO] - Finished replay epoch 3411/10000
| pretrain       | Iter: 0 | T: 6:06:31 | BS: 3392 | Batched Update FPS: 5.4911
[2026-05-28 09:48:05,192][root][INFO] - Finished replay epoch 3412/10000
[2026-05-28 09:48:08,823][root][INFO] - Finished replay epoch 3413/10000
[2026-05-28 09:48:12,504][root][INFO] - Finished replay epoch 3414/10000
[2026-05-28 09:48:16,166][root][INFO] - Finished replay epoch 3415/10000
| pretrain       | Iter: 0 | T: 6:06:45 | BS: 3392 | Batched Update FPS: 5.2088
[2026-05-28 09:48:19,954][root][INFO] - Finished replay epoch 3416/10000
[2026-05-28 09:48:23,575][root][INFO] - Finished replay epoch 3417/10000
[2026-05-28 09:48:27,252][root][INFO] - Finished replay epoch 3418/10000
[2026-05-28 09:48:30,925][root][INFO] - Finished replay epoch 3419/10000
| pretrain       | Iter: 0 | T: 6:06:59 | BS: 3392 | Batched Update FPS: 5.3100
[2026-05-28 09:48:34,662][root][INFO] - Finished replay epoch 3420/10000
[2026-05-28 09:48:38,365][root][INFO] - Finished replay epoch 3421/10000
[2026-05-28 09:48:41,973][root][INFO] - Finished replay epoch 3422/10000
[2026-05-28 09:48:45,609][root][INFO] - Finished replay epoch 3423/10000
| pretrain       | Iter: 0 | T: 6:07:13 | BS: 3392 | Batched Update FPS: 5.7731
[2026-05-28 09:48:49,733][root][INFO] - Finished replay epoch 3424/10000
[2026-05-28 09:48:53,430][root][INFO] - Finished replay epoch 3425/10000
[2026-05-28 09:48:57,207][root][INFO] - Finished replay epoch 3426/10000
| pretrain       | Iter: 0 | T: 6:07:28 | BS: 3392 | Batched Update FPS: 5.2953
[2026-05-28 09:49:00,917][root][INFO] - Finished replay epoch 3427/10000
[2026-05-28 09:49:04,616][root][INFO] - Finished replay epoch 3428/10000
[2026-05-28 09:49:08,289][root][INFO] - Finished replay epoch 3429/10000
[2026-05-28 09:49:12,153][root][INFO] - Finished replay epoch 3430/10000
| pretrain       | Iter: 0 | T: 6:07:42 | BS: 3392 | Batched Update FPS: 5.4847
[2026-05-28 09:49:15,781][root][INFO] - Finished replay epoch 3431/10000
[2026-05-28 09:49:19,406][root][INFO] - Finished replay epoch 3432/10000
[2026-05-28 09:49:23,051][root][INFO] - Finished replay epoch 3433/10000
[2026-05-28 09:49:26,849][root][INFO] - Finished replay epoch 3434/10000
| pretrain       | Iter: 0 | T: 6:07:56 | BS: 3392 | Batched Update FPS: 4.8406
[2026-05-28 09:49:30,687][root][INFO] - Finished replay epoch 3435/10000
[2026-05-28 09:49:34,476][root][INFO] - Finished replay epoch 3436/10000
[2026-05-28 09:49:39,516][root][INFO] - Finished replay epoch 3437/10000
[2026-05-28 09:49:44,737][root][INFO] - Finished replay epoch 3438/10000
| pretrain       | Iter: 0 | T: 6:08:14 | BS: 3392 | Batched Update FPS: 3.8728
[2026-05-28 09:49:49,984][root][INFO] - Finished replay epoch 3439/10000
[2026-05-28 09:49:55,184][root][INFO] - Finished replay epoch 3440/10000
[2026-05-28 09:50:00,329][root][INFO] - Finished replay epoch 3441/10000
[2026-05-28 09:50:05,566][root][INFO] - Finished replay epoch 3442/10000
| pretrain       | Iter: 0 | T: 6:08:34 | BS: 3392 | Batched Update FPS: 3.1423
[2026-05-28 09:50:10,828][root][INFO] - Finished replay epoch 3443/10000
[2026-05-28 09:50:16,064][root][INFO] - Finished replay epoch 3444/10000
[2026-05-28 09:50:21,263][root][INFO] - Finished replay epoch 3445/10000
[2026-05-28 09:50:26,463][root][INFO] - Finished replay epoch 3446/10000
| pretrain       | Iter: 0 | T: 6:08:54 | BS: 3392 | Batched Update FPS: 3.2526
[2026-05-28 09:50:31,733][root][INFO] - Finished replay epoch 3447/10000
[2026-05-28 09:50:36,948][root][INFO] - Finished replay epoch 3448/10000
[2026-05-28 09:50:42,143][root][INFO] - Finished replay epoch 3449/10000
[2026-05-28 09:50:47,356][root][INFO] - Finished replay epoch 3450/10000
| pretrain       | Iter: 0 | T: 6:09:15 | BS: 3392 | Batched Update FPS: 3.9327
[2026-05-28 09:50:52,703][root][INFO] - Finished replay epoch 3451/10000
[2026-05-28 09:50:57,910][root][INFO] - Finished replay epoch 3452/10000
[2026-05-28 09:51:03,040][root][INFO] - Finished replay epoch 3453/10000
| pretrain       | Iter: 0 | T: 6:09:35 | BS: 3392 | Batched Update FPS: 3.9941
[2026-05-28 09:51:08,289][root][INFO] - Finished replay epoch 3454/10000
[2026-05-28 09:51:13,524][root][INFO] - Finished replay epoch 3455/10000
[2026-05-28 09:51:18,733][root][INFO] - Finished replay epoch 3456/10000
[2026-05-28 09:51:23,960][root][INFO] - Finished replay epoch 3457/10000
| pretrain       | Iter: 0 | T: 6:09:55 | BS: 3392 | Batched Update FPS: 4.1383
[2026-05-28 09:51:29,185][root][INFO] - Finished replay epoch 3458/10000
[2026-05-28 09:51:34,380][root][INFO] - Finished replay epoch 3459/10000
[2026-05-28 09:51:39,597][root][INFO] - Finished replay epoch 3460/10000
[2026-05-28 09:51:44,823][root][INFO] - Finished replay epoch 3461/10000
| pretrain       | Iter: 0 | T: 6:10:15 | BS: 3392 | Batched Update FPS: 5.1742
wandb: WARNING `format` argument was not provided, defaulting to `gif`. This parameter will be required in v0.20.0, please specify the format explicitly.
wandb: Encoding video...
| pretrain_eval  | Iter: 0 | S: 90000 | E: 0 | L: 200 | R: 0.0000 | T: 6:12:34
[2026-05-28 09:54:13,960][root][INFO] - Finished replay epoch 3462/10000
[2026-05-28 09:54:18,727][root][INFO] - Finished replay epoch 3463/10000
[2026-05-28 09:54:23,522][root][INFO] - Finished replay epoch 3464/10000
[2026-05-28 09:54:28,518][root][INFO] - Finished replay epoch 3465/10000
| pretrain       | Iter: 0 | T: 6:12:58 | BS: 3392 | Batched Update FPS: 3.2065
[2026-05-28 09:54:33,341][root][INFO] - Finished replay epoch 3466/10000
[2026-05-28 09:54:38,056][root][INFO] - Finished replay epoch 3467/10000
[2026-05-28 09:54:43,131][root][INFO] - Finished replay epoch 3468/10000
[2026-05-28 09:54:48,394][root][INFO] - Finished replay epoch 3469/10000
| pretrain       | Iter: 0 | T: 6:13:17 | BS: 3392 | Batched Update FPS: 3.4248
[2026-05-28 09:54:53,657][root][INFO] - Finished replay epoch 3470/10000
[2026-05-28 09:54:58,879][root][INFO] - Finished replay epoch 3471/10000
[2026-05-28 09:55:04,138][root][INFO] - Finished replay epoch 3472/10000
[2026-05-28 09:55:09,371][root][INFO] - Finished replay epoch 3473/10000
| pretrain       | Iter: 0 | T: 6:13:37 | BS: 3392 | Batched Update FPS: 4.1788
[2026-05-28 09:55:14,557][root][INFO] - Finished replay epoch 3474/10000
[2026-05-28 09:55:19,762][root][INFO] - Finished replay epoch 3475/10000
[2026-05-28 09:55:24,946][root][INFO] - Finished replay epoch 3476/10000
| pretrain       | Iter: 0 | T: 6:13:57 | BS: 3392 | Batched Update FPS: 4.3566
[2026-05-28 09:55:30,195][root][INFO] - Finished replay epoch 3477/10000
[2026-05-28 09:55:35,439][root][INFO] - Finished replay epoch 3478/10000
[2026-05-28 09:55:40,673][root][INFO] - Finished replay epoch 3479/10000
[2026-05-28 09:55:45,897][root][INFO] - Finished replay epoch 3480/10000
| pretrain       | Iter: 0 | T: 6:14:17 | BS: 3392 | Batched Update FPS: 3.5391
[2026-05-28 09:55:51,031][root][INFO] - Finished replay epoch 3481/10000
[2026-05-28 09:55:56,263][root][INFO] - Finished replay epoch 3482/10000
[2026-05-28 09:56:01,536][root][INFO] - Finished replay epoch 3483/10000
[2026-05-28 09:56:06,696][root][INFO] - Finished replay epoch 3484/10000
| pretrain       | Iter: 0 | T: 6:14:37 | BS: 3392 | Batched Update FPS: 3.0671
[2026-05-28 09:56:11,937][root][INFO] - Finished replay epoch 3485/10000
[2026-05-28 09:56:17,191][root][INFO] - Finished replay epoch 3486/10000
[2026-05-28 09:56:22,419][root][INFO] - Finished replay epoch 3487/10000
[2026-05-28 09:56:27,651][root][INFO] - Finished replay epoch 3488/10000
| pretrain       | Iter: 0 | T: 6:14:57 | BS: 3392 | Batched Update FPS: 3.1860
[2026-05-28 09:56:32,910][root][INFO] - Finished replay epoch 3489/10000
[2026-05-28 09:56:38,141][root][INFO] - Finished replay epoch 3490/10000
[2026-05-28 09:56:43,338][root][INFO] - Finished replay epoch 3491/10000
[2026-05-28 09:56:48,560][root][INFO] - Finished replay epoch 3492/10000
| pretrain       | Iter: 0 | T: 6:15:17 | BS: 3392 | Batched Update FPS: 3.2648
[2026-05-28 09:56:53,807][root][INFO] - Finished replay epoch 3493/10000
[2026-05-28 09:56:58,906][root][INFO] - Finished replay epoch 3494/10000
[2026-05-28 09:57:04,150][root][INFO] - Finished replay epoch 3495/10000
[2026-05-28 09:57:09,336][root][INFO] - Finished replay epoch 3496/10000
| pretrain       | Iter: 0 | T: 6:15:37 | BS: 3392 | Batched Update FPS: 5.4809
[2026-05-28 09:57:13,984][root][INFO] - Finished replay epoch 3497/10000
[2026-05-28 09:57:19,222][root][INFO] - Finished replay epoch 3498/10000
[2026-05-28 09:57:24,456][root][INFO] - Finished replay epoch 3499/10000
[2026-05-28 09:57:29,898][root][INFO] - Finished replay epoch 3500/10000
| pretrain       | Iter: 0 | T: 6:15:57 | BS: 3392 | Batched Update FPS: 6.3408
[2026-05-28 09:57:35,131][root][INFO] - Finished replay epoch 3501/10000
[2026-05-28 09:57:40,373][root][INFO] - Finished replay epoch 3502/10000
[2026-05-28 09:57:45,584][root][INFO] - Finished replay epoch 3503/10000
| pretrain       | Iter: 0 | T: 6:16:17 | BS: 3392 | Batched Update FPS: 3.0928
[2026-05-28 09:57:50,810][root][INFO] - Finished replay epoch 3504/10000
[2026-05-28 09:57:55,965][root][INFO] - Finished replay epoch 3505/10000
[2026-05-28 09:58:01,184][root][INFO] - Finished replay epoch 3506/10000
[2026-05-28 09:58:06,388][root][INFO] - Finished replay epoch 3507/10000
| pretrain       | Iter: 0 | T: 6:16:37 | BS: 3392 | Batched Update FPS: 3.2460
[2026-05-28 09:58:11,699][root][INFO] - Finished replay epoch 3508/10000
[2026-05-28 09:58:16,944][root][INFO] - Finished replay epoch 3509/10000
[2026-05-28 09:58:22,184][root][INFO] - Finished replay epoch 3510/10000
[2026-05-28 09:58:27,370][root][INFO] - Finished replay epoch 3511/10000
| pretrain       | Iter: 0 | T: 6:16:57 | BS: 3392 | Batched Update FPS: 4.5198
[2026-05-28 09:58:32,579][root][INFO] - Finished replay epoch 3512/10000
[2026-05-28 09:58:37,789][root][INFO] - Finished replay epoch 3513/10000
[2026-05-28 09:58:43,036][root][INFO] - Finished replay epoch 3514/10000
[2026-05-28 09:58:48,295][root][INFO] - Finished replay epoch 3515/10000
| pretrain       | Iter: 0 | T: 6:17:18 | BS: 3392 | Batched Update FPS: 3.2428
[2026-05-28 09:58:53,517][root][INFO] - Finished replay epoch 3516/10000
[2026-05-28 09:58:58,757][root][INFO] - Finished replay epoch 3517/10000
[2026-05-28 09:59:03,977][root][INFO] - Finished replay epoch 3518/10000
[2026-05-28 09:59:09,196][root][INFO] - Finished replay epoch 3519/10000
| pretrain       | Iter: 0 | T: 6:17:38 | BS: 3392 | Batched Update FPS: 4.6006
[2026-05-28 09:59:14,460][root][INFO] - Finished replay epoch 3520/10000
[2026-05-28 09:59:19,637][root][INFO] - Finished replay epoch 3521/10000
[2026-05-28 09:59:24,828][root][INFO] - Finished replay epoch 3522/10000
[2026-05-28 09:59:30,056][root][INFO] - Finished replay epoch 3523/10000
| pretrain       | Iter: 0 | T: 6:17:58 | BS: 3392 | Batched Update FPS: 5.1763
[2026-05-28 09:59:35,267][root][INFO] - Finished replay epoch 3524/10000
[2026-05-28 09:59:40,494][root][INFO] - Finished replay epoch 3525/10000
[2026-05-28 09:59:45,733][root][INFO] - Finished replay epoch 3526/10000
| pretrain       | Iter: 0 | T: 6:18:18 | BS: 3392 | Batched Update FPS: 3.1735
[2026-05-28 09:59:50,957][root][INFO] - Finished replay epoch 3527/10000
[2026-05-28 09:59:56,152][root][INFO] - Finished replay epoch 3528/10000
[2026-05-28 10:00:01,351][root][INFO] - Finished replay epoch 3529/10000
[2026-05-28 10:00:06,547][root][INFO] - Finished replay epoch 3530/10000
| pretrain       | Iter: 0 | T: 6:18:38 | BS: 3392 | Batched Update FPS: 3.5869
[2026-05-28 10:00:11,738][root][INFO] - Finished replay epoch 3531/10000
[2026-05-28 10:00:16,971][root][INFO] - Finished replay epoch 3532/10000
[2026-05-28 10:00:22,145][root][INFO] - Finished replay epoch 3533/10000
[2026-05-28 10:00:27,457][root][INFO] - Finished replay epoch 3534/10000
| pretrain       | Iter: 0 | T: 6:18:58 | BS: 3392 | Batched Update FPS: 4.0367
[2026-05-28 10:00:32,673][root][INFO] - Finished replay epoch 3535/10000
[2026-05-28 10:00:37,917][root][INFO] - Finished replay epoch 3536/10000
[2026-05-28 10:00:43,114][root][INFO] - Finished replay epoch 3537/10000
[2026-05-28 10:00:48,383][root][INFO] - Finished replay epoch 3538/10000
| pretrain       | Iter: 0 | T: 6:19:18 | BS: 3392 | Batched Update FPS: 5.8745
[2026-05-28 10:00:53,861][root][INFO] - Finished replay epoch 3539/10000
[2026-05-28 10:00:59,130][root][INFO] - Finished replay epoch 3540/10000
[2026-05-28 10:01:04,399][root][INFO] - Finished replay epoch 3541/10000
[2026-05-28 10:01:09,689][root][INFO] - Finished replay epoch 3542/10000
| pretrain       | Iter: 0 | T: 6:19:38 | BS: 3392 | Batched Update FPS: 3.8900
[2026-05-28 10:01:14,903][root][INFO] - Finished replay epoch 3543/10000
[2026-05-28 10:01:20,154][root][INFO] - Finished replay epoch 3544/10000
[2026-05-28 10:01:25,449][root][INFO] - Finished replay epoch 3545/10000
[2026-05-28 10:01:30,684][root][INFO] - Finished replay epoch 3546/10000
| pretrain       | Iter: 0 | T: 6:19:59 | BS: 3392 | Batched Update FPS: 3.5763
[2026-05-28 10:01:35,934][root][INFO] - Finished replay epoch 3547/10000
[2026-05-28 10:01:41,264][root][INFO] - Finished replay epoch 3548/10000
[2026-05-28 10:01:46,439][root][INFO] - Finished replay epoch 3549/10000
[2026-05-28 10:01:51,689][root][INFO] - Finished replay epoch 3550/10000
| pretrain       | Iter: 0 | T: 6:20:19 | BS: 3392 | Batched Update FPS: 3.9057
[2026-05-28 10:01:56,923][root][INFO] - Finished replay epoch 3551/10000
[2026-05-28 10:02:02,168][root][INFO] - Finished replay epoch 3552/10000
[2026-05-28 10:02:07,379][root][INFO] - Finished replay epoch 3553/10000
| pretrain       | Iter: 0 | T: 6:20:39 | BS: 3392 | Batched Update FPS: 4.1571
[2026-05-28 10:02:12,631][root][INFO] - Finished replay epoch 3554/10000
[2026-05-28 10:02:17,838][root][INFO] - Finished replay epoch 3555/10000
[2026-05-28 10:02:23,119][root][INFO] - Finished replay epoch 3556/10000
[2026-05-28 10:02:28,300][root][INFO] - Finished replay epoch 3557/10000
| pretrain       | Iter: 0 | T: 6:20:59 | BS: 3392 | Batched Update FPS: 3.0433
wandb: WARNING `format` argument was not provided, defaulting to `gif`. This parameter will be required in v0.20.0, please specify the format explicitly.
wandb: Encoding video...
| pretrain_eval  | Iter: 0 | S: 92500 | E: 0 | L: 200 | R: 0.0000 | T: 6:23:20
[2026-05-28 10:04:59,520][root][INFO] - Finished replay epoch 3558/10000
[2026-05-28 10:05:04,832][root][INFO] - Finished replay epoch 3559/10000
[2026-05-28 10:05:10,056][root][INFO] - Finished replay epoch 3560/10000
[2026-05-28 10:05:15,288][root][INFO] - Finished replay epoch 3561/10000
| pretrain       | Iter: 0 | T: 6:23:45 | BS: 3392 | Batched Update FPS: 3.1704
[2026-05-28 10:05:20,487][root][INFO] - Finished replay epoch 3562/10000
[2026-05-28 10:05:25,696][root][INFO] - Finished replay epoch 3563/10000
[2026-05-28 10:05:30,943][root][INFO] - Finished replay epoch 3564/10000
[2026-05-28 10:05:36,149][root][INFO] - Finished replay epoch 3565/10000
| pretrain       | Iter: 0 | T: 6:24:05 | BS: 3392 | Batched Update FPS: 3.9853
[2026-05-28 10:05:41,417][root][INFO] - Finished replay epoch 3566/10000
[2026-05-28 10:05:46,579][root][INFO] - Finished replay epoch 3567/10000
[2026-05-28 10:05:51,793][root][INFO] - Finished replay epoch 3568/10000
[2026-05-28 10:05:57,066][root][INFO] - Finished replay epoch 3569/10000
| pretrain       | Iter: 0 | T: 6:24:25 | BS: 3392 | Batched Update FPS: 3.0603
[2026-05-28 10:06:02,324][root][INFO] - Finished replay epoch 3570/10000
[2026-05-28 10:06:07,536][root][INFO] - Finished replay epoch 3571/10000
[2026-05-28 10:06:12,771][root][INFO] - Finished replay epoch 3572/10000
[2026-05-28 10:06:17,992][root][INFO] - Finished replay epoch 3573/10000
| pretrain       | Iter: 0 | T: 6:24:46 | BS: 3392 | Batched Update FPS: 4.1862
[2026-05-28 10:06:23,238][root][INFO] - Finished replay epoch 3574/10000
[2026-05-28 10:06:28,477][root][INFO] - Finished replay epoch 3575/10000
[2026-05-28 10:06:33,674][root][INFO] - Finished replay epoch 3576/10000
| pretrain       | Iter: 0 | T: 6:25:06 | BS: 3392 | Batched Update FPS: 6.4799
[2026-05-28 10:06:39,087][root][INFO] - Finished replay epoch 3577/10000
[2026-05-28 10:06:44,278][root][INFO] - Finished replay epoch 3578/10000
[2026-05-28 10:06:49,485][root][INFO] - Finished replay epoch 3579/10000
[2026-05-28 10:06:54,794][root][INFO] - Finished replay epoch 3580/10000
| pretrain       | Iter: 0 | T: 6:25:26 | BS: 3392 | Batched Update FPS: 3.7691
[2026-05-28 10:06:59,982][root][INFO] - Finished replay epoch 3581/10000
[2026-05-28 10:07:05,330][root][INFO] - Finished replay epoch 3582/10000
[2026-05-28 10:07:10,538][root][INFO] - Finished replay epoch 3583/10000
[2026-05-28 10:07:15,775][root][INFO] - Finished replay epoch 3584/10000
| pretrain       | Iter: 0 | T: 6:25:46 | BS: 3392 | Batched Update FPS: 3.4415
[2026-05-28 10:07:21,087][root][INFO] - Finished replay epoch 3585/10000
[2026-05-28 10:07:26,292][root][INFO] - Finished replay epoch 3586/10000
[2026-05-28 10:07:31,498][root][INFO] - Finished replay epoch 3587/10000
[2026-05-28 10:07:36,802][root][INFO] - Finished replay epoch 3588/10000
| pretrain       | Iter: 0 | T: 6:26:06 | BS: 3392 | Batched Update FPS: 4.2944
[2026-05-28 10:07:42,101][root][INFO] - Finished replay epoch 3589/10000
[2026-05-28 10:07:47,349][root][INFO] - Finished replay epoch 3590/10000
[2026-05-28 10:07:52,522][root][INFO] - Finished replay epoch 3591/10000
[2026-05-28 10:07:57,646][root][INFO] - Finished replay epoch 3592/10000
| pretrain       | Iter: 0 | T: 6:26:26 | BS: 3392 | Batched Update FPS: 3.7601
[2026-05-28 10:08:02,858][root][INFO] - Finished replay epoch 3593/10000
[2026-05-28 10:08:08,086][root][INFO] - Finished replay epoch 3594/10000
[2026-05-28 10:08:13,212][root][INFO] - Finished replay epoch 3595/10000
[2026-05-28 10:08:18,404][root][INFO] - Finished replay epoch 3596/10000
| pretrain       | Iter: 0 | T: 6:26:47 | BS: 3392 | Batched Update FPS: 3.1444
[2026-05-28 10:08:23,733][root][INFO] - Finished replay epoch 3597/10000
[2026-05-28 10:08:28,964][root][INFO] - Finished replay epoch 3598/10000
[2026-05-28 10:08:34,380][root][INFO] - Finished replay epoch 3599/10000
[2026-05-28 10:08:39,528][root][INFO] - Finished replay epoch 3600/10000
| pretrain       | Iter: 0 | T: 6:27:07 | BS: 3392 | Batched Update FPS: 4.0744
[2026-05-28 10:08:44,844][root][INFO] - Finished replay epoch 3601/10000
[2026-05-28 10:08:50,079][root][INFO] - Finished replay epoch 3602/10000
[2026-05-28 10:08:55,329][root][INFO] - Finished replay epoch 3603/10000
| pretrain       | Iter: 0 | T: 6:27:27 | BS: 3392 | Batched Update FPS: 3.1640
[2026-05-28 10:09:00,616][root][INFO] - Finished replay epoch 3604/10000
[2026-05-28 10:09:05,847][root][INFO] - Finished replay epoch 3605/10000
[2026-05-28 10:09:10,992][root][INFO] - Finished replay epoch 3606/10000
[2026-05-28 10:09:16,207][root][INFO] - Finished replay epoch 3607/10000
| pretrain       | Iter: 0 | T: 6:27:47 | BS: 3392 | Batched Update FPS: 3.2428
[2026-05-28 10:09:21,463][root][INFO] - Finished replay epoch 3608/10000
[2026-05-28 10:09:26,711][root][INFO] - Finished replay epoch 3609/10000
[2026-05-28 10:09:31,973][root][INFO] - Finished replay epoch 3610/10000
[2026-05-28 10:09:37,211][root][INFO] - Finished replay epoch 3611/10000
| pretrain       | Iter: 0 | T: 6:28:07 | BS: 3392 | Batched Update FPS: 3.8935
[2026-05-28 10:09:42,398][root][INFO] - Finished replay epoch 3612/10000
[2026-05-28 10:09:47,615][root][INFO] - Finished replay epoch 3613/10000
[2026-05-28 10:09:52,792][root][INFO] - Finished replay epoch 3614/10000
[2026-05-28 10:09:58,037][root][INFO] - Finished replay epoch 3615/10000
| pretrain       | Iter: 0 | T: 6:28:28 | BS: 3392 | Batched Update FPS: 4.2062
[2026-05-28 10:10:03,616][root][INFO] - Finished replay epoch 3616/10000
[2026-05-28 10:10:08,849][root][INFO] - Finished replay epoch 3617/10000
[2026-05-28 10:10:14,060][root][INFO] - Finished replay epoch 3618/10000
[2026-05-28 10:10:19,309][root][INFO] - Finished replay epoch 3619/10000
| pretrain       | Iter: 0 | T: 6:28:48 | BS: 3392 | Batched Update FPS: 3.4593
[2026-05-28 10:10:24,559][root][INFO] - Finished replay epoch 3620/10000
[2026-05-28 10:10:29,791][root][INFO] - Finished replay epoch 3621/10000
[2026-05-28 10:10:35,022][root][INFO] - Finished replay epoch 3622/10000
[2026-05-28 10:10:40,256][root][INFO] - Finished replay epoch 3623/10000
| pretrain       | Iter: 0 | T: 6:29:08 | BS: 3392 | Batched Update FPS: 4.0068
[2026-05-28 10:10:45,518][root][INFO] - Finished replay epoch 3624/10000
[2026-05-28 10:10:50,736][root][INFO] - Finished replay epoch 3625/10000
[2026-05-28 10:10:55,942][root][INFO] - Finished replay epoch 3626/10000
| pretrain       | Iter: 0 | T: 6:29:28 | BS: 3392 | Batched Update FPS: 3.8360
[2026-05-28 10:11:01,251][root][INFO] - Finished replay epoch 3627/10000
[2026-05-28 10:11:06,503][root][INFO] - Finished replay epoch 3628/10000
[2026-05-28 10:11:11,793][root][INFO] - Finished replay epoch 3629/10000
[2026-05-28 10:11:16,928][root][INFO] - Finished replay epoch 3630/10000
| pretrain       | Iter: 0 | T: 6:29:48 | BS: 3392 | Batched Update FPS: 4.0915
[2026-05-28 10:11:22,176][root][INFO] - Finished replay epoch 3631/10000
[2026-05-28 10:11:27,433][root][INFO] - Finished replay epoch 3632/10000
[2026-05-28 10:11:32,668][root][INFO] - Finished replay epoch 3633/10000
[2026-05-28 10:11:37,876][root][INFO] - Finished replay epoch 3634/10000
| pretrain       | Iter: 0 | T: 6:30:08 | BS: 3392 | Batched Update FPS: 4.2670
[2026-05-28 10:11:43,113][root][INFO] - Finished replay epoch 3635/10000
[2026-05-28 10:11:48,354][root][INFO] - Finished replay epoch 3636/10000
[2026-05-28 10:11:53,625][root][INFO] - Finished replay epoch 3637/10000
[2026-05-28 10:11:58,873][root][INFO] - Finished replay epoch 3638/10000
| pretrain       | Iter: 0 | T: 6:30:29 | BS: 3392 | Batched Update FPS: 3.6137
[2026-05-28 10:12:04,108][root][INFO] - Finished replay epoch 3639/10000
[2026-05-28 10:12:09,336][root][INFO] - Finished replay epoch 3640/10000
[2026-05-28 10:12:14,595][root][INFO] - Finished replay epoch 3641/10000
[2026-05-28 10:12:19,770][root][INFO] - Finished replay epoch 3642/10000
| pretrain       | Iter: 0 | T: 6:30:49 | BS: 3392 | Batched Update FPS: 3.5386
[2026-05-28 10:12:25,024][root][INFO] - Finished replay epoch 3643/10000
[2026-05-28 10:12:29,222][root][INFO] - Finished replay epoch 3644/10000
[2026-05-28 10:12:33,081][root][INFO] - Finished replay epoch 3645/10000
[2026-05-28 10:12:36,974][root][INFO] - Finished replay epoch 3646/10000
| pretrain       | Iter: 0 | T: 6:31:05 | BS: 3392 | Batched Update FPS: 4.9840
[2026-05-28 10:12:40,911][root][INFO] - Finished replay epoch 3647/10000
[2026-05-28 10:12:44,770][root][INFO] - Finished replay epoch 3648/10000
[2026-05-28 10:12:48,626][root][INFO] - Finished replay epoch 3649/10000
[2026-05-28 10:12:52,509][root][INFO] - Finished replay epoch 3650/10000
| pretrain       | Iter: 0 | T: 6:31:20 | BS: 3392 | Batched Update FPS: 5.0216
[2026-05-28 10:12:56,292][root][INFO] - Finished replay epoch 3651/10000
[2026-05-28 10:13:00,203][root][INFO] - Finished replay epoch 3652/10000
[2026-05-28 10:13:04,080][root][INFO] - Finished replay epoch 3653/10000
| pretrain       | Iter: 0 | T: 6:31:35 | BS: 3392 | Batched Update FPS: 5.8410
wandb: WARNING `format` argument was not provided, defaulting to `gif`. This parameter will be required in v0.20.0, please specify the format explicitly.
wandb: Encoding video...
| pretrain_eval  | Iter: 0 | S: 95000 | E: 0 | L: 200 | R: 0.0000 | T: 6:33:20
[2026-05-28 10:14:58,394][root][INFO] - Finished replay epoch 3654/10000
[2026-05-28 10:15:02,097][root][INFO] - Finished replay epoch 3655/10000
[2026-05-28 10:15:06,014][root][INFO] - Finished replay epoch 3656/10000
[2026-05-28 10:15:09,907][root][INFO] - Finished replay epoch 3657/10000
| pretrain       | Iter: 0 | T: 6:33:40 | BS: 3392 | Batched Update FPS: 4.8808
[2026-05-28 10:15:13,851][root][INFO] - Finished replay epoch 3658/10000
[2026-05-28 10:15:17,700][root][INFO] - Finished replay epoch 3659/10000
[2026-05-28 10:15:21,600][root][INFO] - Finished replay epoch 3660/10000
[2026-05-28 10:15:25,478][root][INFO] - Finished replay epoch 3661/10000
| pretrain       | Iter: 0 | T: 6:33:55 | BS: 3392 | Batched Update FPS: 5.0434
[2026-05-28 10:15:29,368][root][INFO] - Finished replay epoch 3662/10000
[2026-05-28 10:15:33,141][root][INFO] - Finished replay epoch 3663/10000
[2026-05-28 10:15:36,819][root][INFO] - Finished replay epoch 3664/10000
[2026-05-28 10:15:40,510][root][INFO] - Finished replay epoch 3665/10000
| pretrain       | Iter: 0 | T: 6:34:09 | BS: 3392 | Batched Update FPS: 5.5152
[2026-05-28 10:15:44,188][root][INFO] - Finished replay epoch 3666/10000
[2026-05-28 10:15:47,824][root][INFO] - Finished replay epoch 3667/10000
[2026-05-28 10:15:51,497][root][INFO] - Finished replay epoch 3668/10000
[2026-05-28 10:15:55,311][root][INFO] - Finished replay epoch 3669/10000
| pretrain       | Iter: 0 | T: 6:34:23 | BS: 3392 | Batched Update FPS: 4.8559
[2026-05-28 10:15:59,109][root][INFO] - Finished replay epoch 3670/10000
[2026-05-28 10:16:02,715][root][INFO] - Finished replay epoch 3671/10000
[2026-05-28 10:16:06,356][root][INFO] - Finished replay epoch 3672/10000
[2026-05-28 10:16:10,011][root][INFO] - Finished replay epoch 3673/10000
| pretrain       | Iter: 0 | T: 6:34:37 | BS: 3392 | Batched Update FPS: 5.4965
[2026-05-28 10:16:13,650][root][INFO] - Finished replay epoch 3674/10000
[2026-05-28 10:16:17,241][root][INFO] - Finished replay epoch 3675/10000
[2026-05-28 10:16:20,889][root][INFO] - Finished replay epoch 3676/10000
| pretrain       | Iter: 0 | T: 6:34:51 | BS: 3392 | Batched Update FPS: 5.5355
[2026-05-28 10:16:24,611][root][INFO] - Finished replay epoch 3677/10000
[2026-05-28 10:16:28,304][root][INFO] - Finished replay epoch 3678/10000
[2026-05-28 10:16:31,944][root][INFO] - Finished replay epoch 3679/10000
[2026-05-28 10:16:35,664][root][INFO] - Finished replay epoch 3680/10000
| pretrain       | Iter: 0 | T: 6:35:06 | BS: 3392 | Batched Update FPS: 5.0776
[2026-05-28 10:16:39,318][root][INFO] - Finished replay epoch 3681/10000
[2026-05-28 10:16:42,945][root][INFO] - Finished replay epoch 3682/10000
[2026-05-28 10:16:46,754][root][INFO] - Finished replay epoch 3683/10000
[2026-05-28 10:16:50,654][root][INFO] - Finished replay epoch 3684/10000
| pretrain       | Iter: 0 | T: 6:35:20 | BS: 3392 | Batched Update FPS: 4.9554
[2026-05-28 10:16:54,581][root][INFO] - Finished replay epoch 3685/10000
[2026-05-28 10:16:58,484][root][INFO] - Finished replay epoch 3686/10000
[2026-05-28 10:17:02,407][root][INFO] - Finished replay epoch 3687/10000
[2026-05-28 10:17:06,352][root][INFO] - Finished replay epoch 3688/10000
| pretrain       | Iter: 0 | T: 6:35:35 | BS: 3392 | Batched Update FPS: 4.9263
[2026-05-28 10:17:10,288][root][INFO] - Finished replay epoch 3689/10000
[2026-05-28 10:17:14,185][root][INFO] - Finished replay epoch 3690/10000
[2026-05-28 10:17:18,076][root][INFO] - Finished replay epoch 3691/10000
[2026-05-28 10:17:21,975][root][INFO] - Finished replay epoch 3692/10000
| pretrain       | Iter: 0 | T: 6:35:51 | BS: 3392 | Batched Update FPS: 5.9584
[2026-05-28 10:17:26,145][root][INFO] - Finished replay epoch 3693/10000
[2026-05-28 10:17:30,095][root][INFO] - Finished replay epoch 3694/10000
[2026-05-28 10:17:33,944][root][INFO] - Finished replay epoch 3695/10000
[2026-05-28 10:17:37,583][root][INFO] - Finished replay epoch 3696/10000
| pretrain       | Iter: 0 | T: 6:36:05 | BS: 3392 | Batched Update FPS: 4.8704
[2026-05-28 10:17:41,271][root][INFO] - Finished replay epoch 3697/10000
[2026-05-28 10:17:44,926][root][INFO] - Finished replay epoch 3698/10000
[2026-05-28 10:17:48,555][root][INFO] - Finished replay epoch 3699/10000
[2026-05-28 10:17:52,333][root][INFO] - Finished replay epoch 3700/10000
| pretrain       | Iter: 0 | T: 6:36:19 | BS: 3392 | Batched Update FPS: 5.4548
[2026-05-28 10:17:56,037][root][INFO] - Finished replay epoch 3701/10000
[2026-05-28 10:17:59,963][root][INFO] - Finished replay epoch 3702/10000
[2026-05-28 10:18:03,659][root][INFO] - Finished replay epoch 3703/10000
| pretrain       | Iter: 0 | T: 6:36:34 | BS: 3392 | Batched Update FPS: 5.4060
[2026-05-28 10:18:07,318][root][INFO] - Finished replay epoch 3704/10000
[2026-05-28 10:18:10,946][root][INFO] - Finished replay epoch 3705/10000
[2026-05-28 10:18:14,627][root][INFO] - Finished replay epoch 3706/10000
[2026-05-28 10:18:18,250][root][INFO] - Finished replay epoch 3707/10000
| pretrain       | Iter: 0 | T: 6:36:48 | BS: 3392 | Batched Update FPS: 5.5443
[2026-05-28 10:18:21,904][root][INFO] - Finished replay epoch 3708/10000
[2026-05-28 10:18:25,780][root][INFO] - Finished replay epoch 3709/10000
[2026-05-28 10:18:29,604][root][INFO] - Finished replay epoch 3710/10000
[2026-05-28 10:18:33,319][root][INFO] - Finished replay epoch 3711/10000
| pretrain       | Iter: 0 | T: 6:37:03 | BS: 3392 | Batched Update FPS: 4.8777
[2026-05-28 10:18:37,188][root][INFO] - Finished replay epoch 3712/10000
[2026-05-28 10:18:41,078][root][INFO] - Finished replay epoch 3713/10000
[2026-05-28 10:18:44,968][root][INFO] - Finished replay epoch 3714/10000
[2026-05-28 10:18:48,858][root][INFO] - Finished replay epoch 3715/10000
| pretrain       | Iter: 0 | T: 6:37:18 | BS: 3392 | Batched Update FPS: 4.8111
[2026-05-28 10:18:52,808][root][INFO] - Finished replay epoch 3716/10000
[2026-05-28 10:18:56,679][root][INFO] - Finished replay epoch 3717/10000
[2026-05-28 10:19:01,448][root][INFO] - Finished replay epoch 3718/10000
[2026-05-28 10:19:06,693][root][INFO] - Finished replay epoch 3719/10000
| pretrain       | Iter: 0 | T: 6:37:35 | BS: 3392 | Batched Update FPS: 3.7820
[2026-05-28 10:19:12,003][root][INFO] - Finished replay epoch 3720/10000
[2026-05-28 10:19:17,227][root][INFO] - Finished replay epoch 3721/10000
[2026-05-28 10:19:22,559][root][INFO] - Finished replay epoch 3722/10000
[2026-05-28 10:19:27,771][root][INFO] - Finished replay epoch 3723/10000
| pretrain       | Iter: 0 | T: 6:37:55 | BS: 3392 | Batched Update FPS: 4.5947
[2026-05-28 10:19:32,997][root][INFO] - Finished replay epoch 3724/10000
[2026-05-28 10:19:38,230][root][INFO] - Finished replay epoch 3725/10000
[2026-05-28 10:19:43,461][root][INFO] - Finished replay epoch 3726/10000
| pretrain       | Iter: 0 | T: 6:38:15 | BS: 3392 | Batched Update FPS: 4.5286
[2026-05-28 10:19:48,662][root][INFO] - Finished replay epoch 3727/10000
[2026-05-28 10:19:53,863][root][INFO] - Finished replay epoch 3728/10000
[2026-05-28 10:19:59,049][root][INFO] - Finished replay epoch 3729/10000
[2026-05-28 10:20:04,278][root][INFO] - Finished replay epoch 3730/10000
| pretrain       | Iter: 0 | T: 6:38:36 | BS: 3392 | Batched Update FPS: 4.1090
[2026-05-28 10:20:09,886][root][INFO] - Finished replay epoch 3731/10000
[2026-05-28 10:20:15,127][root][INFO] - Finished replay epoch 3732/10000
[2026-05-28 10:20:20,482][root][INFO] - Finished replay epoch 3733/10000
[2026-05-28 10:20:25,707][root][INFO] - Finished replay epoch 3734/10000
| pretrain       | Iter: 0 | T: 6:38:56 | BS: 3392 | Batched Update FPS: 3.1987
[2026-05-28 10:20:30,890][root][INFO] - Finished replay epoch 3735/10000
[2026-05-28 10:20:36,185][root][INFO] - Finished replay epoch 3736/10000
[2026-05-28 10:20:41,459][root][INFO] - Finished replay epoch 3737/10000
[2026-05-28 10:20:46,682][root][INFO] - Finished replay epoch 3738/10000
| pretrain       | Iter: 0 | T: 6:39:16 | BS: 3392 | Batched Update FPS: 4.1830
[2026-05-28 10:20:52,073][root][INFO] - Finished replay epoch 3739/10000
[2026-05-28 10:20:57,312][root][INFO] - Finished replay epoch 3740/10000
[2026-05-28 10:21:02,521][root][INFO] - Finished replay epoch 3741/10000
[2026-05-28 10:21:07,817][root][INFO] - Finished replay epoch 3742/10000
| pretrain       | Iter: 0 | T: 6:39:37 | BS: 3392 | Batched Update FPS: 4.0997
[2026-05-28 10:21:13,091][root][INFO] - Finished replay epoch 3743/10000
[2026-05-28 10:21:18,332][root][INFO] - Finished replay epoch 3744/10000
[2026-05-28 10:21:23,589][root][INFO] - Finished replay epoch 3745/10000
[2026-05-28 10:21:28,807][root][INFO] - Finished replay epoch 3746/10000
| pretrain       | Iter: 0 | T: 6:39:57 | BS: 3392 | Batched Update FPS: 3.8700
[2026-05-28 10:21:34,011][root][INFO] - Finished replay epoch 3747/10000
[2026-05-28 10:21:39,289][root][INFO] - Finished replay epoch 3748/10000
[2026-05-28 10:21:44,497][root][INFO] - Finished replay epoch 3749/10000
[2026-05-28 10:21:49,763][root][INFO] - Finished replay epoch 3750/10000
| pretrain       | Iter: 0 | T: 6:40:17 | BS: 3392 | Batched Update FPS: 3.1376
wandb: WARNING `format` argument was not provided, defaulting to `gif`. This parameter will be required in v0.20.0, please specify the format explicitly.
wandb: Encoding video...
| pretrain_eval  | Iter: 0 | S: 97500 | E: 0 | L: 200 | R: 0.0000 | T: 6:42:40
[2026-05-28 10:24:22,513][root][INFO] - Finished replay epoch 3751/10000
[2026-05-28 10:24:27,688][root][INFO] - Finished replay epoch 3752/10000
[2026-05-28 10:24:32,928][root][INFO] - Finished replay epoch 3753/10000
| pretrain       | Iter: 0 | T: 6:43:05 | BS: 3392 | Batched Update FPS: 3.2923
[2026-05-28 10:24:38,169][root][INFO] - Finished replay epoch 3754/10000
[2026-05-28 10:24:43,420][root][INFO] - Finished replay epoch 3755/10000
[2026-05-28 10:24:48,632][root][INFO] - Finished replay epoch 3756/10000
[2026-05-28 10:24:53,903][root][INFO] - Finished replay epoch 3757/10000
| pretrain       | Iter: 0 | T: 6:43:25 | BS: 3392 | Batched Update FPS: 4.4355
[2026-05-28 10:24:59,165][root][INFO] - Finished replay epoch 3758/10000
[2026-05-28 10:25:04,363][root][INFO] - Finished replay epoch 3759/10000
[2026-05-28 10:25:09,558][root][INFO] - Finished replay epoch 3760/10000
[2026-05-28 10:25:14,785][root][INFO] - Finished replay epoch 3761/10000
| pretrain       | Iter: 0 | T: 6:43:45 | BS: 3392 | Batched Update FPS: 3.0133
[2026-05-28 10:25:20,054][root][INFO] - Finished replay epoch 3762/10000
[2026-05-28 10:25:25,293][root][INFO] - Finished replay epoch 3763/10000
[2026-05-28 10:25:30,569][root][INFO] - Finished replay epoch 3764/10000
[2026-05-28 10:25:35,720][root][INFO] - Finished replay epoch 3765/10000
| pretrain       | Iter: 0 | T: 6:44:05 | BS: 3392 | Batched Update FPS: 4.1696
[2026-05-28 10:25:40,992][root][INFO] - Finished replay epoch 3766/10000
[2026-05-28 10:25:46,251][root][INFO] - Finished replay epoch 3767/10000
[2026-05-28 10:25:51,416][root][INFO] - Finished replay epoch 3768/10000
[2026-05-28 10:25:56,652][root][INFO] - Finished replay epoch 3769/10000
| pretrain       | Iter: 0 | T: 6:44:25 | BS: 3392 | Batched Update FPS: 5.8003
[2026-05-28 10:26:02,147][root][INFO] - Finished replay epoch 3770/10000
[2026-05-28 10:26:07,377][root][INFO] - Finished replay epoch 3771/10000
[2026-05-28 10:26:12,616][root][INFO] - Finished replay epoch 3772/10000
[2026-05-28 10:26:17,322][root][INFO] - Finished replay epoch 3773/10000
| pretrain       | Iter: 0 | T: 6:44:45 | BS: 3392 | Batched Update FPS: 3.0326
[2026-05-28 10:26:22,571][root][INFO] - Finished replay epoch 3774/10000
[2026-05-28 10:26:27,797][root][INFO] - Finished replay epoch 3775/10000
[2026-05-28 10:26:33,044][root][INFO] - Finished replay epoch 3776/10000
| pretrain       | Iter: 0 | T: 6:45:05 | BS: 3392 | Batched Update FPS: 3.7021
[2026-05-28 10:26:38,318][root][INFO] - Finished replay epoch 3777/10000
[2026-05-28 10:26:43,566][root][INFO] - Finished replay epoch 3778/10000
[2026-05-28 10:26:48,805][root][INFO] - Finished replay epoch 3779/10000
[2026-05-28 10:26:54,045][root][INFO] - Finished replay epoch 3780/10000
| pretrain       | Iter: 0 | T: 6:45:25 | BS: 3392 | Batched Update FPS: 3.9455
[2026-05-28 10:26:59,305][root][INFO] - Finished replay epoch 3781/10000
[2026-05-28 10:27:04,489][root][INFO] - Finished replay epoch 3782/10000
[2026-05-28 10:27:09,795][root][INFO] - Finished replay epoch 3783/10000
[2026-05-28 10:27:15,068][root][INFO] - Finished replay epoch 3784/10000
| pretrain       | Iter: 0 | T: 6:45:46 | BS: 3392 | Batched Update FPS: 3.1961
[2026-05-28 10:27:20,391][root][INFO] - Finished replay epoch 3785/10000
[2026-05-28 10:27:25,525][root][INFO] - Finished replay epoch 3786/10000
[2026-05-28 10:27:30,720][root][INFO] - Finished replay epoch 3787/10000
[2026-05-28 10:27:35,959][root][INFO] - Finished replay epoch 3788/10000
| pretrain       | Iter: 0 | T: 6:46:06 | BS: 3392 | Batched Update FPS: 3.3293
[2026-05-28 10:27:41,252][root][INFO] - Finished replay epoch 3789/10000
[2026-05-28 10:27:46,498][root][INFO] - Finished replay epoch 3790/10000
[2026-05-28 10:27:51,773][root][INFO] - Finished replay epoch 3791/10000
[2026-05-28 10:27:56,984][root][INFO] - Finished replay epoch 3792/10000
| pretrain       | Iter: 0 | T: 6:46:26 | BS: 3392 | Batched Update FPS: 4.1396
[2026-05-28 10:28:02,260][root][INFO] - Finished replay epoch 3793/10000
[2026-05-28 10:28:07,560][root][INFO] - Finished replay epoch 3794/10000
[2026-05-28 10:28:12,830][root][INFO] - Finished replay epoch 3795/10000
[2026-05-28 10:28:18,004][root][INFO] - Finished replay epoch 3796/10000
| pretrain       | Iter: 0 | T: 6:46:46 | BS: 3392 | Batched Update FPS: 3.9963
[2026-05-28 10:28:23,254][root][INFO] - Finished replay epoch 3797/10000
[2026-05-28 10:28:28,466][root][INFO] - Finished replay epoch 3798/10000
[2026-05-28 10:28:33,681][root][INFO] - Finished replay epoch 3799/10000
[2026-05-28 10:28:38,880][root][INFO] - Finished replay epoch 3800/10000
| pretrain       | Iter: 0 | T: 6:47:06 | BS: 3392 | Batched Update FPS: 3.6299
[2026-05-28 10:28:44,121][root][INFO] - Finished replay epoch 3801/10000
[2026-05-28 10:28:49,316][root][INFO] - Finished replay epoch 3802/10000
[2026-05-28 10:28:54,597][root][INFO] - Finished replay epoch 3803/10000
| pretrain       | Iter: 0 | T: 6:47:26 | BS: 3392 | Batched Update FPS: 4.5753
[2026-05-28 10:28:59,889][root][INFO] - Finished replay epoch 3804/10000
[2026-05-28 10:29:05,076][root][INFO] - Finished replay epoch 3805/10000
[2026-05-28 10:29:10,302][root][INFO] - Finished replay epoch 3806/10000
[2026-05-28 10:29:15,543][root][INFO] - Finished replay epoch 3807/10000
| pretrain       | Iter: 0 | T: 6:47:47 | BS: 3392 | Batched Update FPS: 3.9254
[2026-05-28 10:29:20,970][root][INFO] - Finished replay epoch 3808/10000
[2026-05-28 10:29:26,142][root][INFO] - Finished replay epoch 3809/10000
[2026-05-28 10:29:31,323][root][INFO] - Finished replay epoch 3810/10000
[2026-05-28 10:29:36,532][root][INFO] - Finished replay epoch 3811/10000
| pretrain       | Iter: 0 | T: 6:48:07 | BS: 3392 | Batched Update FPS: 4.9145
[2026-05-28 10:29:41,786][root][INFO] - Finished replay epoch 3812/10000
[2026-05-28 10:29:47,009][root][INFO] - Finished replay epoch 3813/10000
[2026-05-28 10:29:52,222][root][INFO] - Finished replay epoch 3814/10000
[2026-05-28 10:29:57,467][root][INFO] - Finished replay epoch 3815/10000
| pretrain       | Iter: 0 | T: 6:48:27 | BS: 3392 | Batched Update FPS: 3.1585
[2026-05-28 10:30:02,754][root][INFO] - Finished replay epoch 3816/10000
[2026-05-28 10:30:07,905][root][INFO] - Finished replay epoch 3817/10000
[2026-05-28 10:30:13,114][root][INFO] - Finished replay epoch 3818/10000
[2026-05-28 10:30:18,342][root][INFO] - Finished replay epoch 3819/10000
| pretrain       | Iter: 0 | T: 6:48:47 | BS: 3392 | Batched Update FPS: 4.0269
[2026-05-28 10:30:23,562][root][INFO] - Finished replay epoch 3820/10000
[2026-05-28 10:30:28,784][root][INFO] - Finished replay epoch 3821/10000
[2026-05-28 10:30:34,005][root][INFO] - Finished replay epoch 3822/10000
[2026-05-28 10:30:39,264][root][INFO] - Finished replay epoch 3823/10000
| pretrain       | Iter: 0 | T: 6:49:07 | BS: 3392 | Batched Update FPS: 3.1654
[2026-05-28 10:30:44,492][root][INFO] - Finished replay epoch 3824/10000
[2026-05-28 10:30:49,719][root][INFO] - Finished replay epoch 3825/10000
[2026-05-28 10:30:54,978][root][INFO] - Finished replay epoch 3826/10000
| pretrain       | Iter: 0 | T: 6:49:27 | BS: 3392 | Batched Update FPS: 4.0602
[2026-05-28 10:31:00,261][root][INFO] - Finished replay epoch 3827/10000
[2026-05-28 10:31:05,598][root][INFO] - Finished replay epoch 3828/10000
[2026-05-28 10:31:10,799][root][INFO] - Finished replay epoch 3829/10000
[2026-05-28 10:31:16,069][root][INFO] - Finished replay epoch 3830/10000
| pretrain       | Iter: 0 | T: 6:49:47 | BS: 3392 | Batched Update FPS: 3.9968
[2026-05-28 10:31:21,428][root][INFO] - Finished replay epoch 3831/10000
[2026-05-28 10:31:26,648][root][INFO] - Finished replay epoch 3832/10000
[2026-05-28 10:31:31,879][root][INFO] - Finished replay epoch 3833/10000
[2026-05-28 10:31:37,107][root][INFO] - Finished replay epoch 3834/10000
| pretrain       | Iter: 0 | T: 6:50:08 | BS: 3392 | Batched Update FPS: 3.0999
[2026-05-28 10:31:42,349][root][INFO] - Finished replay epoch 3835/10000
[2026-05-28 10:31:47,616][root][INFO] - Finished replay epoch 3836/10000
[2026-05-28 10:31:52,827][root][INFO] - Finished replay epoch 3837/10000
[2026-05-28 10:31:58,012][root][INFO] - Finished replay epoch 3838/10000
| pretrain       | Iter: 0 | T: 6:50:28 | BS: 3392 | Batched Update FPS: 3.2491
[2026-05-28 10:32:03,260][root][INFO] - Finished replay epoch 3839/10000
[2026-05-28 10:32:08,475][root][INFO] - Finished replay epoch 3840/10000
[2026-05-28 10:32:13,692][root][INFO] - Finished replay epoch 3841/10000
[2026-05-28 10:32:18,908][root][INFO] - Finished replay epoch 3842/10000
| pretrain       | Iter: 0 | T: 6:50:48 | BS: 3392 | Batched Update FPS: 4.3298
[2026-05-28 10:32:24,204][root][INFO] - Finished replay epoch 3843/10000
[2026-05-28 10:32:29,451][root][INFO] - Finished replay epoch 3844/10000
[2026-05-28 10:32:34,656][root][INFO] - Finished replay epoch 3845/10000
[2026-05-28 10:32:39,877][root][INFO] - Finished replay epoch 3846/10000
| pretrain       | Iter: 0 | T: 6:51:08 | BS: 3392 | Batched Update FPS: 6.0458
wandb: WARNING `format` argument was not provided, defaulting to `gif`. This parameter will be required in v0.20.0, please specify the format explicitly.
wandb: Encoding video...
| pretrain_eval  | Iter: 0 | S: 100000 | E: 0 | L: 200 | R: 0.0000 | T: 6:53:11
[2026-05-28 10:34:52,052][root][INFO] - Finished replay epoch 3847/10000
[2026-05-28 10:34:55,793][root][INFO] - Finished replay epoch 3848/10000
[2026-05-28 10:34:59,442][root][INFO] - Finished replay epoch 3849/10000
[2026-05-28 10:35:03,059][root][INFO] - Finished replay epoch 3850/10000
| pretrain       | Iter: 0 | T: 6:53:30 | BS: 3392 | Batched Update FPS: 5.2824
[2026-05-28 10:35:06,700][root][INFO] - Finished replay epoch 3851/10000
[2026-05-28 10:35:10,426][root][INFO] - Finished replay epoch 3852/10000
[2026-05-28 10:35:14,331][root][INFO] - Finished replay epoch 3853/10000
| pretrain       | Iter: 0 | T: 6:53:45 | BS: 3392 | Batched Update FPS: 4.8877
[2026-05-28 10:35:18,227][root][INFO] - Finished replay epoch 3854/10000
[2026-05-28 10:35:22,152][root][INFO] - Finished replay epoch 3855/10000
[2026-05-28 10:35:26,031][root][INFO] - Finished replay epoch 3856/10000
[2026-05-28 10:35:29,925][root][INFO] - Finished replay epoch 3857/10000
| pretrain       | Iter: 0 | T: 6:54:00 | BS: 3392 | Batched Update FPS: 4.8742
[2026-05-28 10:35:33,842][root][INFO] - Finished replay epoch 3858/10000
[2026-05-28 10:35:37,717][root][INFO] - Finished replay epoch 3859/10000
[2026-05-28 10:35:41,667][root][INFO] - Finished replay epoch 3860/10000
[2026-05-28 10:35:45,553][root][INFO] - Finished replay epoch 3861/10000
| pretrain       | Iter: 0 | T: 6:54:15 | BS: 3392 | Batched Update FPS: 5.1900
[2026-05-28 10:35:49,475][root][INFO] - Finished replay epoch 3862/10000
[2026-05-28 10:35:53,215][root][INFO] - Finished replay epoch 3863/10000
[2026-05-28 10:35:56,874][root][INFO] - Finished replay epoch 3864/10000
[2026-05-28 10:36:00,593][root][INFO] - Finished replay epoch 3865/10000
| pretrain       | Iter: 0 | T: 6:54:29 | BS: 3392 | Batched Update FPS: 5.0831
[2026-05-28 10:36:04,300][root][INFO] - Finished replay epoch 3866/10000
[2026-05-28 10:36:07,993][root][INFO] - Finished replay epoch 3867/10000
[2026-05-28 10:36:11,769][root][INFO] - Finished replay epoch 3868/10000
[2026-05-28 10:36:15,517][root][INFO] - Finished replay epoch 3869/10000
| pretrain       | Iter: 0 | T: 6:54:43 | BS: 3392 | Batched Update FPS: 5.4842
[2026-05-28 10:36:19,110][root][INFO] - Finished replay epoch 3870/10000
[2026-05-28 10:36:22,734][root][INFO] - Finished replay epoch 3871/10000
[2026-05-28 10:36:26,388][root][INFO] - Finished replay epoch 3872/10000
[2026-05-28 10:36:30,128][root][INFO] - Finished replay epoch 3873/10000
| pretrain       | Iter: 0 | T: 6:54:58 | BS: 3392 | Batched Update FPS: 5.2675
[2026-05-28 10:36:33,792][root][INFO] - Finished replay epoch 3874/10000
[2026-05-28 10:36:37,433][root][INFO] - Finished replay epoch 3875/10000
[2026-05-28 10:36:41,299][root][INFO] - Finished replay epoch 3876/10000
| pretrain       | Iter: 0 | T: 6:55:12 | BS: 3392 | Batched Update FPS: 4.9520
[2026-05-28 10:36:44,986][root][INFO] - Finished replay epoch 3877/10000
[2026-05-28 10:36:48,848][root][INFO] - Finished replay epoch 3878/10000
[2026-05-28 10:36:52,750][root][INFO] - Finished replay epoch 3879/10000
[2026-05-28 10:36:56,662][root][INFO] - Finished replay epoch 3880/10000
| pretrain       | Iter: 0 | T: 6:55:27 | BS: 3392 | Batched Update FPS: 4.9757
[2026-05-28 10:37:00,579][root][INFO] - Finished replay epoch 3881/10000
[2026-05-28 10:37:04,495][root][INFO] - Finished replay epoch 3882/10000
[2026-05-28 10:37:08,356][root][INFO] - Finished replay epoch 3883/10000
[2026-05-28 10:37:12,216][root][INFO] - Finished replay epoch 3884/10000
| pretrain       | Iter: 0 | T: 6:55:42 | BS: 3392 | Batched Update FPS: 5.8635
[2026-05-28 10:37:16,311][root][INFO] - Finished replay epoch 3885/10000
[2026-05-28 10:37:20,190][root][INFO] - Finished replay epoch 3886/10000
[2026-05-28 10:37:24,065][root][INFO] - Finished replay epoch 3887/10000
[2026-05-28 10:37:27,973][root][INFO] - Finished replay epoch 3888/10000
| pretrain       | Iter: 0 | T: 6:55:57 | BS: 3392 | Batched Update FPS: 4.9251
[2026-05-28 10:37:31,878][root][INFO] - Finished replay epoch 3889/10000
[2026-05-28 10:37:35,735][root][INFO] - Finished replay epoch 3890/10000
[2026-05-28 10:37:39,596][root][INFO] - Finished replay epoch 3891/10000
[2026-05-28 10:37:43,262][root][INFO] - Finished replay epoch 3892/10000
| pretrain       | Iter: 0 | T: 6:56:12 | BS: 3392 | Batched Update FPS: 4.9951
[2026-05-28 10:37:47,158][root][INFO] - Finished replay epoch 3893/10000
[2026-05-28 10:37:50,881][root][INFO] - Finished replay epoch 3894/10000
[2026-05-28 10:37:54,716][root][INFO] - Finished replay epoch 3895/10000
[2026-05-28 10:37:58,520][root][INFO] - Finished replay epoch 3896/10000
| pretrain       | Iter: 0 | T: 6:56:26 | BS: 3392 | Batched Update FPS: 4.8031
[2026-05-28 10:38:02,462][root][INFO] - Finished replay epoch 3897/10000
[2026-05-28 10:38:06,324][root][INFO] - Finished replay epoch 3898/10000
[2026-05-28 10:38:10,387][root][INFO] - Finished replay epoch 3899/10000
[2026-05-28 10:38:14,257][root][INFO] - Finished replay epoch 3900/10000
| pretrain       | Iter: 0 | T: 6:56:41 | BS: 3392 | Batched Update FPS: 5.1897
[2026-05-28 10:38:18,172][root][INFO] - Finished replay epoch 3901/10000
[2026-05-28 10:38:22,043][root][INFO] - Finished replay epoch 3902/10000
[2026-05-28 10:38:25,918][root][INFO] - Finished replay epoch 3903/10000
| pretrain       | Iter: 0 | T: 6:56:56 | BS: 3392 | Batched Update FPS: 4.8717
[2026-05-28 10:38:29,770][root][INFO] - Finished replay epoch 3904/10000
[2026-05-28 10:38:33,694][root][INFO] - Finished replay epoch 3905/10000
[2026-05-28 10:38:37,581][root][INFO] - Finished replay epoch 3906/10000
[2026-05-28 10:38:41,462][root][INFO] - Finished replay epoch 3907/10000
| pretrain       | Iter: 0 | T: 6:57:11 | BS: 3392 | Batched Update FPS: 4.9204
[2026-05-28 10:38:45,350][root][INFO] - Finished replay epoch 3908/10000
[2026-05-28 10:38:49,253][root][INFO] - Finished replay epoch 3909/10000
[2026-05-28 10:38:53,149][root][INFO] - Finished replay epoch 3910/10000
[2026-05-28 10:38:57,805][root][INFO] - Finished replay epoch 3911/10000
| pretrain       | Iter: 0 | T: 6:57:28 | BS: 3392 | Batched Update FPS: 3.6634
[2026-05-28 10:39:02,980][root][INFO] - Finished replay epoch 3912/10000
[2026-05-28 10:39:08,180][root][INFO] - Finished replay epoch 3913/10000
[2026-05-28 10:39:13,408][root][INFO] - Finished replay epoch 3914/10000
[2026-05-28 10:39:18,612][root][INFO] - Finished replay epoch 3915/10000
| pretrain       | Iter: 0 | T: 6:57:48 | BS: 3392 | Batched Update FPS: 3.1020
[2026-05-28 10:39:23,866][root][INFO] - Finished replay epoch 3916/10000
[2026-05-28 10:39:29,122][root][INFO] - Finished replay epoch 3917/10000
[2026-05-28 10:39:34,347][root][INFO] - Finished replay epoch 3918/10000
[2026-05-28 10:39:39,519][root][INFO] - Finished replay epoch 3919/10000
| pretrain       | Iter: 0 | T: 6:58:08 | BS: 3392 | Batched Update FPS: 4.0334
[2026-05-28 10:39:44,832][root][INFO] - Finished replay epoch 3920/10000
[2026-05-28 10:39:50,020][root][INFO] - Finished replay epoch 3921/10000
[2026-05-28 10:39:55,246][root][INFO] - Finished replay epoch 3922/10000
[2026-05-28 10:40:00,463][root][INFO] - Finished replay epoch 3923/10000
| pretrain       | Iter: 0 | T: 6:58:28 | BS: 3392 | Batched Update FPS: 4.9264
[2026-05-28 10:40:05,915][root][INFO] - Finished replay epoch 3924/10000
[2026-05-28 10:40:11,128][root][INFO] - Finished replay epoch 3925/10000
[2026-05-28 10:40:16,373][root][INFO] - Finished replay epoch 3926/10000
| pretrain       | Iter: 0 | T: 6:58:48 | BS: 3392 | Batched Update FPS: 3.1268
[2026-05-28 10:40:21,654][root][INFO] - Finished replay epoch 3927/10000
[2026-05-28 10:40:26,851][root][INFO] - Finished replay epoch 3928/10000
[2026-05-28 10:40:32,151][root][INFO] - Finished replay epoch 3929/10000
[2026-05-28 10:40:37,391][root][INFO] - Finished replay epoch 3930/10000
| pretrain       | Iter: 0 | T: 6:59:09 | BS: 3392 | Batched Update FPS: 4.4277
[2026-05-28 10:40:42,634][root][INFO] - Finished replay epoch 3931/10000
[2026-05-28 10:40:47,882][root][INFO] - Finished replay epoch 3932/10000
[2026-05-28 10:40:53,093][root][INFO] - Finished replay epoch 3933/10000
[2026-05-28 10:40:58,300][root][INFO] - Finished replay epoch 3934/10000
| pretrain       | Iter: 0 | T: 6:59:29 | BS: 3392 | Batched Update FPS: 3.2703
[2026-05-28 10:41:03,575][root][INFO] - Finished replay epoch 3935/10000
[2026-05-28 10:41:08,780][root][INFO] - Finished replay epoch 3936/10000
[2026-05-28 10:41:14,019][root][INFO] - Finished replay epoch 3937/10000
[2026-05-28 10:41:19,285][root][INFO] - Finished replay epoch 3938/10000
| pretrain       | Iter: 0 | T: 6:59:49 | BS: 3392 | Batched Update FPS: 3.1204
[2026-05-28 10:41:24,548][root][INFO] - Finished replay epoch 3939/10000
[2026-05-28 10:41:29,851][root][INFO] - Finished replay epoch 3940/10000
[2026-05-28 10:41:35,081][root][INFO] - Finished replay epoch 3941/10000
[2026-05-28 10:41:40,310][root][INFO] - Finished replay epoch 3942/10000
| pretrain       | Iter: 0 | T: 7:00:09 | BS: 3392 | Batched Update FPS: 4.3903
wandb: WARNING `format` argument was not provided, defaulting to `gif`. This parameter will be required in v0.20.0, please specify the format explicitly.
wandb: Encoding video...
| pretrain_eval  | Iter: 0 | S: 102500 | E: 0 | L: 200 | R: 0.0000 | T: 7:02:32
[2026-05-28 10:44:13,078][root][INFO] - Finished replay epoch 3943/10000
[2026-05-28 10:44:18,392][root][INFO] - Finished replay epoch 3944/10000
[2026-05-28 10:44:23,565][root][INFO] - Finished replay epoch 3945/10000
[2026-05-28 10:44:28,781][root][INFO] - Finished replay epoch 3946/10000
| pretrain       | Iter: 0 | T: 7:02:57 | BS: 3392 | Batched Update FPS: 3.1819
[2026-05-28 10:44:34,120][root][INFO] - Finished replay epoch 3947/10000
[2026-05-28 10:44:39,317][root][INFO] - Finished replay epoch 3948/10000
[2026-05-28 10:44:44,531][root][INFO] - Finished replay epoch 3949/10000
[2026-05-28 10:44:49,738][root][INFO] - Finished replay epoch 3950/10000
| pretrain       | Iter: 0 | T: 7:03:17 | BS: 3392 | Batched Update FPS: 4.1095
[2026-05-28 10:44:54,956][root][INFO] - Finished replay epoch 3951/10000
[2026-05-28 10:45:00,190][root][INFO] - Finished replay epoch 3952/10000
[2026-05-28 10:45:05,421][root][INFO] - Finished replay epoch 3953/10000
| pretrain       | Iter: 0 | T: 7:03:37 | BS: 3392 | Batched Update FPS: 3.1680
[2026-05-28 10:45:10,744][root][INFO] - Finished replay epoch 3954/10000
[2026-05-28 10:45:15,948][root][INFO] - Finished replay epoch 3955/10000
[2026-05-28 10:45:21,180][root][INFO] - Finished replay epoch 3956/10000
[2026-05-28 10:45:26,454][root][INFO] - Finished replay epoch 3957/10000
| pretrain       | Iter: 0 | T: 7:03:57 | BS: 3392 | Batched Update FPS: 3.2329
[2026-05-28 10:45:31,720][root][INFO] - Finished replay epoch 3958/10000
[2026-05-28 10:45:36,847][root][INFO] - Finished replay epoch 3959/10000
[2026-05-28 10:45:42,050][root][INFO] - Finished replay epoch 3960/10000
[2026-05-28 10:45:47,409][root][INFO] - Finished replay epoch 3961/10000
| pretrain       | Iter: 0 | T: 7:04:18 | BS: 3392 | Batched Update FPS: 4.2227
[2026-05-28 10:45:52,845][root][INFO] - Finished replay epoch 3962/10000
[2026-05-28 10:45:58,131][root][INFO] - Finished replay epoch 3963/10000
[2026-05-28 10:46:03,375][root][INFO] - Finished replay epoch 3964/10000
[2026-05-28 10:46:08,566][root][INFO] - Finished replay epoch 3965/10000
| pretrain       | Iter: 0 | T: 7:04:38 | BS: 3392 | Batched Update FPS: 3.9375
[2026-05-28 10:46:13,522][root][INFO] - Finished replay epoch 3966/10000
[2026-05-28 10:46:18,332][root][INFO] - Finished replay epoch 3967/10000
[2026-05-28 10:46:23,527][root][INFO] - Finished replay epoch 3968/10000
[2026-05-28 10:46:28,705][root][INFO] - Finished replay epoch 3969/10000
| pretrain       | Iter: 0 | T: 7:04:57 | BS: 3392 | Batched Update FPS: 5.1135
[2026-05-28 10:46:33,890][root][INFO] - Finished replay epoch 3970/10000
[2026-05-28 10:46:39,116][root][INFO] - Finished replay epoch 3971/10000
[2026-05-28 10:46:44,480][root][INFO] - Finished replay epoch 3972/10000
[2026-05-28 10:46:49,636][root][INFO] - Finished replay epoch 3973/10000
| pretrain       | Iter: 0 | T: 7:05:17 | BS: 3392 | Batched Update FPS: 3.1164
[2026-05-28 10:46:54,896][root][INFO] - Finished replay epoch 3974/10000
[2026-05-28 10:47:00,113][root][INFO] - Finished replay epoch 3975/10000
[2026-05-28 10:47:05,444][root][INFO] - Finished replay epoch 3976/10000
| pretrain       | Iter: 0 | T: 7:05:37 | BS: 3392 | Batched Update FPS: 4.9297
[2026-05-28 10:47:10,626][root][INFO] - Finished replay epoch 3977/10000
[2026-05-28 10:47:15,902][root][INFO] - Finished replay epoch 3978/10000
[2026-05-28 10:47:21,199][root][INFO] - Finished replay epoch 3979/10000
[2026-05-28 10:47:26,427][root][INFO] - Finished replay epoch 3980/10000
| pretrain       | Iter: 0 | T: 7:05:58 | BS: 3392 | Batched Update FPS: 3.1001
[2026-05-28 10:47:31,678][root][INFO] - Finished replay epoch 3981/10000
[2026-05-28 10:47:36,950][root][INFO] - Finished replay epoch 3982/10000
[2026-05-28 10:47:42,190][root][INFO] - Finished replay epoch 3983/10000
[2026-05-28 10:47:47,449][root][INFO] - Finished replay epoch 3984/10000
| pretrain       | Iter: 0 | T: 7:06:18 | BS: 3392 | Batched Update FPS: 3.9701
[2026-05-28 10:47:52,695][root][INFO] - Finished replay epoch 3985/10000
[2026-05-28 10:47:57,852][root][INFO] - Finished replay epoch 3986/10000
[2026-05-28 10:48:03,034][root][INFO] - Finished replay epoch 3987/10000
[2026-05-28 10:48:08,269][root][INFO] - Finished replay epoch 3988/10000
| pretrain       | Iter: 0 | T: 7:06:38 | BS: 3392 | Batched Update FPS: 4.0686
[2026-05-28 10:48:13,490][root][INFO] - Finished replay epoch 3989/10000
[2026-05-28 10:48:18,684][root][INFO] - Finished replay epoch 3990/10000
[2026-05-28 10:48:23,877][root][INFO] - Finished replay epoch 3991/10000
[2026-05-28 10:48:29,062][root][INFO] - Finished replay epoch 3992/10000
| pretrain       | Iter: 0 | T: 7:06:58 | BS: 3392 | Batched Update FPS: 3.0139
[2026-05-28 10:48:34,361][root][INFO] - Finished replay epoch 3993/10000
[2026-05-28 10:48:39,588][root][INFO] - Finished replay epoch 3994/10000
[2026-05-28 10:48:44,871][root][INFO] - Finished replay epoch 3995/10000
[2026-05-28 10:48:50,106][root][INFO] - Finished replay epoch 3996/10000
| pretrain       | Iter: 0 | T: 7:07:18 | BS: 3392 | Batched Update FPS: 4.1368
[2026-05-28 10:48:55,314][root][INFO] - Finished replay epoch 3997/10000
[2026-05-28 10:49:00,578][root][INFO] - Finished replay epoch 3998/10000
[2026-05-28 10:49:05,845][root][INFO] - Finished replay epoch 3999/10000
[2026-05-28 10:49:11,338][root][INFO] - Finished replay epoch 4000/10000
| pretrain       | Iter: 0 | T: 7:07:38 | BS: 3392 | Batched Update FPS: 6.2948
[2026-05-28 10:49:16,433][root][INFO] - Finished replay epoch 4001/10000
[2026-05-28 10:49:21,602][root][INFO] - Finished replay epoch 4002/10000
[2026-05-28 10:49:26,835][root][INFO] - Finished replay epoch 4003/10000
| pretrain       | Iter: 0 | T: 7:07:58 | BS: 3392 | Batched Update FPS: 4.0886
[2026-05-28 10:49:32,051][root][INFO] - Finished replay epoch 4004/10000
[2026-05-28 10:49:37,307][root][INFO] - Finished replay epoch 4005/10000
[2026-05-28 10:49:42,567][root][INFO] - Finished replay epoch 4006/10000
[2026-05-28 10:49:47,769][root][INFO] - Finished replay epoch 4007/10000
| pretrain       | Iter: 0 | T: 7:08:19 | BS: 3392 | Batched Update FPS: 4.4836
[2026-05-28 10:49:53,038][root][INFO] - Finished replay epoch 4008/10000
[2026-05-28 10:49:58,228][root][INFO] - Finished replay epoch 4009/10000
[2026-05-28 10:50:03,493][root][INFO] - Finished replay epoch 4010/10000
[2026-05-28 10:50:08,668][root][INFO] - Finished replay epoch 4011/10000
| pretrain       | Iter: 0 | T: 7:08:39 | BS: 3392 | Batched Update FPS: 4.2152
[2026-05-28 10:50:13,933][root][INFO] - Finished replay epoch 4012/10000
[2026-05-28 10:50:19,159][root][INFO] - Finished replay epoch 4013/10000
[2026-05-28 10:50:24,406][root][INFO] - Finished replay epoch 4014/10000
[2026-05-28 10:50:29,654][root][INFO] - Finished replay epoch 4015/10000
| pretrain       | Iter: 0 | T: 7:08:59 | BS: 3392 | Batched Update FPS: 4.0883
[2026-05-28 10:50:34,808][root][INFO] - Finished replay epoch 4016/10000
[2026-05-28 10:50:39,993][root][INFO] - Finished replay epoch 4017/10000
[2026-05-28 10:50:45,208][root][INFO] - Finished replay epoch 4018/10000
[2026-05-28 10:50:50,427][root][INFO] - Finished replay epoch 4019/10000
| pretrain       | Iter: 0 | T: 7:09:19 | BS: 3392 | Batched Update FPS: 4.4251
[2026-05-28 10:50:55,659][root][INFO] - Finished replay epoch 4020/10000
[2026-05-28 10:51:00,861][root][INFO] - Finished replay epoch 4021/10000
[2026-05-28 10:51:06,057][root][INFO] - Finished replay epoch 4022/10000
[2026-05-28 10:51:11,183][root][INFO] - Finished replay epoch 4023/10000
| pretrain       | Iter: 0 | T: 7:09:39 | BS: 3392 | Batched Update FPS: 3.1688
[2026-05-28 10:51:16,426][root][INFO] - Finished replay epoch 4024/10000
[2026-05-28 10:51:21,680][root][INFO] - Finished replay epoch 4025/10000
[2026-05-28 10:51:26,862][root][INFO] - Finished replay epoch 4026/10000
| pretrain       | Iter: 0 | T: 7:09:59 | BS: 3392 | Batched Update FPS: 4.0079
[2026-05-28 10:51:32,075][root][INFO] - Finished replay epoch 4027/10000
[2026-05-28 10:51:37,282][root][INFO] - Finished replay epoch 4028/10000
[2026-05-28 10:51:42,472][root][INFO] - Finished replay epoch 4029/10000
[2026-05-28 10:51:47,666][root][INFO] - Finished replay epoch 4030/10000
| pretrain       | Iter: 0 | T: 7:10:19 | BS: 3392 | Batched Update FPS: 4.1993
[2026-05-28 10:51:52,898][root][INFO] - Finished replay epoch 4031/10000
[2026-05-28 10:51:58,156][root][INFO] - Finished replay epoch 4032/10000
[2026-05-28 10:52:03,393][root][INFO] - Finished replay epoch 4033/10000
[2026-05-28 10:52:08,563][root][INFO] - Finished replay epoch 4034/10000
| pretrain       | Iter: 0 | T: 7:10:39 | BS: 3392 | Batched Update FPS: 3.9183
[2026-05-28 10:52:13,851][root][INFO] - Finished replay epoch 4035/10000
[2026-05-28 10:52:19,026][root][INFO] - Finished replay epoch 4036/10000
[2026-05-28 10:52:24,213][root][INFO] - Finished replay epoch 4037/10000
[2026-05-28 10:52:29,439][root][INFO] - Finished replay epoch 4038/10000
| pretrain       | Iter: 0 | T: 7:10:59 | BS: 3392 | Batched Update FPS: 6.3972
wandb: WARNING `format` argument was not provided, defaulting to `gif`. This parameter will be required in v0.20.0, please specify the format explicitly.
wandb: Encoding video...
| pretrain_eval  | Iter: 0 | S: 105000 | E: 0 | L: 200 | R: 0.0000 | T: 7:13:22
[2026-05-28 10:55:01,807][root][INFO] - Finished replay epoch 4039/10000
[2026-05-28 10:55:06,579][root][INFO] - Finished replay epoch 4040/10000
[2026-05-28 10:55:11,510][root][INFO] - Finished replay epoch 4041/10000
[2026-05-28 10:55:16,267][root][INFO] - Finished replay epoch 4042/10000
| pretrain       | Iter: 0 | T: 7:13:45 | BS: 3392 | Batched Update FPS: 3.5603
[2026-05-28 10:55:21,045][root][INFO] - Finished replay epoch 4043/10000
[2026-05-28 10:55:26,279][root][INFO] - Finished replay epoch 4044/10000
[2026-05-28 10:55:31,521][root][INFO] - Finished replay epoch 4045/10000
[2026-05-28 10:55:36,261][root][INFO] - Finished replay epoch 4046/10000
| pretrain       | Iter: 0 | T: 7:14:04 | BS: 3392 | Batched Update FPS: 5.0187
[2026-05-28 10:55:40,986][root][INFO] - Finished replay epoch 4047/10000
[2026-05-28 10:55:45,961][root][INFO] - Finished replay epoch 4048/10000
[2026-05-28 10:55:50,680][root][INFO] - Finished replay epoch 4049/10000
[2026-05-28 10:55:55,653][root][INFO] - Finished replay epoch 4050/10000
| pretrain       | Iter: 0 | T: 7:14:23 | BS: 3392 | Batched Update FPS: 4.6968
[2026-05-28 10:56:00,405][root][INFO] - Finished replay epoch 4051/10000
[2026-05-28 10:56:05,393][root][INFO] - Finished replay epoch 4052/10000
[2026-05-28 10:56:10,579][root][INFO] - Finished replay epoch 4053/10000
| pretrain       | Iter: 0 | T: 7:14:42 | BS: 3392 | Batched Update FPS: 3.5789
[2026-05-28 10:56:15,825][root][INFO] - Finished replay epoch 4054/10000
[2026-05-28 10:56:21,130][root][INFO] - Finished replay epoch 4055/10000
[2026-05-28 10:56:26,420][root][INFO] - Finished replay epoch 4056/10000
[2026-05-28 10:56:31,637][root][INFO] - Finished replay epoch 4057/10000
| pretrain       | Iter: 0 | T: 7:15:02 | BS: 3392 | Batched Update FPS: 4.6562
[2026-05-28 10:56:36,747][root][INFO] - Finished replay epoch 4058/10000
[2026-05-28 10:56:41,847][root][INFO] - Finished replay epoch 4059/10000
[2026-05-28 10:56:47,044][root][INFO] - Finished replay epoch 4060/10000
[2026-05-28 10:56:52,280][root][INFO] - Finished replay epoch 4061/10000
| pretrain       | Iter: 0 | T: 7:15:22 | BS: 3392 | Batched Update FPS: 3.0571
[2026-05-28 10:56:57,503][root][INFO] - Finished replay epoch 4062/10000
[2026-05-28 10:57:02,794][root][INFO] - Finished replay epoch 4063/10000
[2026-05-28 10:57:07,980][root][INFO] - Finished replay epoch 4064/10000
[2026-05-28 10:57:13,255][root][INFO] - Finished replay epoch 4065/10000
| pretrain       | Iter: 0 | T: 7:15:43 | BS: 3392 | Batched Update FPS: 3.9667
[2026-05-28 10:57:18,585][root][INFO] - Finished replay epoch 4066/10000
[2026-05-28 10:57:23,776][root][INFO] - Finished replay epoch 4067/10000
[2026-05-28 10:57:28,946][root][INFO] - Finished replay epoch 4068/10000
[2026-05-28 10:57:34,265][root][INFO] - Finished replay epoch 4069/10000
| pretrain       | Iter: 0 | T: 7:16:03 | BS: 3392 | Batched Update FPS: 4.0801
[2026-05-28 10:57:39,457][root][INFO] - Finished replay epoch 4070/10000
[2026-05-28 10:57:44,721][root][INFO] - Finished replay epoch 4071/10000
[2026-05-28 10:57:49,830][root][INFO] - Finished replay epoch 4072/10000
[2026-05-28 10:57:54,586][root][INFO] - Finished replay epoch 4073/10000
| pretrain       | Iter: 0 | T: 7:16:22 | BS: 3392 | Batched Update FPS: 3.1932
[2026-05-28 10:57:59,546][root][INFO] - Finished replay epoch 4074/10000
[2026-05-28 10:58:04,354][root][INFO] - Finished replay epoch 4075/10000
[2026-05-28 10:58:09,385][root][INFO] - Finished replay epoch 4076/10000
| pretrain       | Iter: 0 | T: 7:16:41 | BS: 3392 | Batched Update FPS: 6.2588
[2026-05-28 10:58:14,723][root][INFO] - Finished replay epoch 4077/10000
[2026-05-28 10:58:19,555][root][INFO] - Finished replay epoch 4078/10000
[2026-05-28 10:58:24,655][root][INFO] - Finished replay epoch 4079/10000
[2026-05-28 10:58:29,742][root][INFO] - Finished replay epoch 4080/10000
| pretrain       | Iter: 0 | T: 7:17:01 | BS: 3392 | Batched Update FPS: 4.6423
[2026-05-28 10:58:34,862][root][INFO] - Finished replay epoch 4081/10000
[2026-05-28 10:58:40,064][root][INFO] - Finished replay epoch 4082/10000
[2026-05-28 10:58:44,827][root][INFO] - Finished replay epoch 4083/10000
[2026-05-28 10:58:49,693][root][INFO] - Finished replay epoch 4084/10000
| pretrain       | Iter: 0 | T: 7:17:20 | BS: 3392 | Batched Update FPS: 3.5065
[2026-05-28 10:58:54,511][root][INFO] - Finished replay epoch 4085/10000
[2026-05-28 10:58:59,415][root][INFO] - Finished replay epoch 4086/10000
[2026-05-28 10:59:04,266][root][INFO] - Finished replay epoch 4087/10000
[2026-05-28 10:59:09,324][root][INFO] - Finished replay epoch 4088/10000
| pretrain       | Iter: 0 | T: 7:17:39 | BS: 3392 | Batched Update FPS: 3.0167
[2026-05-28 10:59:14,503][root][INFO] - Finished replay epoch 4089/10000
[2026-05-28 10:59:19,657][root][INFO] - Finished replay epoch 4090/10000
[2026-05-28 10:59:24,633][root][INFO] - Finished replay epoch 4091/10000
[2026-05-28 10:59:29,353][root][INFO] - Finished replay epoch 4092/10000
| pretrain       | Iter: 0 | T: 7:17:58 | BS: 3392 | Batched Update FPS: 5.2902
[2026-05-28 10:59:34,337][root][INFO] - Finished replay epoch 4093/10000
[2026-05-28 10:59:39,096][root][INFO] - Finished replay epoch 4094/10000
[2026-05-28 10:59:43,830][root][INFO] - Finished replay epoch 4095/10000
[2026-05-28 10:59:48,588][root][INFO] - Finished replay epoch 4096/10000
| pretrain       | Iter: 0 | T: 7:18:16 | BS: 3392 | Batched Update FPS: 5.3288
[2026-05-28 10:59:53,214][root][INFO] - Finished replay epoch 4097/10000
[2026-05-28 10:59:58,143][root][INFO] - Finished replay epoch 4098/10000
[2026-05-28 11:00:03,382][root][INFO] - Finished replay epoch 4099/10000
[2026-05-28 11:00:08,590][root][INFO] - Finished replay epoch 4100/10000
| pretrain       | Iter: 0 | T: 7:18:36 | BS: 3392 | Batched Update FPS: 3.8207
[2026-05-28 11:00:13,808][root][INFO] - Finished replay epoch 4101/10000
[2026-05-28 11:00:19,044][root][INFO] - Finished replay epoch 4102/10000
[2026-05-28 11:00:24,293][root][INFO] - Finished replay epoch 4103/10000
| pretrain       | Iter: 0 | T: 7:18:56 | BS: 3392 | Batched Update FPS: 3.1854
[2026-05-28 11:00:29,529][root][INFO] - Finished replay epoch 4104/10000
[2026-05-28 11:00:34,743][root][INFO] - Finished replay epoch 4105/10000
[2026-05-28 11:00:39,904][root][INFO] - Finished replay epoch 4106/10000
[2026-05-28 11:00:45,100][root][INFO] - Finished replay epoch 4107/10000
| pretrain       | Iter: 0 | T: 7:19:16 | BS: 3392 | Batched Update FPS: 4.2253
[2026-05-28 11:00:50,270][root][INFO] - Finished replay epoch 4108/10000
[2026-05-28 11:00:55,516][root][INFO] - Finished replay epoch 4109/10000
[2026-05-28 11:01:00,691][root][INFO] - Finished replay epoch 4110/10000
[2026-05-28 11:01:05,904][root][INFO] - Finished replay epoch 4111/10000
| pretrain       | Iter: 0 | T: 7:19:36 | BS: 3392 | Batched Update FPS: 4.0684
[2026-05-28 11:01:11,161][root][INFO] - Finished replay epoch 4112/10000
[2026-05-28 11:01:16,316][root][INFO] - Finished replay epoch 4113/10000
[2026-05-28 11:01:21,588][root][INFO] - Finished replay epoch 4114/10000
[2026-05-28 11:01:26,868][root][INFO] - Finished replay epoch 4115/10000
| pretrain       | Iter: 0 | T: 7:19:56 | BS: 3392 | Batched Update FPS: 5.7347
[2026-05-28 11:01:32,306][root][INFO] - Finished replay epoch 4116/10000
[2026-05-28 11:01:37,542][root][INFO] - Finished replay epoch 4117/10000
[2026-05-28 11:01:42,753][root][INFO] - Finished replay epoch 4118/10000
[2026-05-28 11:01:47,944][root][INFO] - Finished replay epoch 4119/10000
| pretrain       | Iter: 0 | T: 7:20:16 | BS: 3392 | Batched Update FPS: 3.2241
[2026-05-28 11:01:53,172][root][INFO] - Finished replay epoch 4120/10000
[2026-05-28 11:01:58,435][root][INFO] - Finished replay epoch 4121/10000
[2026-05-28 11:02:02,391][root][INFO] - Finished replay epoch 4122/10000
[2026-05-28 11:02:06,273][root][INFO] - Finished replay epoch 4123/10000
| pretrain       | Iter: 0 | T: 7:20:34 | BS: 3392 | Batched Update FPS: 4.9462
[2026-05-28 11:02:10,198][root][INFO] - Finished replay epoch 4124/10000
[2026-05-28 11:02:14,075][root][INFO] - Finished replay epoch 4125/10000
[2026-05-28 11:02:17,987][root][INFO] - Finished replay epoch 4126/10000
| pretrain       | Iter: 0 | T: 7:20:49 | BS: 3392 | Batched Update FPS: 4.8595
[2026-05-28 11:02:21,894][root][INFO] - Finished replay epoch 4127/10000
[2026-05-28 11:02:25,816][root][INFO] - Finished replay epoch 4128/10000
[2026-05-28 11:02:29,494][root][INFO] - Finished replay epoch 4129/10000
[2026-05-28 11:02:33,119][root][INFO] - Finished replay epoch 4130/10000
| pretrain       | Iter: 0 | T: 7:21:03 | BS: 3392 | Batched Update FPS: 5.2872
[2026-05-28 11:02:36,846][root][INFO] - Finished replay epoch 4131/10000
[2026-05-28 11:02:40,591][root][INFO] - Finished replay epoch 4132/10000
[2026-05-28 11:02:44,439][root][INFO] - Finished replay epoch 4133/10000
[2026-05-28 11:02:48,198][root][INFO] - Finished replay epoch 4134/10000
| pretrain       | Iter: 0 | T: 7:21:18 | BS: 3392 | Batched Update FPS: 5.5100
wandb: WARNING `format` argument was not provided, defaulting to `gif`. This parameter will be required in v0.20.0, please specify the format explicitly.
wandb: Encoding video...
| pretrain_eval  | Iter: 0 | S: 107500 | E: 0 | L: 200 | R: 0.0000 | T: 7:23:07
[2026-05-28 11:04:45,765][root][INFO] - Finished replay epoch 4135/10000
[2026-05-28 11:04:49,537][root][INFO] - Finished replay epoch 4136/10000
[2026-05-28 11:04:53,281][root][INFO] - Finished replay epoch 4137/10000
[2026-05-28 11:04:56,936][root][INFO] - Finished replay epoch 4138/10000
| pretrain       | Iter: 0 | T: 7:23:26 | BS: 3392 | Batched Update FPS: 5.1038
[2026-05-28 11:05:00,613][root][INFO] - Finished replay epoch 4139/10000
[2026-05-28 11:05:04,195][root][INFO] - Finished replay epoch 4140/10000
[2026-05-28 11:05:07,851][root][INFO] - Finished replay epoch 4141/10000
[2026-05-28 11:05:11,538][root][INFO] - Finished replay epoch 4142/10000
| pretrain       | Iter: 0 | T: 7:23:40 | BS: 3392 | Batched Update FPS: 5.3368
[2026-05-28 11:05:15,094][root][INFO] - Finished replay epoch 4143/10000
[2026-05-28 11:05:18,902][root][INFO] - Finished replay epoch 4144/10000
[2026-05-28 11:05:22,796][root][INFO] - Finished replay epoch 4145/10000
[2026-05-28 11:05:26,654][root][INFO] - Finished replay epoch 4146/10000
| pretrain       | Iter: 0 | T: 7:23:54 | BS: 3392 | Batched Update FPS: 4.8790
[2026-05-28 11:05:30,609][root][INFO] - Finished replay epoch 4147/10000
[2026-05-28 11:05:34,499][root][INFO] - Finished replay epoch 4148/10000
[2026-05-28 11:05:38,312][root][INFO] - Finished replay epoch 4149/10000
[2026-05-28 11:05:42,144][root][INFO] - Finished replay epoch 4150/10000
| pretrain       | Iter: 0 | T: 7:24:09 | BS: 3392 | Batched Update FPS: 5.2697
[2026-05-28 11:05:46,025][root][INFO] - Finished replay epoch 4151/10000
[2026-05-28 11:05:49,723][root][INFO] - Finished replay epoch 4152/10000
[2026-05-28 11:05:53,521][root][INFO] - Finished replay epoch 4153/10000
| pretrain       | Iter: 0 | T: 7:24:24 | BS: 3392 | Batched Update FPS: 6.0184
[2026-05-28 11:05:57,497][root][INFO] - Finished replay epoch 4154/10000
[2026-05-28 11:06:01,176][root][INFO] - Finished replay epoch 4155/10000
[2026-05-28 11:06:04,990][root][INFO] - Finished replay epoch 4156/10000
[2026-05-28 11:06:08,719][root][INFO] - Finished replay epoch 4157/10000
| pretrain       | Iter: 0 | T: 7:24:38 | BS: 3392 | Batched Update FPS: 5.1600
[2026-05-28 11:06:12,488][root][INFO] - Finished replay epoch 4158/10000
[2026-05-28 11:06:16,111][root][INFO] - Finished replay epoch 4159/10000
[2026-05-28 11:06:19,852][root][INFO] - Finished replay epoch 4160/10000
[2026-05-28 11:06:23,671][root][INFO] - Finished replay epoch 4161/10000
| pretrain       | Iter: 0 | T: 7:24:53 | BS: 3392 | Batched Update FPS: 5.2093
[2026-05-28 11:06:27,335][root][INFO] - Finished replay epoch 4162/10000
[2026-05-28 11:06:31,112][root][INFO] - Finished replay epoch 4163/10000
[2026-05-28 11:06:35,012][root][INFO] - Finished replay epoch 4164/10000
[2026-05-28 11:06:38,918][root][INFO] - Finished replay epoch 4165/10000
| pretrain       | Iter: 0 | T: 7:25:08 | BS: 3392 | Batched Update FPS: 5.0401
[2026-05-28 11:06:42,806][root][INFO] - Finished replay epoch 4166/10000
[2026-05-28 11:06:46,661][root][INFO] - Finished replay epoch 4167/10000
[2026-05-28 11:06:50,585][root][INFO] - Finished replay epoch 4168/10000
[2026-05-28 11:06:54,428][root][INFO] - Finished replay epoch 4169/10000
| pretrain       | Iter: 0 | T: 7:25:22 | BS: 3392 | Batched Update FPS: 5.0169
[2026-05-28 11:06:58,148][root][INFO] - Finished replay epoch 4170/10000
[2026-05-28 11:07:01,864][root][INFO] - Finished replay epoch 4171/10000
[2026-05-28 11:07:05,437][root][INFO] - Finished replay epoch 4172/10000
[2026-05-28 11:07:09,057][root][INFO] - Finished replay epoch 4173/10000
| pretrain       | Iter: 0 | T: 7:25:36 | BS: 3392 | Batched Update FPS: 5.3168
[2026-05-28 11:07:12,691][root][INFO] - Finished replay epoch 4174/10000
[2026-05-28 11:07:16,514][root][INFO] - Finished replay epoch 4175/10000
[2026-05-28 11:07:20,407][root][INFO] - Finished replay epoch 4176/10000
| pretrain       | Iter: 0 | T: 7:25:51 | BS: 3392 | Batched Update FPS: 4.9679
[2026-05-28 11:07:24,340][root][INFO] - Finished replay epoch 4177/10000
[2026-05-28 11:07:28,191][root][INFO] - Finished replay epoch 4178/10000
[2026-05-28 11:07:32,024][root][INFO] - Finished replay epoch 4179/10000
[2026-05-28 11:07:35,972][root][INFO] - Finished replay epoch 4180/10000
| pretrain       | Iter: 0 | T: 7:26:06 | BS: 3392 | Batched Update FPS: 5.1737
[2026-05-28 11:07:39,889][root][INFO] - Finished replay epoch 4181/10000
[2026-05-28 11:07:43,707][root][INFO] - Finished replay epoch 4182/10000
[2026-05-28 11:07:47,335][root][INFO] - Finished replay epoch 4183/10000
[2026-05-28 11:07:50,916][root][INFO] - Finished replay epoch 4184/10000
| pretrain       | Iter: 0 | T: 7:26:20 | BS: 3392 | Batched Update FPS: 5.2616
[2026-05-28 11:07:54,611][root][INFO] - Finished replay epoch 4185/10000
[2026-05-28 11:07:58,445][root][INFO] - Finished replay epoch 4186/10000
[2026-05-28 11:08:02,305][root][INFO] - Finished replay epoch 4187/10000
[2026-05-28 11:08:05,944][root][INFO] - Finished replay epoch 4188/10000
| pretrain       | Iter: 0 | T: 7:26:35 | BS: 3392 | Batched Update FPS: 5.4981
[2026-05-28 11:08:09,710][root][INFO] - Finished replay epoch 4189/10000
[2026-05-28 11:08:13,570][root][INFO] - Finished replay epoch 4190/10000
[2026-05-28 11:08:17,484][root][INFO] - Finished replay epoch 4191/10000
[2026-05-28 11:08:21,387][root][INFO] - Finished replay epoch 4192/10000
| pretrain       | Iter: 0 | T: 7:26:50 | BS: 3392 | Batched Update FPS: 5.9018
[2026-05-28 11:08:25,515][root][INFO] - Finished replay epoch 4193/10000
[2026-05-28 11:08:29,391][root][INFO] - Finished replay epoch 4194/10000
[2026-05-28 11:08:33,206][root][INFO] - Finished replay epoch 4195/10000
[2026-05-28 11:08:38,284][root][INFO] - Finished replay epoch 4196/10000
| pretrain       | Iter: 0 | T: 7:27:06 | BS: 3392 | Batched Update FPS: 4.0893
[2026-05-28 11:08:43,466][root][INFO] - Finished replay epoch 4197/10000
[2026-05-28 11:08:48,557][root][INFO] - Finished replay epoch 4198/10000
[2026-05-28 11:08:53,363][root][INFO] - Finished replay epoch 4199/10000
[2026-05-28 11:08:58,087][root][INFO] - Finished replay epoch 4200/10000
| pretrain       | Iter: 0 | T: 7:27:25 | BS: 3392 | Batched Update FPS: 3.4898
[2026-05-28 11:09:03,154][root][INFO] - Finished replay epoch 4201/10000
[2026-05-28 11:09:08,262][root][INFO] - Finished replay epoch 4202/10000
[2026-05-28 11:09:13,268][root][INFO] - Finished replay epoch 4203/10000
| pretrain       | Iter: 0 | T: 7:27:45 | BS: 3392 | Batched Update FPS: 3.1744
[2026-05-28 11:09:18,268][root][INFO] - Finished replay epoch 4204/10000
[2026-05-28 11:09:23,102][root][INFO] - Finished replay epoch 4205/10000
[2026-05-28 11:09:27,916][root][INFO] - Finished replay epoch 4206/10000
[2026-05-28 11:09:32,860][root][INFO] - Finished replay epoch 4207/10000
| pretrain       | Iter: 0 | T: 7:28:04 | BS: 3392 | Batched Update FPS: 3.1978
[2026-05-28 11:09:37,988][root][INFO] - Finished replay epoch 4208/10000
[2026-05-28 11:09:43,099][root][INFO] - Finished replay epoch 4209/10000
[2026-05-28 11:09:48,238][root][INFO] - Finished replay epoch 4210/10000
[2026-05-28 11:09:53,500][root][INFO] - Finished replay epoch 4211/10000
| pretrain       | Iter: 0 | T: 7:28:24 | BS: 3392 | Batched Update FPS: 3.8353
[2026-05-28 11:09:58,732][root][INFO] - Finished replay epoch 4212/10000
[2026-05-28 11:10:03,558][root][INFO] - Finished replay epoch 4213/10000
[2026-05-28 11:10:08,414][root][INFO] - Finished replay epoch 4214/10000
[2026-05-28 11:10:13,361][root][INFO] - Finished replay epoch 4215/10000
| pretrain       | Iter: 0 | T: 7:28:42 | BS: 3392 | Batched Update FPS: 4.1009
[2026-05-28 11:10:18,280][root][INFO] - Finished replay epoch 4216/10000
[2026-05-28 11:10:23,044][root][INFO] - Finished replay epoch 4217/10000
[2026-05-28 11:10:28,006][root][INFO] - Finished replay epoch 4218/10000
[2026-05-28 11:10:33,254][root][INFO] - Finished replay epoch 4219/10000
| pretrain       | Iter: 0 | T: 7:29:02 | BS: 3392 | Batched Update FPS: 5.0401
[2026-05-28 11:10:38,537][root][INFO] - Finished replay epoch 4220/10000
[2026-05-28 11:10:43,571][root][INFO] - Finished replay epoch 4221/10000
[2026-05-28 11:10:48,365][root][INFO] - Finished replay epoch 4222/10000
[2026-05-28 11:10:53,171][root][INFO] - Finished replay epoch 4223/10000
| pretrain       | Iter: 0 | T: 7:29:21 | BS: 3392 | Batched Update FPS: 3.2179
[2026-05-28 11:10:58,156][root][INFO] - Finished replay epoch 4224/10000
[2026-05-28 11:11:02,945][root][INFO] - Finished replay epoch 4225/10000
[2026-05-28 11:11:08,018][root][INFO] - Finished replay epoch 4226/10000
| pretrain       | Iter: 0 | T: 7:29:40 | BS: 3392 | Batched Update FPS: 3.8505
[2026-05-28 11:11:13,235][root][INFO] - Finished replay epoch 4227/10000
[2026-05-28 11:11:18,546][root][INFO] - Finished replay epoch 4228/10000
[2026-05-28 11:11:23,723][root][INFO] - Finished replay epoch 4229/10000
[2026-05-28 11:11:28,928][root][INFO] - Finished replay epoch 4230/10000
| pretrain       | Iter: 0 | T: 7:30:01 | BS: 3392 | Batched Update FPS: 4.1484
wandb: WARNING `format` argument was not provided, defaulting to `gif`. This parameter will be required in v0.20.0, please specify the format explicitly.
wandb: Encoding video...
| pretrain_eval  | Iter: 0 | S: 110000 | E: 0 | L: 200 | R: 0.0000 | T: 7:32:21
[2026-05-28 11:13:59,633][root][INFO] - Finished replay epoch 4231/10000
[2026-05-28 11:14:04,820][root][INFO] - Finished replay epoch 4232/10000
[2026-05-28 11:14:10,042][root][INFO] - Finished replay epoch 4233/10000
[2026-05-28 11:14:15,232][root][INFO] - Finished replay epoch 4234/10000
| pretrain       | Iter: 0 | T: 7:32:46 | BS: 3392 | Batched Update FPS: 3.0368
[2026-05-28 11:14:20,462][root][INFO] - Finished replay epoch 4235/10000
[2026-05-28 11:14:25,725][root][INFO] - Finished replay epoch 4236/10000
[2026-05-28 11:14:30,863][root][INFO] - Finished replay epoch 4237/10000
[2026-05-28 11:14:35,994][root][INFO] - Finished replay epoch 4238/10000
| pretrain       | Iter: 0 | T: 7:33:06 | BS: 3392 | Batched Update FPS: 5.0786
[2026-05-28 11:14:41,332][root][INFO] - Finished replay epoch 4239/10000
[2026-05-28 11:14:46,539][root][INFO] - Finished replay epoch 4240/10000
[2026-05-28 11:14:51,799][root][INFO] - Finished replay epoch 4241/10000
[2026-05-28 11:14:57,023][root][INFO] - Finished replay epoch 4242/10000
| pretrain       | Iter: 0 | T: 7:33:26 | BS: 3392 | Batched Update FPS: 3.7540
[2026-05-28 11:15:02,125][root][INFO] - Finished replay epoch 4243/10000
[2026-05-28 11:15:07,338][root][INFO] - Finished replay epoch 4244/10000
[2026-05-28 11:15:12,542][root][INFO] - Finished replay epoch 4245/10000
[2026-05-28 11:15:17,763][root][INFO] - Finished replay epoch 4246/10000
| pretrain       | Iter: 0 | T: 7:33:46 | BS: 3392 | Batched Update FPS: 4.0562
[2026-05-28 11:15:23,024][root][INFO] - Finished replay epoch 4247/10000
[2026-05-28 11:15:28,145][root][INFO] - Finished replay epoch 4248/10000
[2026-05-28 11:15:33,341][root][INFO] - Finished replay epoch 4249/10000
[2026-05-28 11:15:38,607][root][INFO] - Finished replay epoch 4250/10000
| pretrain       | Iter: 0 | T: 7:34:06 | BS: 3392 | Batched Update FPS: 4.0886
[2026-05-28 11:15:43,879][root][INFO] - Finished replay epoch 4251/10000
[2026-05-28 11:15:49,030][root][INFO] - Finished replay epoch 4252/10000
[2026-05-28 11:15:54,314][root][INFO] - Finished replay epoch 4253/10000
| pretrain       | Iter: 0 | T: 7:34:26 | BS: 3392 | Batched Update FPS: 3.9033
[2026-05-28 11:15:59,538][root][INFO] - Finished replay epoch 4254/10000
[2026-05-28 11:16:04,740][root][INFO] - Finished replay epoch 4255/10000
[2026-05-28 11:16:09,954][root][INFO] - Finished replay epoch 4256/10000
[2026-05-28 11:16:15,032][root][INFO] - Finished replay epoch 4257/10000
| pretrain       | Iter: 0 | T: 7:34:45 | BS: 3392 | Batched Update FPS: 5.3599
[2026-05-28 11:16:19,666][root][INFO] - Finished replay epoch 4258/10000
[2026-05-28 11:16:24,958][root][INFO] - Finished replay epoch 4259/10000
[2026-05-28 11:16:30,213][root][INFO] - Finished replay epoch 4260/10000
[2026-05-28 11:16:35,307][root][INFO] - Finished replay epoch 4261/10000
| pretrain       | Iter: 0 | T: 7:35:05 | BS: 3392 | Batched Update FPS: 5.1835
[2026-05-28 11:16:40,177][root][INFO] - Finished replay epoch 4262/10000
[2026-05-28 11:16:45,182][root][INFO] - Finished replay epoch 4263/10000
[2026-05-28 11:16:50,231][root][INFO] - Finished replay epoch 4264/10000
[2026-05-28 11:16:55,621][root][INFO] - Finished replay epoch 4265/10000
| pretrain       | Iter: 0 | T: 7:35:25 | BS: 3392 | Batched Update FPS: 2.7044
[2026-05-28 11:17:01,319][root][INFO] - Finished replay epoch 4266/10000
[2026-05-28 11:17:06,612][root][INFO] - Finished replay epoch 4267/10000
[2026-05-28 11:17:11,820][root][INFO] - Finished replay epoch 4268/10000
[2026-05-28 11:17:16,695][root][INFO] - Finished replay epoch 4269/10000
| pretrain       | Iter: 0 | T: 7:35:45 | BS: 3392 | Batched Update FPS: 4.1618
[2026-05-28 11:17:21,892][root][INFO] - Finished replay epoch 4270/10000
[2026-05-28 11:17:26,864][root][INFO] - Finished replay epoch 4271/10000
[2026-05-28 11:17:31,691][root][INFO] - Finished replay epoch 4272/10000
[2026-05-28 11:17:36,847][root][INFO] - Finished replay epoch 4273/10000
| pretrain       | Iter: 0 | T: 7:36:04 | BS: 3392 | Batched Update FPS: 4.4550
[2026-05-28 11:17:41,948][root][INFO] - Finished replay epoch 4274/10000
[2026-05-28 11:17:46,832][root][INFO] - Finished replay epoch 4275/10000
[2026-05-28 11:17:51,821][root][INFO] - Finished replay epoch 4276/10000
| pretrain       | Iter: 0 | T: 7:36:24 | BS: 3392 | Batched Update FPS: 5.0775
[2026-05-28 11:17:57,050][root][INFO] - Finished replay epoch 4277/10000
[2026-05-28 11:18:02,232][root][INFO] - Finished replay epoch 4278/10000
[2026-05-28 11:18:07,421][root][INFO] - Finished replay epoch 4279/10000
[2026-05-28 11:18:12,484][root][INFO] - Finished replay epoch 4280/10000
| pretrain       | Iter: 0 | T: 7:36:43 | BS: 3392 | Batched Update FPS: 5.4989
[2026-05-28 11:18:17,394][root][INFO] - Finished replay epoch 4281/10000
[2026-05-28 11:18:22,470][root][INFO] - Finished replay epoch 4282/10000
[2026-05-28 11:18:27,472][root][INFO] - Finished replay epoch 4283/10000
[2026-05-28 11:18:32,572][root][INFO] - Finished replay epoch 4284/10000
| pretrain       | Iter: 0 | T: 7:37:03 | BS: 3392 | Batched Update FPS: 3.3616
[2026-05-28 11:18:37,841][root][INFO] - Finished replay epoch 4285/10000
[2026-05-28 11:18:42,935][root][INFO] - Finished replay epoch 4286/10000
[2026-05-28 11:18:48,117][root][INFO] - Finished replay epoch 4287/10000
[2026-05-28 11:18:53,203][root][INFO] - Finished replay epoch 4288/10000
| pretrain       | Iter: 0 | T: 7:37:23 | BS: 3392 | Batched Update FPS: 3.0819
[2026-05-28 11:18:58,146][root][INFO] - Finished replay epoch 4289/10000
[2026-05-28 11:19:03,441][root][INFO] - Finished replay epoch 4290/10000
[2026-05-28 11:19:08,725][root][INFO] - Finished replay epoch 4291/10000
[2026-05-28 11:19:13,928][root][INFO] - Finished replay epoch 4292/10000
| pretrain       | Iter: 0 | T: 7:37:43 | BS: 3392 | Batched Update FPS: 3.3217
[2026-05-28 11:19:19,197][root][INFO] - Finished replay epoch 4293/10000
[2026-05-28 11:19:24,480][root][INFO] - Finished replay epoch 4294/10000
[2026-05-28 11:19:29,686][root][INFO] - Finished replay epoch 4295/10000
[2026-05-28 11:19:34,947][root][INFO] - Finished replay epoch 4296/10000
| pretrain       | Iter: 0 | T: 7:38:03 | BS: 3392 | Batched Update FPS: 3.5786
[2026-05-28 11:19:40,217][root][INFO] - Finished replay epoch 4297/10000
[2026-05-28 11:19:45,419][root][INFO] - Finished replay epoch 4298/10000
[2026-05-28 11:19:50,686][root][INFO] - Finished replay epoch 4299/10000
[2026-05-28 11:19:55,901][root][INFO] - Finished replay epoch 4300/10000
| pretrain       | Iter: 0 | T: 7:38:23 | BS: 3392 | Batched Update FPS: 3.5364
[2026-05-28 11:20:01,112][root][INFO] - Finished replay epoch 4301/10000
[2026-05-28 11:20:06,392][root][INFO] - Finished replay epoch 4302/10000
[2026-05-28 11:20:11,632][root][INFO] - Finished replay epoch 4303/10000
| pretrain       | Iter: 0 | T: 7:38:43 | BS: 3392 | Batched Update FPS: 3.1644
[2026-05-28 11:20:16,943][root][INFO] - Finished replay epoch 4304/10000
[2026-05-28 11:20:22,175][root][INFO] - Finished replay epoch 4305/10000
[2026-05-28 11:20:27,386][root][INFO] - Finished replay epoch 4306/10000
[2026-05-28 11:20:32,655][root][INFO] - Finished replay epoch 4307/10000
| pretrain       | Iter: 0 | T: 7:39:04 | BS: 3392 | Batched Update FPS: 4.8772
[2026-05-28 11:20:37,988][root][INFO] - Finished replay epoch 4308/10000
[2026-05-28 11:20:43,233][root][INFO] - Finished replay epoch 4309/10000
[2026-05-28 11:20:48,424][root][INFO] - Finished replay epoch 4310/10000
[2026-05-28 11:20:53,665][root][INFO] - Finished replay epoch 4311/10000
| pretrain       | Iter: 0 | T: 7:39:24 | BS: 3392 | Batched Update FPS: 3.1638
[2026-05-28 11:20:58,954][root][INFO] - Finished replay epoch 4312/10000
[2026-05-28 11:21:04,171][root][INFO] - Finished replay epoch 4313/10000
[2026-05-28 11:21:09,410][root][INFO] - Finished replay epoch 4314/10000
[2026-05-28 11:21:14,598][root][INFO] - Finished replay epoch 4315/10000
| pretrain       | Iter: 0 | T: 7:39:44 | BS: 3392 | Batched Update FPS: 4.0921
[2026-05-28 11:21:19,874][root][INFO] - Finished replay epoch 4316/10000
[2026-05-28 11:21:25,100][root][INFO] - Finished replay epoch 4317/10000
[2026-05-28 11:21:30,273][root][INFO] - Finished replay epoch 4318/10000
[2026-05-28 11:21:35,512][root][INFO] - Finished replay epoch 4319/10000
| pretrain       | Iter: 0 | T: 7:40:04 | BS: 3392 | Batched Update FPS: 4.0118
[2026-05-28 11:21:40,750][root][INFO] - Finished replay epoch 4320/10000
[2026-05-28 11:21:46,004][root][INFO] - Finished replay epoch 4321/10000
[2026-05-28 11:21:51,204][root][INFO] - Finished replay epoch 4322/10000
[2026-05-28 11:21:56,454][root][INFO] - Finished replay epoch 4323/10000
| pretrain       | Iter: 0 | T: 7:40:24 | BS: 3392 | Batched Update FPS: 3.2967
[2026-05-28 11:22:01,707][root][INFO] - Finished replay epoch 4324/10000
[2026-05-28 11:22:06,965][root][INFO] - Finished replay epoch 4325/10000
[2026-05-28 11:22:12,205][root][INFO] - Finished replay epoch 4326/10000
| pretrain       | Iter: 0 | T: 7:40:44 | BS: 3392 | Batched Update FPS: 4.0173
wandb: WARNING `format` argument was not provided, defaulting to `gif`. This parameter will be required in v0.20.0, please specify the format explicitly.
wandb: Encoding video...
| pretrain_eval  | Iter: 0 | S: 112500 | E: 0 | L: 200 | R: 0.0000 | T: 7:42:57
[2026-05-28 11:24:34,616][root][INFO] - Finished replay epoch 4327/10000
[2026-05-28 11:24:38,503][root][INFO] - Finished replay epoch 4328/10000
[2026-05-28 11:24:42,465][root][INFO] - Finished replay epoch 4329/10000
[2026-05-28 11:24:46,347][root][INFO] - Finished replay epoch 4330/10000
| pretrain       | Iter: 0 | T: 7:43:17 | BS: 3392 | Batched Update FPS: 5.0073
[2026-05-28 11:24:50,296][root][INFO] - Finished replay epoch 4331/10000
[2026-05-28 11:24:53,980][root][INFO] - Finished replay epoch 4332/10000
[2026-05-28 11:24:57,672][root][INFO] - Finished replay epoch 4333/10000
[2026-05-28 11:25:01,543][root][INFO] - Finished replay epoch 4334/10000
| pretrain       | Iter: 0 | T: 7:43:31 | BS: 3392 | Batched Update FPS: 5.0941
[2026-05-28 11:25:05,375][root][INFO] - Finished replay epoch 4335/10000
[2026-05-28 11:25:09,006][root][INFO] - Finished replay epoch 4336/10000
[2026-05-28 11:25:12,686][root][INFO] - Finished replay epoch 4337/10000
[2026-05-28 11:25:16,363][root][INFO] - Finished replay epoch 4338/10000
| pretrain       | Iter: 0 | T: 7:43:45 | BS: 3392 | Batched Update FPS: 5.2476
[2026-05-28 11:25:20,027][root][INFO] - Finished replay epoch 4339/10000
[2026-05-28 11:25:23,672][root][INFO] - Finished replay epoch 4340/10000
[2026-05-28 11:25:27,382][root][INFO] - Finished replay epoch 4341/10000
[2026-05-28 11:25:31,118][root][INFO] - Finished replay epoch 4342/10000
| pretrain       | Iter: 0 | T: 7:43:59 | BS: 3392 | Batched Update FPS: 5.0792
[2026-05-28 11:25:34,933][root][INFO] - Finished replay epoch 4343/10000
[2026-05-28 11:25:38,593][root][INFO] - Finished replay epoch 4344/10000
[2026-05-28 11:25:42,218][root][INFO] - Finished replay epoch 4345/10000
[2026-05-28 11:25:45,905][root][INFO] - Finished replay epoch 4346/10000
| pretrain       | Iter: 0 | T: 7:44:14 | BS: 3392 | Batched Update FPS: 6.4322
[2026-05-28 11:25:49,905][root][INFO] - Finished replay epoch 4347/10000
[2026-05-28 11:25:53,633][root][INFO] - Finished replay epoch 4348/10000
[2026-05-28 11:25:57,559][root][INFO] - Finished replay epoch 4349/10000
[2026-05-28 11:26:01,441][root][INFO] - Finished replay epoch 4350/10000
| pretrain       | Iter: 0 | T: 7:44:29 | BS: 3392 | Batched Update FPS: 4.9863
[2026-05-28 11:26:05,343][root][INFO] - Finished replay epoch 4351/10000
[2026-05-28 11:26:09,213][root][INFO] - Finished replay epoch 4352/10000
[2026-05-28 11:26:13,076][root][INFO] - Finished replay epoch 4353/10000
| pretrain       | Iter: 0 | T: 7:44:44 | BS: 3392 | Batched Update FPS: 4.9535
[2026-05-28 11:26:16,981][root][INFO] - Finished replay epoch 4354/10000
[2026-05-28 11:26:20,800][root][INFO] - Finished replay epoch 4355/10000
[2026-05-28 11:26:24,765][root][INFO] - Finished replay epoch 4356/10000
[2026-05-28 11:26:28,644][root][INFO] - Finished replay epoch 4357/10000
| pretrain       | Iter: 0 | T: 7:44:59 | BS: 3392 | Batched Update FPS: 4.8695
[2026-05-28 11:26:32,575][root][INFO] - Finished replay epoch 4358/10000
[2026-05-28 11:26:36,519][root][INFO] - Finished replay epoch 4359/10000
[2026-05-28 11:26:40,429][root][INFO] - Finished replay epoch 4360/10000
[2026-05-28 11:26:44,421][root][INFO] - Finished replay epoch 4361/10000
| pretrain       | Iter: 0 | T: 7:45:14 | BS: 3392 | Batched Update FPS: 5.0515
[2026-05-28 11:26:48,323][root][INFO] - Finished replay epoch 4362/10000
[2026-05-28 11:26:52,214][root][INFO] - Finished replay epoch 4363/10000
[2026-05-28 11:26:56,112][root][INFO] - Finished replay epoch 4364/10000
[2026-05-28 11:27:00,055][root][INFO] - Finished replay epoch 4365/10000
| pretrain       | Iter: 0 | T: 7:45:29 | BS: 3392 | Batched Update FPS: 4.9000
[2026-05-28 11:27:03,987][root][INFO] - Finished replay epoch 4366/10000
[2026-05-28 11:27:07,863][root][INFO] - Finished replay epoch 4367/10000
[2026-05-28 11:27:11,780][root][INFO] - Finished replay epoch 4368/10000
[2026-05-28 11:27:15,721][root][INFO] - Finished replay epoch 4369/10000
| pretrain       | Iter: 0 | T: 7:45:44 | BS: 3392 | Batched Update FPS: 5.0712
[2026-05-28 11:27:19,646][root][INFO] - Finished replay epoch 4370/10000
[2026-05-28 11:27:23,628][root][INFO] - Finished replay epoch 4371/10000
[2026-05-28 11:27:27,586][root][INFO] - Finished replay epoch 4372/10000
[2026-05-28 11:27:31,469][root][INFO] - Finished replay epoch 4373/10000
| pretrain       | Iter: 0 | T: 7:45:59 | BS: 3392 | Batched Update FPS: 4.8339
[2026-05-28 11:27:35,347][root][INFO] - Finished replay epoch 4374/10000
[2026-05-28 11:27:39,286][root][INFO] - Finished replay epoch 4375/10000
[2026-05-28 11:27:43,230][root][INFO] - Finished replay epoch 4376/10000
| pretrain       | Iter: 0 | T: 7:46:14 | BS: 3392 | Batched Update FPS: 5.4051
[2026-05-28 11:27:46,998][root][INFO] - Finished replay epoch 4377/10000
[2026-05-28 11:27:50,588][root][INFO] - Finished replay epoch 4378/10000
[2026-05-28 11:27:54,220][root][INFO] - Finished replay epoch 4379/10000
[2026-05-28 11:27:57,986][root][INFO] - Finished replay epoch 4380/10000
| pretrain       | Iter: 0 | T: 7:46:28 | BS: 3392 | Batched Update FPS: 4.8298
[2026-05-28 11:28:01,858][root][INFO] - Finished replay epoch 4381/10000
[2026-05-28 11:28:05,821][root][INFO] - Finished replay epoch 4382/10000
[2026-05-28 11:28:09,791][root][INFO] - Finished replay epoch 4383/10000
[2026-05-28 11:28:13,745][root][INFO] - Finished replay epoch 4384/10000
| pretrain       | Iter: 0 | T: 7:46:44 | BS: 3392 | Batched Update FPS: 5.8973
[2026-05-28 11:28:17,865][root][INFO] - Finished replay epoch 4385/10000
[2026-05-28 11:28:21,663][root][INFO] - Finished replay epoch 4386/10000
[2026-05-28 11:28:25,355][root][INFO] - Finished replay epoch 4387/10000
[2026-05-28 11:28:29,060][root][INFO] - Finished replay epoch 4388/10000
| pretrain       | Iter: 0 | T: 7:46:58 | BS: 3392 | Batched Update FPS: 4.9692
[2026-05-28 11:28:32,932][root][INFO] - Finished replay epoch 4389/10000
[2026-05-28 11:28:36,828][root][INFO] - Finished replay epoch 4390/10000
[2026-05-28 11:28:40,762][root][INFO] - Finished replay epoch 4391/10000
[2026-05-28 11:28:44,726][root][INFO] - Finished replay epoch 4392/10000
| pretrain       | Iter: 0 | T: 7:47:13 | BS: 3392 | Batched Update FPS: 5.1328
[2026-05-28 11:28:48,716][root][INFO] - Finished replay epoch 4393/10000
[2026-05-28 11:28:53,322][root][INFO] - Finished replay epoch 4394/10000
[2026-05-28 11:28:58,564][root][INFO] - Finished replay epoch 4395/10000
[2026-05-28 11:29:03,812][root][INFO] - Finished replay epoch 4396/10000
| pretrain       | Iter: 0 | T: 7:47:32 | BS: 3392 | Batched Update FPS: 4.1296
[2026-05-28 11:29:09,095][root][INFO] - Finished replay epoch 4397/10000
[2026-05-28 11:29:14,315][root][INFO] - Finished replay epoch 4398/10000
[2026-05-28 11:29:19,539][root][INFO] - Finished replay epoch 4399/10000
[2026-05-28 11:29:24,787][root][INFO] - Finished replay epoch 4400/10000
| pretrain       | Iter: 0 | T: 7:47:52 | BS: 3392 | Batched Update FPS: 3.8859
[2026-05-28 11:29:30,043][root][INFO] - Finished replay epoch 4401/10000
[2026-05-28 11:29:35,307][root][INFO] - Finished replay epoch 4402/10000
[2026-05-28 11:29:40,549][root][INFO] - Finished replay epoch 4403/10000
| pretrain       | Iter: 0 | T: 7:48:12 | BS: 3392 | Batched Update FPS: 3.1611
[2026-05-28 11:29:45,774][root][INFO] - Finished replay epoch 4404/10000
[2026-05-28 11:29:50,972][root][INFO] - Finished replay epoch 4405/10000
[2026-05-28 11:29:56,211][root][INFO] - Finished replay epoch 4406/10000
[2026-05-28 11:30:01,458][root][INFO] - Finished replay epoch 4407/10000
| pretrain       | Iter: 0 | T: 7:48:32 | BS: 3392 | Batched Update FPS: 4.4154
[2026-05-28 11:30:06,621][root][INFO] - Finished replay epoch 4408/10000
[2026-05-28 11:30:11,967][root][INFO] - Finished replay epoch 4409/10000
[2026-05-28 11:30:17,290][root][INFO] - Finished replay epoch 4410/10000
[2026-05-28 11:30:22,512][root][INFO] - Finished replay epoch 4411/10000
| pretrain       | Iter: 0 | T: 7:48:53 | BS: 3392 | Batched Update FPS: 3.9790
[2026-05-28 11:30:27,752][root][INFO] - Finished replay epoch 4412/10000
[2026-05-28 11:30:33,009][root][INFO] - Finished replay epoch 4413/10000
[2026-05-28 11:30:38,279][root][INFO] - Finished replay epoch 4414/10000
[2026-05-28 11:30:43,534][root][INFO] - Finished replay epoch 4415/10000
| pretrain       | Iter: 0 | T: 7:49:13 | BS: 3392 | Batched Update FPS: 3.9260
[2026-05-28 11:30:48,829][root][INFO] - Finished replay epoch 4416/10000
[2026-05-28 11:30:54,067][root][INFO] - Finished replay epoch 4417/10000
[2026-05-28 11:30:59,266][root][INFO] - Finished replay epoch 4418/10000
[2026-05-28 11:31:04,499][root][INFO] - Finished replay epoch 4419/10000
| pretrain       | Iter: 0 | T: 7:49:33 | BS: 3392 | Batched Update FPS: 3.0990
[2026-05-28 11:31:09,776][root][INFO] - Finished replay epoch 4420/10000
[2026-05-28 11:31:15,008][root][INFO] - Finished replay epoch 4421/10000
[2026-05-28 11:31:20,281][root][INFO] - Finished replay epoch 4422/10000
[2026-05-28 11:31:25,504][root][INFO] - Finished replay epoch 4423/10000
| pretrain       | Iter: 0 | T: 7:49:53 | BS: 3392 | Batched Update FPS: 6.2158
wandb: WARNING `format` argument was not provided, defaulting to `gif`. This parameter will be required in v0.20.0, please specify the format explicitly.
wandb: Encoding video...
| pretrain_eval  | Iter: 0 | S: 115000 | E: 0 | L: 200 | R: 0.0000 | T: 7:52:17
[2026-05-28 11:33:59,113][root][INFO] - Finished replay epoch 4424/10000
[2026-05-28 11:34:04,386][root][INFO] - Finished replay epoch 4425/10000
[2026-05-28 11:34:09,678][root][INFO] - Finished replay epoch 4426/10000
| pretrain       | Iter: 0 | T: 7:52:42 | BS: 3392 | Batched Update FPS: 4.0244
[2026-05-28 11:34:14,934][root][INFO] - Finished replay epoch 4427/10000
[2026-05-28 11:34:20,087][root][INFO] - Finished replay epoch 4428/10000
[2026-05-28 11:34:25,303][root][INFO] - Finished replay epoch 4429/10000
[2026-05-28 11:34:30,566][root][INFO] - Finished replay epoch 4430/10000
| pretrain       | Iter: 0 | T: 7:53:02 | BS: 3392 | Batched Update FPS: 4.3910
[2026-05-28 11:34:35,831][root][INFO] - Finished replay epoch 4431/10000
[2026-05-28 11:34:41,006][root][INFO] - Finished replay epoch 4432/10000
[2026-05-28 11:34:46,340][root][INFO] - Finished replay epoch 4433/10000
[2026-05-28 11:34:51,565][root][INFO] - Finished replay epoch 4434/10000
| pretrain       | Iter: 0 | T: 7:53:22 | BS: 3392 | Batched Update FPS: 3.2928
[2026-05-28 11:34:56,761][root][INFO] - Finished replay epoch 4435/10000
[2026-05-28 11:35:02,034][root][INFO] - Finished replay epoch 4436/10000
[2026-05-28 11:35:07,248][root][INFO] - Finished replay epoch 4437/10000
[2026-05-28 11:35:12,446][root][INFO] - Finished replay epoch 4438/10000
| pretrain       | Iter: 0 | T: 7:53:42 | BS: 3392 | Batched Update FPS: 3.8589
[2026-05-28 11:35:17,765][root][INFO] - Finished replay epoch 4439/10000
[2026-05-28 11:35:22,990][root][INFO] - Finished replay epoch 4440/10000
[2026-05-28 11:35:28,224][root][INFO] - Finished replay epoch 4441/10000
[2026-05-28 11:35:33,461][root][INFO] - Finished replay epoch 4442/10000
| pretrain       | Iter: 0 | T: 7:54:02 | BS: 3392 | Batched Update FPS: 3.1639
[2026-05-28 11:35:38,722][root][INFO] - Finished replay epoch 4443/10000
[2026-05-28 11:35:44,040][root][INFO] - Finished replay epoch 4444/10000
[2026-05-28 11:35:49,242][root][INFO] - Finished replay epoch 4445/10000
[2026-05-28 11:35:54,449][root][INFO] - Finished replay epoch 4446/10000
| pretrain       | Iter: 0 | T: 7:54:23 | BS: 3392 | Batched Update FPS: 3.0609
[2026-05-28 11:35:59,675][root][INFO] - Finished replay epoch 4447/10000
[2026-05-28 11:36:04,946][root][INFO] - Finished replay epoch 4448/10000
[2026-05-28 11:36:09,485][root][INFO] - Finished replay epoch 4449/10000
[2026-05-28 11:36:14,668][root][INFO] - Finished replay epoch 4450/10000
| pretrain       | Iter: 0 | T: 7:54:42 | BS: 3392 | Batched Update FPS: 3.3093
[2026-05-28 11:36:19,904][root][INFO] - Finished replay epoch 4451/10000
[2026-05-28 11:36:25,135][root][INFO] - Finished replay epoch 4452/10000
[2026-05-28 11:36:30,095][root][INFO] - Finished replay epoch 4453/10000
| pretrain       | Iter: 0 | T: 7:55:02 | BS: 3392 | Batched Update FPS: 3.1198
[2026-05-28 11:36:35,131][root][INFO] - Finished replay epoch 4454/10000
[2026-05-28 11:36:40,234][root][INFO] - Finished replay epoch 4455/10000
[2026-05-28 11:36:45,339][root][INFO] - Finished replay epoch 4456/10000
[2026-05-28 11:36:50,232][root][INFO] - Finished replay epoch 4457/10000
| pretrain       | Iter: 0 | T: 7:55:21 | BS: 3392 | Batched Update FPS: 4.1794
[2026-05-28 11:36:55,189][root][INFO] - Finished replay epoch 4458/10000
[2026-05-28 11:37:00,381][root][INFO] - Finished replay epoch 4459/10000
[2026-05-28 11:37:05,652][root][INFO] - Finished replay epoch 4460/10000
[2026-05-28 11:37:10,982][root][INFO] - Finished replay epoch 4461/10000
| pretrain       | Iter: 0 | T: 7:55:41 | BS: 3392 | Batched Update FPS: 3.2102
[2026-05-28 11:37:16,472][root][INFO] - Finished replay epoch 4462/10000
[2026-05-28 11:37:21,815][root][INFO] - Finished replay epoch 4463/10000
[2026-05-28 11:37:27,029][root][INFO] - Finished replay epoch 4464/10000
[2026-05-28 11:37:32,330][root][INFO] - Finished replay epoch 4465/10000
| pretrain       | Iter: 0 | T: 7:56:02 | BS: 3392 | Batched Update FPS: 4.7085
[2026-05-28 11:37:37,680][root][INFO] - Finished replay epoch 4466/10000
[2026-05-28 11:37:42,916][root][INFO] - Finished replay epoch 4467/10000
[2026-05-28 11:37:48,174][root][INFO] - Finished replay epoch 4468/10000
[2026-05-28 11:37:53,381][root][INFO] - Finished replay epoch 4469/10000
| pretrain       | Iter: 0 | T: 7:56:22 | BS: 3392 | Batched Update FPS: 3.3756
[2026-05-28 11:37:58,619][root][INFO] - Finished replay epoch 4470/10000
[2026-05-28 11:38:03,753][root][INFO] - Finished replay epoch 4471/10000
[2026-05-28 11:38:08,890][root][INFO] - Finished replay epoch 4472/10000
[2026-05-28 11:38:14,165][root][INFO] - Finished replay epoch 4473/10000
| pretrain       | Iter: 0 | T: 7:56:42 | BS: 3392 | Batched Update FPS: 3.0400
[2026-05-28 11:38:19,388][root][INFO] - Finished replay epoch 4474/10000
[2026-05-28 11:38:24,560][root][INFO] - Finished replay epoch 4475/10000
[2026-05-28 11:38:29,847][root][INFO] - Finished replay epoch 4476/10000
| pretrain       | Iter: 0 | T: 7:57:02 | BS: 3392 | Batched Update FPS: 4.1250
[2026-05-28 11:38:35,076][root][INFO] - Finished replay epoch 4477/10000
[2026-05-28 11:38:40,235][root][INFO] - Finished replay epoch 4478/10000
[2026-05-28 11:38:45,550][root][INFO] - Finished replay epoch 4479/10000
[2026-05-28 11:38:50,764][root][INFO] - Finished replay epoch 4480/10000
| pretrain       | Iter: 0 | T: 7:57:22 | BS: 3392 | Batched Update FPS: 4.4228
[2026-05-28 11:38:55,933][root][INFO] - Finished replay epoch 4481/10000
[2026-05-28 11:39:01,220][root][INFO] - Finished replay epoch 4482/10000
[2026-05-28 11:39:06,482][root][INFO] - Finished replay epoch 4483/10000
[2026-05-28 11:39:11,736][root][INFO] - Finished replay epoch 4484/10000
| pretrain       | Iter: 0 | T: 7:57:42 | BS: 3392 | Batched Update FPS: 3.8332
[2026-05-28 11:39:17,007][root][INFO] - Finished replay epoch 4485/10000
[2026-05-28 11:39:22,199][root][INFO] - Finished replay epoch 4486/10000
[2026-05-28 11:39:27,438][root][INFO] - Finished replay epoch 4487/10000
[2026-05-28 11:39:32,698][root][INFO] - Finished replay epoch 4488/10000
| pretrain       | Iter: 0 | T: 7:58:02 | BS: 3392 | Batched Update FPS: 4.7735
[2026-05-28 11:39:37,939][root][INFO] - Finished replay epoch 4489/10000
[2026-05-28 11:39:43,165][root][INFO] - Finished replay epoch 4490/10000
[2026-05-28 11:39:48,456][root][INFO] - Finished replay epoch 4491/10000
[2026-05-28 11:39:53,767][root][INFO] - Finished replay epoch 4492/10000
| pretrain       | Iter: 0 | T: 7:58:23 | BS: 3392 | Batched Update FPS: 4.5580
[2026-05-28 11:39:59,003][root][INFO] - Finished replay epoch 4493/10000
[2026-05-28 11:40:04,249][root][INFO] - Finished replay epoch 4494/10000
[2026-05-28 11:40:09,495][root][INFO] - Finished replay epoch 4495/10000
[2026-05-28 11:40:14,811][root][INFO] - Finished replay epoch 4496/10000
| pretrain       | Iter: 0 | T: 7:58:43 | BS: 3392 | Batched Update FPS: 4.0249
[2026-05-28 11:40:20,050][root][INFO] - Finished replay epoch 4497/10000
[2026-05-28 11:40:25,317][root][INFO] - Finished replay epoch 4498/10000
[2026-05-28 11:40:30,579][root][INFO] - Finished replay epoch 4499/10000
[2026-05-28 11:40:35,835][root][INFO] - Finished replay epoch 4500/10000
| pretrain       | Iter: 0 | T: 7:59:03 | BS: 3392 | Batched Update FPS: 6.4618
[2026-05-28 11:40:40,949][root][INFO] - Finished replay epoch 4501/10000
[2026-05-28 11:40:46,200][root][INFO] - Finished replay epoch 4502/10000
[2026-05-28 11:40:51,440][root][INFO] - Finished replay epoch 4503/10000
| pretrain       | Iter: 0 | T: 7:59:23 | BS: 3392 | Batched Update FPS: 4.0356
[2026-05-28 11:40:56,679][root][INFO] - Finished replay epoch 4504/10000
[2026-05-28 11:41:02,001][root][INFO] - Finished replay epoch 4505/10000
[2026-05-28 11:41:07,231][root][INFO] - Finished replay epoch 4506/10000
[2026-05-28 11:41:12,377][root][INFO] - Finished replay epoch 4507/10000
| pretrain       | Iter: 0 | T: 7:59:43 | BS: 3392 | Batched Update FPS: 3.5915
[2026-05-28 11:41:17,548][root][INFO] - Finished replay epoch 4508/10000
[2026-05-28 11:41:22,737][root][INFO] - Finished replay epoch 4509/10000
[2026-05-28 11:41:27,611][root][INFO] - Finished replay epoch 4510/10000
[2026-05-28 11:41:32,364][root][INFO] - Finished replay epoch 4511/10000
| pretrain       | Iter: 0 | T: 8:00:02 | BS: 3392 | Batched Update FPS: 3.2777
[2026-05-28 11:41:37,403][root][INFO] - Finished replay epoch 4512/10000
[2026-05-28 11:41:42,230][root][INFO] - Finished replay epoch 4513/10000
[2026-05-28 11:41:47,081][root][INFO] - Finished replay epoch 4514/10000
[2026-05-28 11:41:52,147][root][INFO] - Finished replay epoch 4515/10000
| pretrain       | Iter: 0 | T: 8:00:21 | BS: 3392 | Batched Update FPS: 3.9187
[2026-05-28 11:41:57,073][root][INFO] - Finished replay epoch 4516/10000
[2026-05-28 11:42:02,000][root][INFO] - Finished replay epoch 4517/10000
[2026-05-28 11:42:07,171][root][INFO] - Finished replay epoch 4518/10000
[2026-05-28 11:42:12,408][root][INFO] - Finished replay epoch 4519/10000
| pretrain       | Iter: 0 | T: 8:00:41 | BS: 3392 | Batched Update FPS: 3.2800
wandb: WARNING `format` argument was not provided, defaulting to `gif`. This parameter will be required in v0.20.0, please specify the format explicitly.
wandb: Encoding video...
| pretrain_eval  | Iter: 0 | S: 117500 | E: 0 | L: 200 | R: 0.0000 | T: 8:03:03
[2026-05-28 11:44:44,250][root][INFO] - Finished replay epoch 4520/10000
[2026-05-28 11:44:49,440][root][INFO] - Finished replay epoch 4521/10000
[2026-05-28 11:44:54,675][root][INFO] - Finished replay epoch 4522/10000
[2026-05-28 11:44:59,825][root][INFO] - Finished replay epoch 4523/10000
| pretrain       | Iter: 0 | T: 8:03:27 | BS: 3392 | Batched Update FPS: 3.9381
[2026-05-28 11:45:05,145][root][INFO] - Finished replay epoch 4524/10000
[2026-05-28 11:45:10,302][root][INFO] - Finished replay epoch 4525/10000
[2026-05-28 11:45:15,550][root][INFO] - Finished replay epoch 4526/10000
| pretrain       | Iter: 0 | T: 8:03:48 | BS: 3392 | Batched Update FPS: 4.8497
[2026-05-28 11:45:20,773][root][INFO] - Finished replay epoch 4527/10000
[2026-05-28 11:45:26,052][root][INFO] - Finished replay epoch 4528/10000
[2026-05-28 11:45:31,234][root][INFO] - Finished replay epoch 4529/10000
[2026-05-28 11:45:36,441][root][INFO] - Finished replay epoch 4530/10000
| pretrain       | Iter: 0 | T: 8:04:08 | BS: 3392 | Batched Update FPS: 3.3086
[2026-05-28 11:45:41,690][root][INFO] - Finished replay epoch 4531/10000
[2026-05-28 11:45:46,910][root][INFO] - Finished replay epoch 4532/10000
[2026-05-28 11:45:52,125][root][INFO] - Finished replay epoch 4533/10000
[2026-05-28 11:45:57,315][root][INFO] - Finished replay epoch 4534/10000
| pretrain       | Iter: 0 | T: 8:04:28 | BS: 3392 | Batched Update FPS: 3.2552
[2026-05-28 11:46:02,583][root][INFO] - Finished replay epoch 4535/10000
[2026-05-28 11:46:07,834][root][INFO] - Finished replay epoch 4536/10000
[2026-05-28 11:46:13,081][root][INFO] - Finished replay epoch 4537/10000
[2026-05-28 11:46:18,305][root][INFO] - Finished replay epoch 4538/10000
| pretrain       | Iter: 0 | T: 8:04:48 | BS: 3392 | Batched Update FPS: 4.9032
[2026-05-28 11:46:23,788][root][INFO] - Finished replay epoch 4539/10000
[2026-05-28 11:46:29,026][root][INFO] - Finished replay epoch 4540/10000
[2026-05-28 11:46:34,228][root][INFO] - Finished replay epoch 4541/10000
[2026-05-28 11:46:39,414][root][INFO] - Finished replay epoch 4542/10000
| pretrain       | Iter: 0 | T: 8:05:08 | BS: 3392 | Batched Update FPS: 5.7396
[2026-05-28 11:46:43,606][root][INFO] - Finished replay epoch 4543/10000
[2026-05-28 11:46:47,466][root][INFO] - Finished replay epoch 4544/10000
[2026-05-28 11:46:51,377][root][INFO] - Finished replay epoch 4545/10000
[2026-05-28 11:46:55,210][root][INFO] - Finished replay epoch 4546/10000
| pretrain       | Iter: 0 | T: 8:05:23 | BS: 3392 | Batched Update FPS: 5.7732
[2026-05-28 11:46:58,785][root][INFO] - Finished replay epoch 4547/10000
[2026-05-28 11:47:02,647][root][INFO] - Finished replay epoch 4548/10000
[2026-05-28 11:47:06,359][root][INFO] - Finished replay epoch 4549/10000
[2026-05-28 11:47:10,228][root][INFO] - Finished replay epoch 4550/10000
| pretrain       | Iter: 0 | T: 8:05:37 | BS: 3392 | Batched Update FPS: 4.9860
[2026-05-28 11:47:14,113][root][INFO] - Finished replay epoch 4551/10000
[2026-05-28 11:47:17,893][root][INFO] - Finished replay epoch 4552/10000
[2026-05-28 11:47:21,678][root][INFO] - Finished replay epoch 4553/10000
| pretrain       | Iter: 0 | T: 8:05:52 | BS: 3392 | Batched Update FPS: 4.9300
[2026-05-28 11:47:25,572][root][INFO] - Finished replay epoch 4554/10000
[2026-05-28 11:47:29,412][root][INFO] - Finished replay epoch 4555/10000
[2026-05-28 11:47:33,161][root][INFO] - Finished replay epoch 4556/10000
[2026-05-28 11:47:37,013][root][INFO] - Finished replay epoch 4557/10000
| pretrain       | Iter: 0 | T: 8:06:07 | BS: 3392 | Batched Update FPS: 5.0188
[2026-05-28 11:47:40,968][root][INFO] - Finished replay epoch 4558/10000
[2026-05-28 11:47:44,843][root][INFO] - Finished replay epoch 4559/10000
[2026-05-28 11:47:48,444][root][INFO] - Finished replay epoch 4560/10000
[2026-05-28 11:47:52,334][root][INFO] - Finished replay epoch 4561/10000
| pretrain       | Iter: 0 | T: 8:06:22 | BS: 3392 | Batched Update FPS: 4.9024
[2026-05-28 11:47:56,242][root][INFO] - Finished replay epoch 4562/10000
[2026-05-28 11:48:00,182][root][INFO] - Finished replay epoch 4563/10000
[2026-05-28 11:48:04,051][root][INFO] - Finished replay epoch 4564/10000
[2026-05-28 11:48:07,926][root][INFO] - Finished replay epoch 4565/10000
| pretrain       | Iter: 0 | T: 8:06:37 | BS: 3392 | Batched Update FPS: 4.8635
[2026-05-28 11:48:11,843][root][INFO] - Finished replay epoch 4566/10000
[2026-05-28 11:48:15,551][root][INFO] - Finished replay epoch 4567/10000
[2026-05-28 11:48:19,255][root][INFO] - Finished replay epoch 4568/10000
[2026-05-28 11:48:23,165][root][INFO] - Finished replay epoch 4569/10000
| pretrain       | Iter: 0 | T: 8:06:51 | BS: 3392 | Batched Update FPS: 4.9645
[2026-05-28 11:48:27,095][root][INFO] - Finished replay epoch 4570/10000
[2026-05-28 11:48:30,785][root][INFO] - Finished replay epoch 4571/10000
[2026-05-28 11:48:34,687][root][INFO] - Finished replay epoch 4572/10000
[2026-05-28 11:48:38,594][root][INFO] - Finished replay epoch 4573/10000
| pretrain       | Iter: 0 | T: 8:07:06 | BS: 3392 | Batched Update FPS: 4.9731
[2026-05-28 11:48:42,438][root][INFO] - Finished replay epoch 4574/10000
[2026-05-28 11:48:46,193][root][INFO] - Finished replay epoch 4575/10000
[2026-05-28 11:48:50,115][root][INFO] - Finished replay epoch 4576/10000
| pretrain       | Iter: 0 | T: 8:07:21 | BS: 3392 | Batched Update FPS: 5.7602
[2026-05-28 11:48:54,287][root][INFO] - Finished replay epoch 4577/10000
[2026-05-28 11:48:57,915][root][INFO] - Finished replay epoch 4578/10000
[2026-05-28 11:49:01,710][root][INFO] - Finished replay epoch 4579/10000
[2026-05-28 11:49:05,616][root][INFO] - Finished replay epoch 4580/10000
| pretrain       | Iter: 0 | T: 8:07:36 | BS: 3392 | Batched Update FPS: 5.1534
[2026-05-28 11:49:09,537][root][INFO] - Finished replay epoch 4581/10000
[2026-05-28 11:49:13,416][root][INFO] - Finished replay epoch 4582/10000
[2026-05-28 11:49:17,251][root][INFO] - Finished replay epoch 4583/10000
[2026-05-28 11:49:21,285][root][INFO] - Finished replay epoch 4584/10000
| pretrain       | Iter: 0 | T: 8:07:51 | BS: 3392 | Batched Update FPS: 3.3356
[2026-05-28 11:49:25,885][root][INFO] - Finished replay epoch 4585/10000
[2026-05-28 11:49:31,056][root][INFO] - Finished replay epoch 4586/10000
[2026-05-28 11:49:36,223][root][INFO] - Finished replay epoch 4587/10000
[2026-05-28 11:49:41,489][root][INFO] - Finished replay epoch 4588/10000
| pretrain       | Iter: 0 | T: 8:08:11 | BS: 3392 | Batched Update FPS: 3.2939
[2026-05-28 11:49:46,700][root][INFO] - Finished replay epoch 4589/10000
[2026-05-28 11:49:51,958][root][INFO] - Finished replay epoch 4590/10000
[2026-05-28 11:49:57,162][root][INFO] - Finished replay epoch 4591/10000
[2026-05-28 11:50:02,337][root][INFO] - Finished replay epoch 4592/10000
| pretrain       | Iter: 0 | T: 8:08:31 | BS: 3392 | Batched Update FPS: 3.2961
[2026-05-28 11:50:07,543][root][INFO] - Finished replay epoch 4593/10000
[2026-05-28 11:50:12,737][root][INFO] - Finished replay epoch 4594/10000
[2026-05-28 11:50:17,922][root][INFO] - Finished replay epoch 4595/10000
[2026-05-28 11:50:23,215][root][INFO] - Finished replay epoch 4596/10000
| pretrain       | Iter: 0 | T: 8:08:51 | BS: 3392 | Batched Update FPS: 3.1604
[2026-05-28 11:50:28,521][root][INFO] - Finished replay epoch 4597/10000
[2026-05-28 11:50:33,708][root][INFO] - Finished replay epoch 4598/10000
[2026-05-28 11:50:38,878][root][INFO] - Finished replay epoch 4599/10000
[2026-05-28 11:50:44,073][root][INFO] - Finished replay epoch 4600/10000
| pretrain       | Iter: 0 | T: 8:09:11 | BS: 3392 | Batched Update FPS: 3.3853
[2026-05-28 11:50:49,322][root][INFO] - Finished replay epoch 4601/10000
[2026-05-28 11:50:54,537][root][INFO] - Finished replay epoch 4602/10000
[2026-05-28 11:50:59,754][root][INFO] - Finished replay epoch 4603/10000
| pretrain       | Iter: 0 | T: 8:09:31 | BS: 3392 | Batched Update FPS: 3.2066
[2026-05-28 11:51:05,015][root][INFO] - Finished replay epoch 4604/10000
[2026-05-28 11:51:10,251][root][INFO] - Finished replay epoch 4605/10000
[2026-05-28 11:51:15,429][root][INFO] - Finished replay epoch 4606/10000
[2026-05-28 11:51:20,581][root][INFO] - Finished replay epoch 4607/10000
| pretrain       | Iter: 0 | T: 8:09:51 | BS: 3392 | Batched Update FPS: 3.0674
[2026-05-28 11:51:25,788][root][INFO] - Finished replay epoch 4608/10000
[2026-05-28 11:51:31,007][root][INFO] - Finished replay epoch 4609/10000
[2026-05-28 11:51:36,193][root][INFO] - Finished replay epoch 4610/10000
[2026-05-28 11:51:41,400][root][INFO] - Finished replay epoch 4611/10000
| pretrain       | Iter: 0 | T: 8:10:11 | BS: 3392 | Batched Update FPS: 3.0826
[2026-05-28 11:51:46,552][root][INFO] - Finished replay epoch 4612/10000
[2026-05-28 11:51:51,776][root][INFO] - Finished replay epoch 4613/10000
[2026-05-28 11:51:56,971][root][INFO] - Finished replay epoch 4614/10000
[2026-05-28 11:52:02,142][root][INFO] - Finished replay epoch 4615/10000
| pretrain       | Iter: 0 | T: 8:10:31 | BS: 3392 | Batched Update FPS: 6.0219
wandb: WARNING `format` argument was not provided, defaulting to `gif`. This parameter will be required in v0.20.0, please specify the format explicitly.
wandb: Encoding video...
| pretrain_eval  | Iter: 0 | S: 120000 | E: 0 | L: 200 | R: 0.0000 | T: 8:12:53
[2026-05-28 11:54:33,487][root][INFO] - Finished replay epoch 4616/10000
[2026-05-28 11:54:38,682][root][INFO] - Finished replay epoch 4617/10000
[2026-05-28 11:54:43,917][root][INFO] - Finished replay epoch 4618/10000
[2026-05-28 11:54:49,176][root][INFO] - Finished replay epoch 4619/10000
| pretrain       | Iter: 0 | T: 8:13:18 | BS: 3392 | Batched Update FPS: 3.5701
[2026-05-28 11:54:54,328][root][INFO] - Finished replay epoch 4620/10000
[2026-05-28 11:54:59,741][root][INFO] - Finished replay epoch 4621/10000
[2026-05-28 11:55:05,019][root][INFO] - Finished replay epoch 4622/10000
[2026-05-28 11:55:10,134][root][INFO] - Finished replay epoch 4623/10000
| pretrain       | Iter: 0 | T: 8:13:38 | BS: 3392 | Batched Update FPS: 3.2234
[2026-05-28 11:55:15,525][root][INFO] - Finished replay epoch 4624/10000
[2026-05-28 11:55:20,724][root][INFO] - Finished replay epoch 4625/10000
[2026-05-28 11:55:25,902][root][INFO] - Finished replay epoch 4626/10000
| pretrain       | Iter: 0 | T: 8:13:58 | BS: 3392 | Batched Update FPS: 3.6855
[2026-05-28 11:55:31,103][root][INFO] - Finished replay epoch 4627/10000
[2026-05-28 11:55:36,298][root][INFO] - Finished replay epoch 4628/10000
[2026-05-28 11:55:41,527][root][INFO] - Finished replay epoch 4629/10000
[2026-05-28 11:55:46,688][root][INFO] - Finished replay epoch 4630/10000
| pretrain       | Iter: 0 | T: 8:14:18 | BS: 3392 | Batched Update FPS: 3.2329
[2026-05-28 11:55:51,891][root][INFO] - Finished replay epoch 4631/10000
[2026-05-28 11:55:57,040][root][INFO] - Finished replay epoch 4632/10000
[2026-05-28 11:56:02,231][root][INFO] - Finished replay epoch 4633/10000
[2026-05-28 11:56:07,455][root][INFO] - Finished replay epoch 4634/10000
| pretrain       | Iter: 0 | T: 8:14:38 | BS: 3392 | Batched Update FPS: 3.9611
[2026-05-28 11:56:12,664][root][INFO] - Finished replay epoch 4635/10000
[2026-05-28 11:56:17,893][root][INFO] - Finished replay epoch 4636/10000
[2026-05-28 11:56:23,107][root][INFO] - Finished replay epoch 4637/10000
[2026-05-28 11:56:28,338][root][INFO] - Finished replay epoch 4638/10000
| pretrain       | Iter: 0 | T: 8:14:58 | BS: 3392 | Batched Update FPS: 3.1797
[2026-05-28 11:56:33,564][root][INFO] - Finished replay epoch 4639/10000
[2026-05-28 11:56:38,766][root][INFO] - Finished replay epoch 4640/10000
[2026-05-28 11:56:44,001][root][INFO] - Finished replay epoch 4641/10000
[2026-05-28 11:56:49,204][root][INFO] - Finished replay epoch 4642/10000
| pretrain       | Iter: 0 | T: 8:15:18 | BS: 3392 | Batched Update FPS: 4.0102
[2026-05-28 11:56:54,439][root][INFO] - Finished replay epoch 4643/10000
[2026-05-28 11:56:59,603][root][INFO] - Finished replay epoch 4644/10000
[2026-05-28 11:57:04,816][root][INFO] - Finished replay epoch 4645/10000
[2026-05-28 11:57:10,056][root][INFO] - Finished replay epoch 4646/10000
| pretrain       | Iter: 0 | T: 8:15:38 | BS: 3392 | Batched Update FPS: 4.2833
[2026-05-28 11:57:15,318][root][INFO] - Finished replay epoch 4647/10000
[2026-05-28 11:57:20,552][root][INFO] - Finished replay epoch 4648/10000
[2026-05-28 11:57:25,797][root][INFO] - Finished replay epoch 4649/10000
[2026-05-28 11:57:31,047][root][INFO] - Finished replay epoch 4650/10000
| pretrain       | Iter: 0 | T: 8:15:58 | BS: 3392 | Batched Update FPS: 3.6751
[2026-05-28 11:57:36,288][root][INFO] - Finished replay epoch 4651/10000
[2026-05-28 11:57:41,429][root][INFO] - Finished replay epoch 4652/10000
[2026-05-28 11:57:46,615][root][INFO] - Finished replay epoch 4653/10000
| pretrain       | Iter: 0 | T: 8:16:18 | BS: 3392 | Batched Update FPS: 6.3403
[2026-05-28 11:57:51,610][root][INFO] - Finished replay epoch 4654/10000
[2026-05-28 11:57:56,776][root][INFO] - Finished replay epoch 4655/10000
[2026-05-28 11:58:02,008][root][INFO] - Finished replay epoch 4656/10000
[2026-05-28 11:58:07,190][root][INFO] - Finished replay epoch 4657/10000
| pretrain       | Iter: 0 | T: 8:16:38 | BS: 3392 | Batched Update FPS: 3.6664
[2026-05-28 11:58:12,477][root][INFO] - Finished replay epoch 4658/10000
[2026-05-28 11:58:17,661][root][INFO] - Finished replay epoch 4659/10000
[2026-05-28 11:58:22,882][root][INFO] - Finished replay epoch 4660/10000
[2026-05-28 11:58:28,140][root][INFO] - Finished replay epoch 4661/10000
| pretrain       | Iter: 0 | T: 8:16:58 | BS: 3392 | Batched Update FPS: 3.1199
[2026-05-28 11:58:33,416][root][INFO] - Finished replay epoch 4662/10000
[2026-05-28 11:58:38,618][root][INFO] - Finished replay epoch 4663/10000
[2026-05-28 11:58:43,865][root][INFO] - Finished replay epoch 4664/10000
[2026-05-28 11:58:49,042][root][INFO] - Finished replay epoch 4665/10000
| pretrain       | Iter: 0 | T: 8:17:18 | BS: 3392 | Batched Update FPS: 3.9963
[2026-05-28 11:58:54,194][root][INFO] - Finished replay epoch 4666/10000
[2026-05-28 11:58:59,025][root][INFO] - Finished replay epoch 4667/10000
[2026-05-28 11:59:04,117][root][INFO] - Finished replay epoch 4668/10000
[2026-05-28 11:59:09,496][root][INFO] - Finished replay epoch 4669/10000
| pretrain       | Iter: 0 | T: 8:17:38 | BS: 3392 | Batched Update FPS: 3.8072
[2026-05-28 11:59:15,558][root][INFO] - Finished replay epoch 4670/10000
[2026-05-28 11:59:21,805][root][INFO] - Finished replay epoch 4671/10000
[2026-05-28 11:59:28,033][root][INFO] - Finished replay epoch 4672/10000
[2026-05-28 11:59:34,195][root][INFO] - Finished replay epoch 4673/10000
| pretrain       | Iter: 0 | T: 8:18:02 | BS: 3392 | Batched Update FPS: 4.2521
[2026-05-28 11:59:40,440][root][INFO] - Finished replay epoch 4674/10000
[2026-05-28 11:59:46,500][root][INFO] - Finished replay epoch 4675/10000
[2026-05-28 11:59:52,617][root][INFO] - Finished replay epoch 4676/10000
| pretrain       | Iter: 0 | T: 8:18:26 | BS: 3392 | Batched Update FPS: 2.4342
[2026-05-28 11:59:58,808][root][INFO] - Finished replay epoch 4677/10000
[2026-05-28 12:00:05,030][root][INFO] - Finished replay epoch 4678/10000
[2026-05-28 12:00:11,395][root][INFO] - Finished replay epoch 4679/10000
[2026-05-28 12:00:17,740][root][INFO] - Finished replay epoch 4680/10000
| pretrain       | Iter: 0 | T: 8:18:50 | BS: 3392 | Batched Update FPS: 2.8876
[2026-05-28 12:00:24,213][root][INFO] - Finished replay epoch 4681/10000
[2026-05-28 12:00:30,456][root][INFO] - Finished replay epoch 4682/10000
[2026-05-28 12:00:36,713][root][INFO] - Finished replay epoch 4683/10000
[2026-05-28 12:00:42,471][root][INFO] - Finished replay epoch 4684/10000
| pretrain       | Iter: 0 | T: 8:19:13 | BS: 3392 | Batched Update FPS: 3.6759
[2026-05-28 12:00:48,683][root][INFO] - Finished replay epoch 4685/10000
[2026-05-28 12:00:54,608][root][INFO] - Finished replay epoch 4686/10000
[2026-05-28 12:01:00,497][root][INFO] - Finished replay epoch 4687/10000
[2026-05-28 12:01:06,428][root][INFO] - Finished replay epoch 4688/10000
| pretrain       | Iter: 0 | T: 8:19:36 | BS: 3392 | Batched Update FPS: 3.0522
[2026-05-28 12:01:12,510][root][INFO] - Finished replay epoch 4689/10000
[2026-05-28 12:01:18,716][root][INFO] - Finished replay epoch 4690/10000
[2026-05-28 12:01:25,311][root][INFO] - Finished replay epoch 4691/10000
[2026-05-28 12:01:31,556][root][INFO] - Finished replay epoch 4692/10000
| pretrain       | Iter: 0 | T: 8:20:01 | BS: 3392 | Batched Update FPS: 3.1624
[2026-05-28 12:01:38,079][root][INFO] - Finished replay epoch 4693/10000
[2026-05-28 12:01:44,337][root][INFO] - Finished replay epoch 4694/10000
[2026-05-28 12:01:50,814][root][INFO] - Finished replay epoch 4695/10000
[2026-05-28 12:01:57,619][root][INFO] - Finished replay epoch 4696/10000
| pretrain       | Iter: 0 | T: 8:20:26 | BS: 3392 | Batched Update FPS: 3.5435
[2026-05-28 12:02:03,596][root][INFO] - Finished replay epoch 4697/10000
[2026-05-28 12:02:09,628][root][INFO] - Finished replay epoch 4698/10000
[2026-05-28 12:02:16,061][root][INFO] - Finished replay epoch 4699/10000
[2026-05-28 12:02:22,425][root][INFO] - Finished replay epoch 4700/10000
| pretrain       | Iter: 0 | T: 8:20:50 | BS: 3392 | Batched Update FPS: 3.5577
[2026-05-28 12:02:28,749][root][INFO] - Finished replay epoch 4701/10000
[2026-05-28 12:02:35,241][root][INFO] - Finished replay epoch 4702/10000
[2026-05-28 12:02:41,784][root][INFO] - Finished replay epoch 4703/10000
| pretrain       | Iter: 0 | T: 8:21:14 | BS: 3392 | Batched Update FPS: 2.7625
[2026-05-28 12:02:47,936][root][INFO] - Finished replay epoch 4704/10000
[2026-05-28 12:02:54,256][root][INFO] - Finished replay epoch 4705/10000
[2026-05-28 12:03:00,679][root][INFO] - Finished replay epoch 4706/10000
[2026-05-28 12:03:06,896][root][INFO] - Finished replay epoch 4707/10000
| pretrain       | Iter: 0 | T: 8:21:39 | BS: 3392 | Batched Update FPS: 3.0676
[2026-05-28 12:03:13,336][root][INFO] - Finished replay epoch 4708/10000
[2026-05-28 12:03:19,555][root][INFO] - Finished replay epoch 4709/10000
[2026-05-28 12:03:25,719][root][INFO] - Finished replay epoch 4710/10000
[2026-05-28 12:03:31,894][root][INFO] - Finished replay epoch 4711/10000
| pretrain       | Iter: 0 | T: 8:22:02 | BS: 3392 | Batched Update FPS: 3.5676
wandb: WARNING `format` argument was not provided, defaulting to `gif`. This parameter will be required in v0.20.0, please specify the format explicitly.
wandb: Encoding video...
| pretrain_eval  | Iter: 0 | S: 122500 | E: 0 | L: 200 | R: 0.0000 | T: 8:24:28
[2026-05-28 12:06:08,065][root][INFO] - Finished replay epoch 4712/10000
[2026-05-28 12:06:12,382][root][INFO] - Finished replay epoch 4713/10000
[2026-05-28 12:06:16,395][root][INFO] - Finished replay epoch 4714/10000
[2026-05-28 12:06:20,084][root][INFO] - Finished replay epoch 4715/10000
| pretrain       | Iter: 0 | T: 8:24:49 | BS: 3392 | Batched Update FPS: 4.9856
[2026-05-28 12:06:23,914][root][INFO] - Finished replay epoch 4716/10000
[2026-05-28 12:06:27,968][root][INFO] - Finished replay epoch 4717/10000
[2026-05-28 12:06:32,053][root][INFO] - Finished replay epoch 4718/10000
[2026-05-28 12:06:36,157][root][INFO] - Finished replay epoch 4719/10000
| pretrain       | Iter: 0 | T: 8:25:04 | BS: 3392 | Batched Update FPS: 5.1771
[2026-05-28 12:06:40,214][root][INFO] - Finished replay epoch 4720/10000
[2026-05-28 12:06:44,432][root][INFO] - Finished replay epoch 4721/10000
[2026-05-28 12:06:48,556][root][INFO] - Finished replay epoch 4722/10000
[2026-05-28 12:06:52,625][root][INFO] - Finished replay epoch 4723/10000
| pretrain       | Iter: 0 | T: 8:25:20 | BS: 3392 | Batched Update FPS: 5.6582
[2026-05-28 12:06:56,334][root][INFO] - Finished replay epoch 4724/10000
[2026-05-28 12:07:00,162][root][INFO] - Finished replay epoch 4725/10000
[2026-05-28 12:07:04,004][root][INFO] - Finished replay epoch 4726/10000
| pretrain       | Iter: 0 | T: 8:25:35 | BS: 3392 | Batched Update FPS: 5.4729
[2026-05-28 12:07:07,754][root][INFO] - Finished replay epoch 4727/10000
[2026-05-28 12:07:11,513][root][INFO] - Finished replay epoch 4728/10000
[2026-05-28 12:07:15,368][root][INFO] - Finished replay epoch 4729/10000
[2026-05-28 12:07:19,197][root][INFO] - Finished replay epoch 4730/10000
| pretrain       | Iter: 0 | T: 8:25:50 | BS: 3392 | Batched Update FPS: 5.8773
[2026-05-28 12:07:23,277][root][INFO] - Finished replay epoch 4731/10000
[2026-05-28 12:07:27,130][root][INFO] - Finished replay epoch 4732/10000
[2026-05-28 12:07:31,038][root][INFO] - Finished replay epoch 4733/10000
[2026-05-28 12:07:34,745][root][INFO] - Finished replay epoch 4734/10000
| pretrain       | Iter: 0 | T: 8:26:04 | BS: 3392 | Batched Update FPS: 4.8484
[2026-05-28 12:07:38,653][root][INFO] - Finished replay epoch 4735/10000
[2026-05-28 12:07:42,565][root][INFO] - Finished replay epoch 4736/10000
[2026-05-28 12:07:46,283][root][INFO] - Finished replay epoch 4737/10000
[2026-05-28 12:07:50,099][root][INFO] - Finished replay epoch 4738/10000
| pretrain       | Iter: 0 | T: 8:26:19 | BS: 3392 | Batched Update FPS: 4.9908
[2026-05-28 12:07:54,017][root][INFO] - Finished replay epoch 4739/10000
[2026-05-28 12:07:57,857][root][INFO] - Finished replay epoch 4740/10000
[2026-05-28 12:08:01,691][root][INFO] - Finished replay epoch 4741/10000
[2026-05-28 12:08:05,487][root][INFO] - Finished replay epoch 4742/10000
| pretrain       | Iter: 0 | T: 8:26:34 | BS: 3392 | Batched Update FPS: 5.0921
[2026-05-28 12:08:09,324][root][INFO] - Finished replay epoch 4743/10000
[2026-05-28 12:08:13,174][root][INFO] - Finished replay epoch 4744/10000
[2026-05-28 12:08:17,342][root][INFO] - Finished replay epoch 4745/10000
[2026-05-28 12:08:22,557][root][INFO] - Finished replay epoch 4746/10000
| pretrain       | Iter: 0 | T: 8:26:51 | BS: 3392 | Batched Update FPS: 3.0668
[2026-05-28 12:08:27,764][root][INFO] - Finished replay epoch 4747/10000
[2026-05-28 12:08:32,934][root][INFO] - Finished replay epoch 4748/10000
[2026-05-28 12:08:38,141][root][INFO] - Finished replay epoch 4749/10000
[2026-05-28 12:08:43,329][root][INFO] - Finished replay epoch 4750/10000
| pretrain       | Iter: 0 | T: 8:27:11 | BS: 3392 | Batched Update FPS: 3.2074
[2026-05-28 12:08:48,408][root][INFO] - Finished replay epoch 4751/10000
[2026-05-28 12:08:53,416][root][INFO] - Finished replay epoch 4752/10000
[2026-05-28 12:08:58,662][root][INFO] - Finished replay epoch 4753/10000
| pretrain       | Iter: 0 | T: 8:27:30 | BS: 3392 | Batched Update FPS: 4.0989
[2026-05-28 12:09:03,817][root][INFO] - Finished replay epoch 4754/10000
[2026-05-28 12:09:09,068][root][INFO] - Finished replay epoch 4755/10000
[2026-05-28 12:09:14,272][root][INFO] - Finished replay epoch 4756/10000
[2026-05-28 12:09:19,479][root][INFO] - Finished replay epoch 4757/10000
| pretrain       | Iter: 0 | T: 8:27:50 | BS: 3392 | Batched Update FPS: 4.9284
[2026-05-28 12:09:24,646][root][INFO] - Finished replay epoch 4758/10000
[2026-05-28 12:09:29,942][root][INFO] - Finished replay epoch 4759/10000
[2026-05-28 12:09:35,115][root][INFO] - Finished replay epoch 4760/10000
[2026-05-28 12:09:40,381][root][INFO] - Finished replay epoch 4761/10000
| pretrain       | Iter: 0 | T: 8:28:10 | BS: 3392 | Batched Update FPS: 3.1578
[2026-05-28 12:09:45,541][root][INFO] - Finished replay epoch 4762/10000
[2026-05-28 12:09:50,775][root][INFO] - Finished replay epoch 4763/10000
[2026-05-28 12:09:56,022][root][INFO] - Finished replay epoch 4764/10000
[2026-05-28 12:10:01,173][root][INFO] - Finished replay epoch 4765/10000
| pretrain       | Iter: 0 | T: 8:28:30 | BS: 3392 | Batched Update FPS: 3.3193
[2026-05-28 12:10:06,427][root][INFO] - Finished replay epoch 4766/10000
[2026-05-28 12:10:11,620][root][INFO] - Finished replay epoch 4767/10000
[2026-05-28 12:10:16,821][root][INFO] - Finished replay epoch 4768/10000
[2026-05-28 12:10:22,047][root][INFO] - Finished replay epoch 4769/10000
| pretrain       | Iter: 0 | T: 8:28:51 | BS: 3392 | Batched Update FPS: 3.6598
[2026-05-28 12:10:27,410][root][INFO] - Finished replay epoch 4770/10000
[2026-05-28 12:10:32,610][root][INFO] - Finished replay epoch 4771/10000
[2026-05-28 12:10:37,770][root][INFO] - Finished replay epoch 4772/10000
[2026-05-28 12:10:42,947][root][INFO] - Finished replay epoch 4773/10000
| pretrain       | Iter: 0 | T: 8:29:11 | BS: 3392 | Batched Update FPS: 4.0361
[2026-05-28 12:10:48,186][root][INFO] - Finished replay epoch 4774/10000
[2026-05-28 12:10:53,428][root][INFO] - Finished replay epoch 4775/10000
[2026-05-28 12:10:58,640][root][INFO] - Finished replay epoch 4776/10000
| pretrain       | Iter: 0 | T: 8:29:30 | BS: 3392 | Batched Update FPS: 3.0739
[2026-05-28 12:11:03,577][root][INFO] - Finished replay epoch 4777/10000
[2026-05-28 12:11:08,739][root][INFO] - Finished replay epoch 4778/10000
[2026-05-28 12:11:13,948][root][INFO] - Finished replay epoch 4779/10000
[2026-05-28 12:11:18,809][root][INFO] - Finished replay epoch 4780/10000
| pretrain       | Iter: 0 | T: 8:29:50 | BS: 3392 | Batched Update FPS: 5.2623
[2026-05-28 12:11:23,843][root][INFO] - Finished replay epoch 4781/10000
[2026-05-28 12:11:28,735][root][INFO] - Finished replay epoch 4782/10000
[2026-05-28 12:11:33,521][root][INFO] - Finished replay epoch 4783/10000
[2026-05-28 12:11:38,671][root][INFO] - Finished replay epoch 4784/10000
| pretrain       | Iter: 0 | T: 8:30:09 | BS: 3392 | Batched Update FPS: 3.9412
[2026-05-28 12:11:43,891][root][INFO] - Finished replay epoch 4785/10000
[2026-05-28 12:11:49,148][root][INFO] - Finished replay epoch 4786/10000
[2026-05-28 12:11:54,334][root][INFO] - Finished replay epoch 4787/10000
[2026-05-28 12:11:59,516][root][INFO] - Finished replay epoch 4788/10000
| pretrain       | Iter: 0 | T: 8:30:29 | BS: 3392 | Batched Update FPS: 5.2846
[2026-05-28 12:12:04,685][root][INFO] - Finished replay epoch 4789/10000
[2026-05-28 12:12:09,883][root][INFO] - Finished replay epoch 4790/10000
[2026-05-28 12:12:15,171][root][INFO] - Finished replay epoch 4791/10000
[2026-05-28 12:12:20,322][root][INFO] - Finished replay epoch 4792/10000
| pretrain       | Iter: 0 | T: 8:30:49 | BS: 3392 | Batched Update FPS: 3.1793
[2026-05-28 12:12:25,544][root][INFO] - Finished replay epoch 4793/10000
[2026-05-28 12:12:30,747][root][INFO] - Finished replay epoch 4794/10000
[2026-05-28 12:12:35,973][root][INFO] - Finished replay epoch 4795/10000
[2026-05-28 12:12:41,148][root][INFO] - Finished replay epoch 4796/10000
| pretrain       | Iter: 0 | T: 8:31:09 | BS: 3392 | Batched Update FPS: 3.2669
[2026-05-28 12:12:46,303][root][INFO] - Finished replay epoch 4797/10000
[2026-05-28 12:12:51,524][root][INFO] - Finished replay epoch 4798/10000
[2026-05-28 12:12:56,736][root][INFO] - Finished replay epoch 4799/10000
[2026-05-28 12:13:01,969][root][INFO] - Finished replay epoch 4800/10000
| pretrain       | Iter: 0 | T: 8:31:29 | BS: 3392 | Batched Update FPS: 3.3965
[2026-05-28 12:13:07,186][root][INFO] - Finished replay epoch 4801/10000
[2026-05-28 12:13:12,487][root][INFO] - Finished replay epoch 4802/10000
[2026-05-28 12:13:17,791][root][INFO] - Finished replay epoch 4803/10000
| pretrain       | Iter: 0 | T: 8:31:49 | BS: 3392 | Batched Update FPS: 4.2068
[2026-05-28 12:13:23,080][root][INFO] - Finished replay epoch 4804/10000
[2026-05-28 12:13:28,313][root][INFO] - Finished replay epoch 4805/10000
[2026-05-28 12:13:33,192][root][INFO] - Finished replay epoch 4806/10000
[2026-05-28 12:13:38,416][root][INFO] - Finished replay epoch 4807/10000
| pretrain       | Iter: 0 | T: 8:32:10 | BS: 3392 | Batched Update FPS: 3.7975
wandb: WARNING `format` argument was not provided, defaulting to `gif`. This parameter will be required in v0.20.0, please specify the format explicitly.
wandb: Encoding video...
| pretrain_eval  | Iter: 0 | S: 125000 | E: 0 | L: 200 | R: 0.0000 | T: 8:34:32
[2026-05-28 12:16:11,587][root][INFO] - Finished replay epoch 4808/10000
[2026-05-28 12:16:16,799][root][INFO] - Finished replay epoch 4809/10000
[2026-05-28 12:16:21,958][root][INFO] - Finished replay epoch 4810/10000
[2026-05-28 12:16:27,201][root][INFO] - Finished replay epoch 4811/10000
| pretrain       | Iter: 0 | T: 8:34:57 | BS: 3392 | Batched Update FPS: 4.1157
[2026-05-28 12:16:32,430][root][INFO] - Finished replay epoch 4812/10000
[2026-05-28 12:16:37,639][root][INFO] - Finished replay epoch 4813/10000
[2026-05-28 12:16:42,793][root][INFO] - Finished replay epoch 4814/10000
[2026-05-28 12:16:48,042][root][INFO] - Finished replay epoch 4815/10000
| pretrain       | Iter: 0 | T: 8:35:17 | BS: 3392 | Batched Update FPS: 3.1468
[2026-05-28 12:16:53,254][root][INFO] - Finished replay epoch 4816/10000
[2026-05-28 12:16:58,432][root][INFO] - Finished replay epoch 4817/10000
[2026-05-28 12:17:03,602][root][INFO] - Finished replay epoch 4818/10000
[2026-05-28 12:17:08,834][root][INFO] - Finished replay epoch 4819/10000
| pretrain       | Iter: 0 | T: 8:35:37 | BS: 3392 | Batched Update FPS: 3.1069
[2026-05-28 12:17:13,629][root][INFO] - Finished replay epoch 4820/10000
[2026-05-28 12:17:18,818][root][INFO] - Finished replay epoch 4821/10000
[2026-05-28 12:17:24,045][root][INFO] - Finished replay epoch 4822/10000
[2026-05-28 12:17:29,253][root][INFO] - Finished replay epoch 4823/10000
| pretrain       | Iter: 0 | T: 8:35:57 | BS: 3392 | Batched Update FPS: 3.3485
[2026-05-28 12:17:34,471][root][INFO] - Finished replay epoch 4824/10000
[2026-05-28 12:17:39,579][root][INFO] - Finished replay epoch 4825/10000
[2026-05-28 12:17:44,779][root][INFO] - Finished replay epoch 4826/10000
| pretrain       | Iter: 0 | T: 8:36:17 | BS: 3392 | Batched Update FPS: 3.3585
[2026-05-28 12:17:50,033][root][INFO] - Finished replay epoch 4827/10000
[2026-05-28 12:17:55,215][root][INFO] - Finished replay epoch 4828/10000
[2026-05-28 12:18:00,429][root][INFO] - Finished replay epoch 4829/10000
[2026-05-28 12:18:05,728][root][INFO] - Finished replay epoch 4830/10000
| pretrain       | Iter: 0 | T: 8:36:37 | BS: 3392 | Batched Update FPS: 4.0275
[2026-05-28 12:18:10,911][root][INFO] - Finished replay epoch 4831/10000
[2026-05-28 12:18:16,074][root][INFO] - Finished replay epoch 4832/10000
[2026-05-28 12:18:21,298][root][INFO] - Finished replay epoch 4833/10000
[2026-05-28 12:18:26,460][root][INFO] - Finished replay epoch 4834/10000
| pretrain       | Iter: 0 | T: 8:36:57 | BS: 3392 | Batched Update FPS: 3.7546
[2026-05-28 12:18:31,642][root][INFO] - Finished replay epoch 4835/10000
[2026-05-28 12:18:36,830][root][INFO] - Finished replay epoch 4836/10000
[2026-05-28 12:18:42,048][root][INFO] - Finished replay epoch 4837/10000
[2026-05-28 12:18:47,251][root][INFO] - Finished replay epoch 4838/10000
| pretrain       | Iter: 0 | T: 8:37:17 | BS: 3392 | Batched Update FPS: 3.6710
[2026-05-28 12:18:52,414][root][INFO] - Finished replay epoch 4839/10000
[2026-05-28 12:18:57,603][root][INFO] - Finished replay epoch 4840/10000
[2026-05-28 12:19:02,816][root][INFO] - Finished replay epoch 4841/10000
[2026-05-28 12:19:08,026][root][INFO] - Finished replay epoch 4842/10000
| pretrain       | Iter: 0 | T: 8:37:37 | BS: 3392 | Batched Update FPS: 3.6859
[2026-05-28 12:19:13,232][root][INFO] - Finished replay epoch 4843/10000
[2026-05-28 12:19:18,482][root][INFO] - Finished replay epoch 4844/10000
[2026-05-28 12:19:23,617][root][INFO] - Finished replay epoch 4845/10000
[2026-05-28 12:19:28,847][root][INFO] - Finished replay epoch 4846/10000
| pretrain       | Iter: 0 | T: 8:37:57 | BS: 3392 | Batched Update FPS: 4.5283
[2026-05-28 12:19:34,335][root][INFO] - Finished replay epoch 4847/10000
[2026-05-28 12:19:39,526][root][INFO] - Finished replay epoch 4848/10000
[2026-05-28 12:19:44,758][root][INFO] - Finished replay epoch 4849/10000
[2026-05-28 12:19:49,941][root][INFO] - Finished replay epoch 4850/10000
| pretrain       | Iter: 0 | T: 8:38:17 | BS: 3392 | Batched Update FPS: 3.2789
[2026-05-28 12:19:55,117][root][INFO] - Finished replay epoch 4851/10000
[2026-05-28 12:20:00,318][root][INFO] - Finished replay epoch 4852/10000
[2026-05-28 12:20:05,513][root][INFO] - Finished replay epoch 4853/10000
| pretrain       | Iter: 0 | T: 8:38:37 | BS: 3392 | Batched Update FPS: 3.0366
[2026-05-28 12:20:10,749][root][INFO] - Finished replay epoch 4854/10000
[2026-05-28 12:20:15,966][root][INFO] - Finished replay epoch 4855/10000
[2026-05-28 12:20:21,220][root][INFO] - Finished replay epoch 4856/10000
[2026-05-28 12:20:26,114][root][INFO] - Finished replay epoch 4857/10000
| pretrain       | Iter: 0 | T: 8:38:57 | BS: 3392 | Batched Update FPS: 3.0630
[2026-05-28 12:20:31,307][root][INFO] - Finished replay epoch 4858/10000
[2026-05-28 12:20:36,541][root][INFO] - Finished replay epoch 4859/10000
[2026-05-28 12:20:41,429][root][INFO] - Finished replay epoch 4860/10000
[2026-05-28 12:20:46,427][root][INFO] - Finished replay epoch 4861/10000
| pretrain       | Iter: 0 | T: 8:39:16 | BS: 3392 | Batched Update FPS: 3.2629
[2026-05-28 12:20:51,400][root][INFO] - Finished replay epoch 4862/10000
[2026-05-28 12:20:56,590][root][INFO] - Finished replay epoch 4863/10000
[2026-05-28 12:21:01,774][root][INFO] - Finished replay epoch 4864/10000
[2026-05-28 12:21:06,929][root][INFO] - Finished replay epoch 4865/10000
| pretrain       | Iter: 0 | T: 8:39:36 | BS: 3392 | Batched Update FPS: 3.4193
[2026-05-28 12:21:12,099][root][INFO] - Finished replay epoch 4866/10000
[2026-05-28 12:21:17,262][root][INFO] - Finished replay epoch 4867/10000
[2026-05-28 12:21:22,027][root][INFO] - Finished replay epoch 4868/10000
[2026-05-28 12:21:26,850][root][INFO] - Finished replay epoch 4869/10000
| pretrain       | Iter: 0 | T: 8:39:55 | BS: 3392 | Batched Update FPS: 4.0681
[2026-05-28 12:21:31,924][root][INFO] - Finished replay epoch 4870/10000
[2026-05-28 12:21:37,093][root][INFO] - Finished replay epoch 4871/10000
[2026-05-28 12:21:42,182][root][INFO] - Finished replay epoch 4872/10000
[2026-05-28 12:21:47,379][root][INFO] - Finished replay epoch 4873/10000
| pretrain       | Iter: 0 | T: 8:40:15 | BS: 3392 | Batched Update FPS: 3.9350
[2026-05-28 12:21:52,675][root][INFO] - Finished replay epoch 4874/10000
[2026-05-28 12:21:57,823][root][INFO] - Finished replay epoch 4875/10000
[2026-05-28 12:22:02,996][root][INFO] - Finished replay epoch 4876/10000
| pretrain       | Iter: 0 | T: 8:40:35 | BS: 3392 | Batched Update FPS: 5.5116
[2026-05-28 12:22:07,782][root][INFO] - Finished replay epoch 4877/10000
[2026-05-28 12:22:12,308][root][INFO] - Finished replay epoch 4878/10000
[2026-05-28 12:22:15,938][root][INFO] - Finished replay epoch 4879/10000
[2026-05-28 12:22:19,597][root][INFO] - Finished replay epoch 4880/10000
| pretrain       | Iter: 0 | T: 8:40:50 | BS: 3392 | Batched Update FPS: 5.4145
[2026-05-28 12:22:23,244][root][INFO] - Finished replay epoch 4881/10000
[2026-05-28 12:22:26,876][root][INFO] - Finished replay epoch 4882/10000
[2026-05-28 12:22:30,525][root][INFO] - Finished replay epoch 4883/10000
[2026-05-28 12:22:34,169][root][INFO] - Finished replay epoch 4884/10000
| pretrain       | Iter: 0 | T: 8:41:04 | BS: 3392 | Batched Update FPS: 6.3643
[2026-05-28 12:22:38,064][root][INFO] - Finished replay epoch 4885/10000
[2026-05-28 12:22:41,691][root][INFO] - Finished replay epoch 4886/10000
[2026-05-28 12:22:45,318][root][INFO] - Finished replay epoch 4887/10000
[2026-05-28 12:22:48,935][root][INFO] - Finished replay epoch 4888/10000
| pretrain       | Iter: 0 | T: 8:41:18 | BS: 3392 | Batched Update FPS: 5.5811
[2026-05-28 12:22:52,598][root][INFO] - Finished replay epoch 4889/10000
[2026-05-28 12:22:56,216][root][INFO] - Finished replay epoch 4890/10000
[2026-05-28 12:22:59,853][root][INFO] - Finished replay epoch 4891/10000
[2026-05-28 12:23:03,470][root][INFO] - Finished replay epoch 4892/10000
| pretrain       | Iter: 0 | T: 8:41:32 | BS: 3392 | Batched Update FPS: 5.3133
[2026-05-28 12:23:07,145][root][INFO] - Finished replay epoch 4893/10000
[2026-05-28 12:23:10,808][root][INFO] - Finished replay epoch 4894/10000
[2026-05-28 12:23:14,407][root][INFO] - Finished replay epoch 4895/10000
[2026-05-28 12:23:18,068][root][INFO] - Finished replay epoch 4896/10000
| pretrain       | Iter: 0 | T: 8:41:46 | BS: 3392 | Batched Update FPS: 5.3524
[2026-05-28 12:23:21,722][root][INFO] - Finished replay epoch 4897/10000
[2026-05-28 12:23:25,379][root][INFO] - Finished replay epoch 4898/10000
[2026-05-28 12:23:29,022][root][INFO] - Finished replay epoch 4899/10000
[2026-05-28 12:23:32,684][root][INFO] - Finished replay epoch 4900/10000
| pretrain       | Iter: 0 | T: 8:42:00 | BS: 3392 | Batched Update FPS: 5.4598
[2026-05-28 12:23:36,321][root][INFO] - Finished replay epoch 4901/10000
[2026-05-28 12:23:39,960][root][INFO] - Finished replay epoch 4902/10000
[2026-05-28 12:23:43,631][root][INFO] - Finished replay epoch 4903/10000
| pretrain       | Iter: 0 | T: 8:42:14 | BS: 3392 | Batched Update FPS: 5.3737
wandb: WARNING `format` argument was not provided, defaulting to `gif`. This parameter will be required in v0.20.0, please specify the format explicitly.
wandb: Encoding video...
| pretrain_eval  | Iter: 0 | S: 127500 | E: 0 | L: 200 | R: 0.0000 | T: 8:43:54
[2026-05-28 12:25:31,754][root][INFO] - Finished replay epoch 4904/10000
[2026-05-28 12:25:35,408][root][INFO] - Finished replay epoch 4905/10000
[2026-05-28 12:25:39,066][root][INFO] - Finished replay epoch 4906/10000
[2026-05-28 12:25:42,747][root][INFO] - Finished replay epoch 4907/10000
| pretrain       | Iter: 0 | T: 8:44:12 | BS: 3392 | Batched Update FPS: 5.3984
[2026-05-28 12:25:46,381][root][INFO] - Finished replay epoch 4908/10000
[2026-05-28 12:25:50,058][root][INFO] - Finished replay epoch 4909/10000
[2026-05-28 12:25:53,731][root][INFO] - Finished replay epoch 4910/10000
[2026-05-28 12:25:57,310][root][INFO] - Finished replay epoch 4911/10000
| pretrain       | Iter: 0 | T: 8:44:26 | BS: 3392 | Batched Update FPS: 5.3388
[2026-05-28 12:26:00,916][root][INFO] - Finished replay epoch 4912/10000
[2026-05-28 12:26:04,535][root][INFO] - Finished replay epoch 4913/10000
[2026-05-28 12:26:08,102][root][INFO] - Finished replay epoch 4914/10000
[2026-05-28 12:26:11,720][root][INFO] - Finished replay epoch 4915/10000
| pretrain       | Iter: 0 | T: 8:44:40 | BS: 3392 | Batched Update FPS: 5.3595
[2026-05-28 12:26:15,378][root][INFO] - Finished replay epoch 4916/10000
[2026-05-28 12:26:18,971][root][INFO] - Finished replay epoch 4917/10000
[2026-05-28 12:26:22,589][root][INFO] - Finished replay epoch 4918/10000
[2026-05-28 12:26:26,204][root][INFO] - Finished replay epoch 4919/10000
| pretrain       | Iter: 0 | T: 8:44:54 | BS: 3392 | Batched Update FPS: 5.3423
[2026-05-28 12:26:29,860][root][INFO] - Finished replay epoch 4920/10000
[2026-05-28 12:26:33,485][root][INFO] - Finished replay epoch 4921/10000
[2026-05-28 12:26:37,040][root][INFO] - Finished replay epoch 4922/10000
[2026-05-28 12:26:40,685][root][INFO] - Finished replay epoch 4923/10000
| pretrain       | Iter: 0 | T: 8:45:08 | BS: 3392 | Batched Update FPS: 6.4864
[2026-05-28 12:26:44,511][root][INFO] - Finished replay epoch 4924/10000
[2026-05-28 12:26:48,332][root][INFO] - Finished replay epoch 4925/10000
[2026-05-28 12:26:51,934][root][INFO] - Finished replay epoch 4926/10000
| pretrain       | Iter: 0 | T: 8:45:22 | BS: 3392 | Batched Update FPS: 5.4765
[2026-05-28 12:26:55,594][root][INFO] - Finished replay epoch 4927/10000
[2026-05-28 12:26:59,213][root][INFO] - Finished replay epoch 4928/10000
[2026-05-28 12:27:02,786][root][INFO] - Finished replay epoch 4929/10000
[2026-05-28 12:27:06,392][root][INFO] - Finished replay epoch 4930/10000
| pretrain       | Iter: 0 | T: 8:45:36 | BS: 3392 | Batched Update FPS: 5.4388
[2026-05-28 12:27:10,005][root][INFO] - Finished replay epoch 4931/10000
[2026-05-28 12:27:13,611][root][INFO] - Finished replay epoch 4932/10000
[2026-05-28 12:27:17,237][root][INFO] - Finished replay epoch 4933/10000
[2026-05-28 12:27:20,881][root][INFO] - Finished replay epoch 4934/10000
| pretrain       | Iter: 0 | T: 8:45:50 | BS: 3392 | Batched Update FPS: 5.3995
[2026-05-28 12:27:24,545][root][INFO] - Finished replay epoch 4935/10000
[2026-05-28 12:27:28,197][root][INFO] - Finished replay epoch 4936/10000
[2026-05-28 12:27:31,783][root][INFO] - Finished replay epoch 4937/10000
[2026-05-28 12:27:35,348][root][INFO] - Finished replay epoch 4938/10000
| pretrain       | Iter: 0 | T: 8:46:04 | BS: 3392 | Batched Update FPS: 5.4511
[2026-05-28 12:27:38,971][root][INFO] - Finished replay epoch 4939/10000
[2026-05-28 12:27:42,610][root][INFO] - Finished replay epoch 4940/10000
[2026-05-28 12:27:46,259][root][INFO] - Finished replay epoch 4941/10000
[2026-05-28 12:27:49,894][root][INFO] - Finished replay epoch 4942/10000
| pretrain       | Iter: 0 | T: 8:46:18 | BS: 3392 | Batched Update FPS: 5.3708
[2026-05-28 12:27:53,487][root][INFO] - Finished replay epoch 4943/10000
[2026-05-28 12:27:57,083][root][INFO] - Finished replay epoch 4944/10000
[2026-05-28 12:28:00,682][root][INFO] - Finished replay epoch 4945/10000
[2026-05-28 12:28:04,291][root][INFO] - Finished replay epoch 4946/10000
| pretrain       | Iter: 0 | T: 8:46:32 | BS: 3392 | Batched Update FPS: 5.3939
[2026-05-28 12:28:07,968][root][INFO] - Finished replay epoch 4947/10000
[2026-05-28 12:28:11,541][root][INFO] - Finished replay epoch 4948/10000
[2026-05-28 12:28:15,163][root][INFO] - Finished replay epoch 4949/10000
[2026-05-28 12:28:18,786][root][INFO] - Finished replay epoch 4950/10000
| pretrain       | Iter: 0 | T: 8:46:46 | BS: 3392 | Batched Update FPS: 5.4663
[2026-05-28 12:28:22,452][root][INFO] - Finished replay epoch 4951/10000
[2026-05-28 12:28:26,078][root][INFO] - Finished replay epoch 4952/10000
[2026-05-28 12:28:29,700][root][INFO] - Finished replay epoch 4953/10000
| pretrain       | Iter: 0 | T: 8:47:00 | BS: 3392 | Batched Update FPS: 5.3924
[2026-05-28 12:28:33,326][root][INFO] - Finished replay epoch 4954/10000
[2026-05-28 12:28:36,961][root][INFO] - Finished replay epoch 4955/10000
[2026-05-28 12:28:40,552][root][INFO] - Finished replay epoch 4956/10000
[2026-05-28 12:28:44,162][root][INFO] - Finished replay epoch 4957/10000
| pretrain       | Iter: 0 | T: 8:47:14 | BS: 3392 | Batched Update FPS: 5.3331
[2026-05-28 12:28:47,766][root][INFO] - Finished replay epoch 4958/10000
[2026-05-28 12:28:51,341][root][INFO] - Finished replay epoch 4959/10000
[2026-05-28 12:28:54,958][root][INFO] - Finished replay epoch 4960/10000
[2026-05-28 12:28:58,612][root][INFO] - Finished replay epoch 4961/10000
| pretrain       | Iter: 0 | T: 8:47:28 | BS: 3392 | Batched Update FPS: 6.1115
[2026-05-28 12:29:02,483][root][INFO] - Finished replay epoch 4962/10000
[2026-05-28 12:29:06,099][root][INFO] - Finished replay epoch 4963/10000
[2026-05-28 12:29:09,723][root][INFO] - Finished replay epoch 4964/10000
[2026-05-28 12:29:13,351][root][INFO] - Finished replay epoch 4965/10000
| pretrain       | Iter: 0 | T: 8:47:42 | BS: 3392 | Batched Update FPS: 5.3029
[2026-05-28 12:29:17,018][root][INFO] - Finished replay epoch 4966/10000
[2026-05-28 12:29:20,663][root][INFO] - Finished replay epoch 4967/10000
[2026-05-28 12:29:24,262][root][INFO] - Finished replay epoch 4968/10000
[2026-05-28 12:29:27,886][root][INFO] - Finished replay epoch 4969/10000
| pretrain       | Iter: 0 | T: 8:47:56 | BS: 3392 | Batched Update FPS: 5.3927
[2026-05-28 12:29:31,447][root][INFO] - Finished replay epoch 4970/10000
[2026-05-28 12:29:35,061][root][INFO] - Finished replay epoch 4971/10000
[2026-05-28 12:29:38,687][root][INFO] - Finished replay epoch 4972/10000
[2026-05-28 12:29:42,307][root][INFO] - Finished replay epoch 4973/10000
| pretrain       | Iter: 0 | T: 8:48:10 | BS: 3392 | Batched Update FPS: 5.5020
[2026-05-28 12:29:45,940][root][INFO] - Finished replay epoch 4974/10000
[2026-05-28 12:29:49,549][root][INFO] - Finished replay epoch 4975/10000
[2026-05-28 12:29:53,185][root][INFO] - Finished replay epoch 4976/10000
| pretrain       | Iter: 0 | T: 8:48:24 | BS: 3392 | Batched Update FPS: 5.3838
[2026-05-28 12:29:56,825][root][INFO] - Finished replay epoch 4977/10000
[2026-05-28 12:30:00,483][root][INFO] - Finished replay epoch 4978/10000
[2026-05-28 12:30:04,080][root][INFO] - Finished replay epoch 4979/10000
[2026-05-28 12:30:07,739][root][INFO] - Finished replay epoch 4980/10000
| pretrain       | Iter: 0 | T: 8:48:38 | BS: 3392 | Batched Update FPS: 5.3455
[2026-05-28 12:30:11,368][root][INFO] - Finished replay epoch 4981/10000
[2026-05-28 12:30:15,005][root][INFO] - Finished replay epoch 4982/10000
[2026-05-28 12:30:18,620][root][INFO] - Finished replay epoch 4983/10000
[2026-05-28 12:30:22,236][root][INFO] - Finished replay epoch 4984/10000
| pretrain       | Iter: 0 | T: 8:48:52 | BS: 3392 | Batched Update FPS: 5.6841
[2026-05-28 12:30:25,882][root][INFO] - Finished replay epoch 4985/10000
[2026-05-28 12:30:29,506][root][INFO] - Finished replay epoch 4986/10000
[2026-05-28 12:30:33,110][root][INFO] - Finished replay epoch 4987/10000
[2026-05-28 12:30:36,666][root][INFO] - Finished replay epoch 4988/10000
| pretrain       | Iter: 0 | T: 8:49:05 | BS: 3392 | Batched Update FPS: 5.7368
[2026-05-28 12:30:40,349][root][INFO] - Finished replay epoch 4989/10000
[2026-05-28 12:30:43,960][root][INFO] - Finished replay epoch 4990/10000
[2026-05-28 12:30:47,468][root][INFO] - Finished replay epoch 4991/10000
[2026-05-28 12:30:50,925][root][INFO] - Finished replay epoch 4992/10000
| pretrain       | Iter: 0 | T: 8:49:19 | BS: 3392 | Batched Update FPS: 5.7510
[2026-05-28 12:30:54,391][root][INFO] - Finished replay epoch 4993/10000
[2026-05-28 12:30:57,849][root][INFO] - Finished replay epoch 4994/10000
[2026-05-28 12:31:01,329][root][INFO] - Finished replay epoch 4995/10000
[2026-05-28 12:31:04,863][root][INFO] - Finished replay epoch 4996/10000
| pretrain       | Iter: 0 | T: 8:49:33 | BS: 3392 | Batched Update FPS: 5.7409
[2026-05-28 12:31:08,351][root][INFO] - Finished replay epoch 4997/10000
[2026-05-28 12:31:11,799][root][INFO] - Finished replay epoch 4998/10000
[2026-05-28 12:31:15,286][root][INFO] - Finished replay epoch 4999/10000
[2026-05-28 12:31:18,991][root][INFO] - Finished replay epoch 5000/10000
| pretrain       | Iter: 0 | T: 8:49:46 | BS: 3392 | Batched Update FPS: 6.1767
wandb: WARNING `format` argument was not provided, defaulting to `gif`. This parameter will be required in v0.20.0, please specify the format explicitly.
wandb: Encoding video...
| pretrain_eval  | Iter: 0 | S: 130000 | E: 0 | L: 200 | R: 0.0000 | T: 8:52:02
[2026-05-28 12:33:44,777][root][INFO] - Finished replay epoch 5001/10000
[2026-05-28 12:33:50,050][root][INFO] - Finished replay epoch 5002/10000
[2026-05-28 12:33:55,325][root][INFO] - Finished replay epoch 5003/10000
| pretrain       | Iter: 0 | T: 8:52:27 | BS: 3392 | Batched Update FPS: 4.1304
[2026-05-28 12:34:00,576][root][INFO] - Finished replay epoch 5004/10000
[2026-05-28 12:34:05,779][root][INFO] - Finished replay epoch 5005/10000
[2026-05-28 12:34:10,992][root][INFO] - Finished replay epoch 5006/10000
[2026-05-28 12:34:16,306][root][INFO] - Finished replay epoch 5007/10000
| pretrain       | Iter: 0 | T: 8:52:47 | BS: 3392 | Batched Update FPS: 3.6354
[2026-05-28 12:34:21,527][root][INFO] - Finished replay epoch 5008/10000
[2026-05-28 12:34:26,789][root][INFO] - Finished replay epoch 5009/10000
[2026-05-28 12:34:32,034][root][INFO] - Finished replay epoch 5010/10000
[2026-05-28 12:34:37,371][root][INFO] - Finished replay epoch 5011/10000
| pretrain       | Iter: 0 | T: 8:53:07 | BS: 3392 | Batched Update FPS: 3.2643
[2026-05-28 12:34:42,635][root][INFO] - Finished replay epoch 5012/10000
[2026-05-28 12:34:47,882][root][INFO] - Finished replay epoch 5013/10000
[2026-05-28 12:34:53,182][root][INFO] - Finished replay epoch 5014/10000
[2026-05-28 12:34:58,478][root][INFO] - Finished replay epoch 5015/10000
| pretrain       | Iter: 0 | T: 8:53:28 | BS: 3392 | Batched Update FPS: 3.4101
[2026-05-28 12:35:03,825][root][INFO] - Finished replay epoch 5016/10000
[2026-05-28 12:35:09,079][root][INFO] - Finished replay epoch 5017/10000
[2026-05-28 12:35:14,337][root][INFO] - Finished replay epoch 5018/10000
[2026-05-28 12:35:19,658][root][INFO] - Finished replay epoch 5019/10000
| pretrain       | Iter: 0 | T: 8:53:48 | BS: 3392 | Batched Update FPS: 3.9487
[2026-05-28 12:35:24,865][root][INFO] - Finished replay epoch 5020/10000
[2026-05-28 12:35:30,074][root][INFO] - Finished replay epoch 5021/10000
[2026-05-28 12:35:35,416][root][INFO] - Finished replay epoch 5022/10000
[2026-05-28 12:35:40,596][root][INFO] - Finished replay epoch 5023/10000
| pretrain       | Iter: 0 | T: 8:54:08 | BS: 3392 | Batched Update FPS: 3.0305
[2026-05-28 12:35:45,914][root][INFO] - Finished replay epoch 5024/10000
[2026-05-28 12:35:51,197][root][INFO] - Finished replay epoch 5025/10000
[2026-05-28 12:35:56,461][root][INFO] - Finished replay epoch 5026/10000
| pretrain       | Iter: 0 | T: 8:54:28 | BS: 3392 | Batched Update FPS: 5.3847
[2026-05-28 12:36:00,899][root][INFO] - Finished replay epoch 5027/10000
[2026-05-28 12:36:04,518][root][INFO] - Finished replay epoch 5028/10000
[2026-05-28 12:36:08,117][root][INFO] - Finished replay epoch 5029/10000
[2026-05-28 12:36:11,762][root][INFO] - Finished replay epoch 5030/10000
| pretrain       | Iter: 0 | T: 8:54:42 | BS: 3392 | Batched Update FPS: 5.1965
[2026-05-28 12:36:15,378][root][INFO] - Finished replay epoch 5031/10000
[2026-05-28 12:36:19,126][root][INFO] - Finished replay epoch 5032/10000
[2026-05-28 12:36:22,713][root][INFO] - Finished replay epoch 5033/10000
[2026-05-28 12:36:26,194][root][INFO] - Finished replay epoch 5034/10000
| pretrain       | Iter: 0 | T: 8:54:55 | BS: 3392 | Batched Update FPS: 5.4102
[2026-05-28 12:36:29,719][root][INFO] - Finished replay epoch 5035/10000
[2026-05-28 12:36:33,193][root][INFO] - Finished replay epoch 5036/10000
[2026-05-28 12:36:36,688][root][INFO] - Finished replay epoch 5037/10000
[2026-05-28 12:36:40,167][root][INFO] - Finished replay epoch 5038/10000
| pretrain       | Iter: 0 | T: 8:55:09 | BS: 3392 | Batched Update FPS: 6.5219
[2026-05-28 12:36:43,929][root][INFO] - Finished replay epoch 5039/10000
[2026-05-28 12:36:47,391][root][INFO] - Finished replay epoch 5040/10000
[2026-05-28 12:36:50,982][root][INFO] - Finished replay epoch 5041/10000
[2026-05-28 12:36:54,459][root][INFO] - Finished replay epoch 5042/10000
| pretrain       | Iter: 0 | T: 8:55:23 | BS: 3392 | Batched Update FPS: 5.8699
[2026-05-28 12:36:57,958][root][INFO] - Finished replay epoch 5043/10000
[2026-05-28 12:37:01,512][root][INFO] - Finished replay epoch 5044/10000
[2026-05-28 12:37:04,977][root][INFO] - Finished replay epoch 5045/10000
[2026-05-28 12:37:08,493][root][INFO] - Finished replay epoch 5046/10000
| pretrain       | Iter: 0 | T: 8:55:36 | BS: 3392 | Batched Update FPS: 5.5088
[2026-05-28 12:37:12,040][root][INFO] - Finished replay epoch 5047/10000
[2026-05-28 12:37:15,572][root][INFO] - Finished replay epoch 5048/10000
[2026-05-28 12:37:19,075][root][INFO] - Finished replay epoch 5049/10000
[2026-05-28 12:37:22,593][root][INFO] - Finished replay epoch 5050/10000
| pretrain       | Iter: 0 | T: 8:55:50 | BS: 3392 | Batched Update FPS: 5.6677
[2026-05-28 12:37:26,106][root][INFO] - Finished replay epoch 5051/10000
[2026-05-28 12:37:29,683][root][INFO] - Finished replay epoch 5052/10000
[2026-05-28 12:37:33,289][root][INFO] - Finished replay epoch 5053/10000
| pretrain       | Iter: 0 | T: 8:56:03 | BS: 3392 | Batched Update FPS: 5.4450
[2026-05-28 12:37:36,929][root][INFO] - Finished replay epoch 5054/10000
[2026-05-28 12:37:40,514][root][INFO] - Finished replay epoch 5055/10000
[2026-05-28 12:37:44,109][root][INFO] - Finished replay epoch 5056/10000
[2026-05-28 12:37:47,671][root][INFO] - Finished replay epoch 5057/10000
| pretrain       | Iter: 0 | T: 8:56:17 | BS: 3392 | Batched Update FPS: 5.2761
[2026-05-28 12:37:51,331][root][INFO] - Finished replay epoch 5058/10000
[2026-05-28 12:37:54,949][root][INFO] - Finished replay epoch 5059/10000
[2026-05-28 12:37:58,614][root][INFO] - Finished replay epoch 5060/10000
[2026-05-28 12:38:02,272][root][INFO] - Finished replay epoch 5061/10000
| pretrain       | Iter: 0 | T: 8:56:31 | BS: 3392 | Batched Update FPS: 5.3979
[2026-05-28 12:38:05,838][root][INFO] - Finished replay epoch 5062/10000
[2026-05-28 12:38:09,458][root][INFO] - Finished replay epoch 5063/10000
[2026-05-28 12:38:13,098][root][INFO] - Finished replay epoch 5064/10000
[2026-05-28 12:38:16,727][root][INFO] - Finished replay epoch 5065/10000
| pretrain       | Iter: 0 | T: 8:56:45 | BS: 3392 | Batched Update FPS: 5.5069
[2026-05-28 12:38:20,346][root][INFO] - Finished replay epoch 5066/10000
[2026-05-28 12:38:24,009][root][INFO] - Finished replay epoch 5067/10000
[2026-05-28 12:38:27,612][root][INFO] - Finished replay epoch 5068/10000
[2026-05-28 12:38:31,198][root][INFO] - Finished replay epoch 5069/10000
| pretrain       | Iter: 0 | T: 8:56:59 | BS: 3392 | Batched Update FPS: 5.4978
[2026-05-28 12:38:34,880][root][INFO] - Finished replay epoch 5070/10000
[2026-05-28 12:38:38,470][root][INFO] - Finished replay epoch 5071/10000
[2026-05-28 12:38:42,056][root][INFO] - Finished replay epoch 5072/10000
[2026-05-28 12:38:45,769][root][INFO] - Finished replay epoch 5073/10000
| pretrain       | Iter: 0 | T: 8:57:13 | BS: 3392 | Batched Update FPS: 5.3571
[2026-05-28 12:38:49,356][root][INFO] - Finished replay epoch 5074/10000
[2026-05-28 12:38:52,853][root][INFO] - Finished replay epoch 5075/10000
[2026-05-28 12:38:56,327][root][INFO] - Finished replay epoch 5076/10000
| pretrain       | Iter: 0 | T: 8:57:27 | BS: 3392 | Batched Update FPS: 5.9652
[2026-05-28 12:39:00,019][root][INFO] - Finished replay epoch 5077/10000
[2026-05-28 12:39:03,484][root][INFO] - Finished replay epoch 5078/10000
[2026-05-28 12:39:06,988][root][INFO] - Finished replay epoch 5079/10000
[2026-05-28 12:39:10,507][root][INFO] - Finished replay epoch 5080/10000
| pretrain       | Iter: 0 | T: 8:57:40 | BS: 3392 | Batched Update FPS: 5.7202
[2026-05-28 12:39:13,973][root][INFO] - Finished replay epoch 5081/10000
[2026-05-28 12:39:17,504][root][INFO] - Finished replay epoch 5082/10000
[2026-05-28 12:39:21,022][root][INFO] - Finished replay epoch 5083/10000
[2026-05-28 12:39:24,576][root][INFO] - Finished replay epoch 5084/10000
| pretrain       | Iter: 0 | T: 8:57:54 | BS: 3392 | Batched Update FPS: 5.2415
[2026-05-28 12:39:28,348][root][INFO] - Finished replay epoch 5085/10000
[2026-05-28 12:39:32,118][root][INFO] - Finished replay epoch 5086/10000
[2026-05-28 12:39:35,830][root][INFO] - Finished replay epoch 5087/10000
[2026-05-28 12:39:39,617][root][INFO] - Finished replay epoch 5088/10000
| pretrain       | Iter: 0 | T: 8:58:09 | BS: 3392 | Batched Update FPS: 4.9939
[2026-05-28 12:39:43,458][root][INFO] - Finished replay epoch 5089/10000
[2026-05-28 12:39:47,192][root][INFO] - Finished replay epoch 5090/10000
[2026-05-28 12:39:51,026][root][INFO] - Finished replay epoch 5091/10000
[2026-05-28 12:39:56,227][root][INFO] - Finished replay epoch 5092/10000
| pretrain       | Iter: 0 | T: 8:58:25 | BS: 3392 | Batched Update FPS: 3.4201
[2026-05-28 12:40:01,433][root][INFO] - Finished replay epoch 5093/10000
[2026-05-28 12:40:06,705][root][INFO] - Finished replay epoch 5094/10000
[2026-05-28 12:40:11,886][root][INFO] - Finished replay epoch 5095/10000
[2026-05-28 12:40:17,118][root][INFO] - Finished replay epoch 5096/10000
| pretrain       | Iter: 0 | T: 8:58:45 | BS: 3392 | Batched Update FPS: 3.1378
wandb: WARNING `format` argument was not provided, defaulting to `gif`. This parameter will be required in v0.20.0, please specify the format explicitly.
wandb: Encoding video...
| pretrain_eval  | Iter: 0 | S: 132500 | E: 0 | L: 200 | R: 0.0000 | T: 9:01:10
[2026-05-28 12:42:51,480][root][INFO] - Finished replay epoch 5097/10000
[2026-05-28 12:42:56,972][root][INFO] - Finished replay epoch 5098/10000
[2026-05-28 12:43:02,175][root][INFO] - Finished replay epoch 5099/10000
[2026-05-28 12:43:07,415][root][INFO] - Finished replay epoch 5100/10000
| pretrain       | Iter: 0 | T: 9:01:35 | BS: 3392 | Batched Update FPS: 4.2167
[2026-05-28 12:43:12,699][root][INFO] - Finished replay epoch 5101/10000
[2026-05-28 12:43:18,047][root][INFO] - Finished replay epoch 5102/10000
[2026-05-28 12:43:23,336][root][INFO] - Finished replay epoch 5103/10000
| pretrain       | Iter: 0 | T: 9:01:55 | BS: 3392 | Batched Update FPS: 3.2857
[2026-05-28 12:43:28,612][root][INFO] - Finished replay epoch 5104/10000
[2026-05-28 12:43:33,855][root][INFO] - Finished replay epoch 5105/10000
[2026-05-28 12:43:39,081][root][INFO] - Finished replay epoch 5106/10000
[2026-05-28 12:43:44,291][root][INFO] - Finished replay epoch 5107/10000
| pretrain       | Iter: 0 | T: 9:02:15 | BS: 3392 | Batched Update FPS: 4.2878
[2026-05-28 12:43:49,638][root][INFO] - Finished replay epoch 5108/10000
[2026-05-28 12:43:54,976][root][INFO] - Finished replay epoch 5109/10000
[2026-05-28 12:44:00,266][root][INFO] - Finished replay epoch 5110/10000
[2026-05-28 12:44:05,526][root][INFO] - Finished replay epoch 5111/10000
| pretrain       | Iter: 0 | T: 9:02:36 | BS: 3392 | Batched Update FPS: 4.5103
[2026-05-28 12:44:10,731][root][INFO] - Finished replay epoch 5112/10000
[2026-05-28 12:44:16,053][root][INFO] - Finished replay epoch 5113/10000
[2026-05-28 12:44:21,297][root][INFO] - Finished replay epoch 5114/10000
[2026-05-28 12:44:26,531][root][INFO] - Finished replay epoch 5115/10000
| pretrain       | Iter: 0 | T: 9:02:56 | BS: 3392 | Batched Update FPS: 3.4441
[2026-05-28 12:44:32,035][root][INFO] - Finished replay epoch 5116/10000
[2026-05-28 12:44:37,300][root][INFO] - Finished replay epoch 5117/10000
[2026-05-28 12:44:42,500][root][INFO] - Finished replay epoch 5118/10000
[2026-05-28 12:44:47,858][root][INFO] - Finished replay epoch 5119/10000
| pretrain       | Iter: 0 | T: 9:03:16 | BS: 3392 | Batched Update FPS: 4.1414
[2026-05-28 12:44:53,080][root][INFO] - Finished replay epoch 5120/10000
[2026-05-28 12:44:58,391][root][INFO] - Finished replay epoch 5121/10000
[2026-05-28 12:45:03,678][root][INFO] - Finished replay epoch 5122/10000
[2026-05-28 12:45:08,980][root][INFO] - Finished replay epoch 5123/10000
| pretrain       | Iter: 0 | T: 9:03:37 | BS: 3392 | Batched Update FPS: 3.1424
[2026-05-28 12:45:14,296][root][INFO] - Finished replay epoch 5124/10000
[2026-05-28 12:45:19,616][root][INFO] - Finished replay epoch 5125/10000
[2026-05-28 12:45:24,847][root][INFO] - Finished replay epoch 5126/10000
| pretrain       | Iter: 0 | T: 9:03:57 | BS: 3392 | Batched Update FPS: 4.4313
[2026-05-28 12:45:30,135][root][INFO] - Finished replay epoch 5127/10000
[2026-05-28 12:45:35,471][root][INFO] - Finished replay epoch 5128/10000
[2026-05-28 12:45:40,687][root][INFO] - Finished replay epoch 5129/10000
[2026-05-28 12:45:46,036][root][INFO] - Finished replay epoch 5130/10000
| pretrain       | Iter: 0 | T: 9:04:17 | BS: 3392 | Batched Update FPS: 3.2730
[2026-05-28 12:45:51,358][root][INFO] - Finished replay epoch 5131/10000
[2026-05-28 12:45:56,712][root][INFO] - Finished replay epoch 5132/10000
[2026-05-28 12:46:01,940][root][INFO] - Finished replay epoch 5133/10000
[2026-05-28 12:46:07,223][root][INFO] - Finished replay epoch 5134/10000
| pretrain       | Iter: 0 | T: 9:04:38 | BS: 3392 | Batched Update FPS: 3.5225
[2026-05-28 12:46:12,495][root][INFO] - Finished replay epoch 5135/10000
[2026-05-28 12:46:17,772][root][INFO] - Finished replay epoch 5136/10000
[2026-05-28 12:46:23,109][root][INFO] - Finished replay epoch 5137/10000
[2026-05-28 12:46:28,420][root][INFO] - Finished replay epoch 5138/10000
| pretrain       | Iter: 0 | T: 9:04:58 | BS: 3392 | Batched Update FPS: 3.0727
[2026-05-28 12:46:33,658][root][INFO] - Finished replay epoch 5139/10000
[2026-05-28 12:46:38,936][root][INFO] - Finished replay epoch 5140/10000
[2026-05-28 12:46:43,643][root][INFO] - Finished replay epoch 5141/10000
[2026-05-28 12:46:48,961][root][INFO] - Finished replay epoch 5142/10000
| pretrain       | Iter: 0 | T: 9:05:18 | BS: 3392 | Batched Update FPS: 3.3780
[2026-05-28 12:46:54,226][root][INFO] - Finished replay epoch 5143/10000
[2026-05-28 12:46:59,498][root][INFO] - Finished replay epoch 5144/10000
[2026-05-28 12:47:04,797][root][INFO] - Finished replay epoch 5145/10000
[2026-05-28 12:47:10,070][root][INFO] - Finished replay epoch 5146/10000
| pretrain       | Iter: 0 | T: 9:05:38 | BS: 3392 | Batched Update FPS: 3.1634
[2026-05-28 12:47:15,420][root][INFO] - Finished replay epoch 5147/10000
[2026-05-28 12:47:20,727][root][INFO] - Finished replay epoch 5148/10000
[2026-05-28 12:47:26,009][root][INFO] - Finished replay epoch 5149/10000
[2026-05-28 12:47:31,251][root][INFO] - Finished replay epoch 5150/10000
| pretrain       | Iter: 0 | T: 9:05:58 | BS: 3392 | Batched Update FPS: 4.6989
[2026-05-28 12:47:36,515][root][INFO] - Finished replay epoch 5151/10000
[2026-05-28 12:47:41,932][root][INFO] - Finished replay epoch 5152/10000
[2026-05-28 12:47:47,190][root][INFO] - Finished replay epoch 5153/10000
| pretrain       | Iter: 0 | T: 9:06:19 | BS: 3392 | Batched Update FPS: 5.8841
[2026-05-28 12:47:52,853][root][INFO] - Finished replay epoch 5154/10000
[2026-05-28 12:47:58,086][root][INFO] - Finished replay epoch 5155/10000
[2026-05-28 12:48:03,377][root][INFO] - Finished replay epoch 5156/10000
[2026-05-28 12:48:08,712][root][INFO] - Finished replay epoch 5157/10000
| pretrain       | Iter: 0 | T: 9:06:40 | BS: 3392 | Batched Update FPS: 3.2324
[2026-05-28 12:48:14,042][root][INFO] - Finished replay epoch 5158/10000
[2026-05-28 12:48:19,364][root][INFO] - Finished replay epoch 5159/10000
[2026-05-28 12:48:24,634][root][INFO] - Finished replay epoch 5160/10000
[2026-05-28 12:48:29,891][root][INFO] - Finished replay epoch 5161/10000
| pretrain       | Iter: 0 | T: 9:07:00 | BS: 3392 | Batched Update FPS: 3.5064
[2026-05-28 12:48:35,235][root][INFO] - Finished replay epoch 5162/10000
[2026-05-28 12:48:40,509][root][INFO] - Finished replay epoch 5163/10000
[2026-05-28 12:48:45,806][root][INFO] - Finished replay epoch 5164/10000
[2026-05-28 12:48:51,088][root][INFO] - Finished replay epoch 5165/10000
| pretrain       | Iter: 0 | T: 9:07:20 | BS: 3392 | Batched Update FPS: 3.3397
[2026-05-28 12:48:56,341][root][INFO] - Finished replay epoch 5166/10000
[2026-05-28 12:49:01,567][root][INFO] - Finished replay epoch 5167/10000
[2026-05-28 12:49:06,921][root][INFO] - Finished replay epoch 5168/10000
[2026-05-28 12:49:12,094][root][INFO] - Finished replay epoch 5169/10000
| pretrain       | Iter: 0 | T: 9:07:41 | BS: 3392 | Batched Update FPS: 3.2435
[2026-05-28 12:49:17,484][root][INFO] - Finished replay epoch 5170/10000
[2026-05-28 12:49:22,760][root][INFO] - Finished replay epoch 5171/10000
[2026-05-28 12:49:28,128][root][INFO] - Finished replay epoch 5172/10000
[2026-05-28 12:49:33,477][root][INFO] - Finished replay epoch 5173/10000
| pretrain       | Iter: 0 | T: 9:08:01 | BS: 3392 | Batched Update FPS: 4.0113
[2026-05-28 12:49:38,816][root][INFO] - Finished replay epoch 5174/10000
[2026-05-28 12:49:44,161][root][INFO] - Finished replay epoch 5175/10000
[2026-05-28 12:49:49,445][root][INFO] - Finished replay epoch 5176/10000
| pretrain       | Iter: 0 | T: 9:08:22 | BS: 3392 | Batched Update FPS: 3.6644
[2026-05-28 12:49:54,807][root][INFO] - Finished replay epoch 5177/10000
[2026-05-28 12:50:00,112][root][INFO] - Finished replay epoch 5178/10000
[2026-05-28 12:50:05,421][root][INFO] - Finished replay epoch 5179/10000
[2026-05-28 12:50:10,680][root][INFO] - Finished replay epoch 5180/10000
| pretrain       | Iter: 0 | T: 9:08:42 | BS: 3392 | Batched Update FPS: 3.2123
[2026-05-28 12:50:16,038][root][INFO] - Finished replay epoch 5181/10000
[2026-05-28 12:50:21,321][root][INFO] - Finished replay epoch 5182/10000
[2026-05-28 12:50:26,665][root][INFO] - Finished replay epoch 5183/10000
[2026-05-28 12:50:31,926][root][INFO] - Finished replay epoch 5184/10000
| pretrain       | Iter: 0 | T: 9:09:02 | BS: 3392 | Batched Update FPS: 4.8525
[2026-05-28 12:50:37,189][root][INFO] - Finished replay epoch 5185/10000
[2026-05-28 12:50:42,531][root][INFO] - Finished replay epoch 5186/10000
[2026-05-28 12:50:47,796][root][INFO] - Finished replay epoch 5187/10000
[2026-05-28 12:50:53,111][root][INFO] - Finished replay epoch 5188/10000
| pretrain       | Iter: 0 | T: 9:09:23 | BS: 3392 | Batched Update FPS: 3.7153
[2026-05-28 12:50:58,387][root][INFO] - Finished replay epoch 5189/10000
[2026-05-28 12:51:03,671][root][INFO] - Finished replay epoch 5190/10000
[2026-05-28 12:51:08,927][root][INFO] - Finished replay epoch 5191/10000
[2026-05-28 12:51:14,377][root][INFO] - Finished replay epoch 5192/10000
| pretrain       | Iter: 0 | T: 9:09:43 | BS: 3392 | Batched Update FPS: 4.0921
wandb: WARNING `format` argument was not provided, defaulting to `gif`. This parameter will be required in v0.20.0, please specify the format explicitly.
wandb: Encoding video...
| pretrain_eval  | Iter: 0 | S: 135000 | E: 0 | L: 200 | R: 0.0000 | T: 9:12:06
[2026-05-28 12:53:45,715][root][INFO] - Finished replay epoch 5193/10000
[2026-05-28 12:53:49,476][root][INFO] - Finished replay epoch 5194/10000
[2026-05-28 12:53:53,293][root][INFO] - Finished replay epoch 5195/10000
[2026-05-28 12:53:57,082][root][INFO] - Finished replay epoch 5196/10000
| pretrain       | Iter: 0 | T: 9:12:25 | BS: 3392 | Batched Update FPS: 5.0409
[2026-05-28 12:54:00,873][root][INFO] - Finished replay epoch 5197/10000
[2026-05-28 12:54:04,660][root][INFO] - Finished replay epoch 5198/10000
[2026-05-28 12:54:08,448][root][INFO] - Finished replay epoch 5199/10000
[2026-05-28 12:54:12,236][root][INFO] - Finished replay epoch 5200/10000
| pretrain       | Iter: 0 | T: 9:12:39 | BS: 3392 | Batched Update FPS: 5.0198
[2026-05-28 12:54:16,093][root][INFO] - Finished replay epoch 5201/10000
[2026-05-28 12:54:19,976][root][INFO] - Finished replay epoch 5202/10000
[2026-05-28 12:54:23,845][root][INFO] - Finished replay epoch 5203/10000
| pretrain       | Iter: 0 | T: 9:12:54 | BS: 3392 | Batched Update FPS: 4.8608
[2026-05-28 12:54:27,774][root][INFO] - Finished replay epoch 5204/10000
[2026-05-28 12:54:31,677][root][INFO] - Finished replay epoch 5205/10000
[2026-05-28 12:54:35,529][root][INFO] - Finished replay epoch 5206/10000
[2026-05-28 12:54:39,403][root][INFO] - Finished replay epoch 5207/10000
| pretrain       | Iter: 0 | T: 9:13:09 | BS: 3392 | Batched Update FPS: 4.9533
[2026-05-28 12:54:43,317][root][INFO] - Finished replay epoch 5208/10000
[2026-05-28 12:54:47,230][root][INFO] - Finished replay epoch 5209/10000
[2026-05-28 12:54:51,104][root][INFO] - Finished replay epoch 5210/10000
[2026-05-28 12:54:54,940][root][INFO] - Finished replay epoch 5211/10000
| pretrain       | Iter: 0 | T: 9:13:24 | BS: 3392 | Batched Update FPS: 5.0006
[2026-05-28 12:54:58,844][root][INFO] - Finished replay epoch 5212/10000
[2026-05-28 12:55:02,757][root][INFO] - Finished replay epoch 5213/10000
[2026-05-28 12:55:06,598][root][INFO] - Finished replay epoch 5214/10000
[2026-05-28 12:55:10,484][root][INFO] - Finished replay epoch 5215/10000
| pretrain       | Iter: 0 | T: 9:13:39 | BS: 3392 | Batched Update FPS: 5.0867
[2026-05-28 12:55:14,372][root][INFO] - Finished replay epoch 5216/10000
[2026-05-28 12:55:18,293][root][INFO] - Finished replay epoch 5217/10000
[2026-05-28 12:55:22,164][root][INFO] - Finished replay epoch 5218/10000
[2026-05-28 12:55:26,049][root][INFO] - Finished replay epoch 5219/10000
| pretrain       | Iter: 0 | T: 9:13:54 | BS: 3392 | Batched Update FPS: 4.9957
[2026-05-28 12:55:29,947][root][INFO] - Finished replay epoch 5220/10000
[2026-05-28 12:55:33,804][root][INFO] - Finished replay epoch 5221/10000
[2026-05-28 12:55:37,704][root][INFO] - Finished replay epoch 5222/10000
[2026-05-28 12:55:41,600][root][INFO] - Finished replay epoch 5223/10000
| pretrain       | Iter: 0 | T: 9:14:09 | BS: 3392 | Batched Update FPS: 4.9139
[2026-05-28 12:55:45,491][root][INFO] - Finished replay epoch 5224/10000
[2026-05-28 12:55:49,371][root][INFO] - Finished replay epoch 5225/10000
[2026-05-28 12:55:53,224][root][INFO] - Finished replay epoch 5226/10000
| pretrain       | Iter: 0 | T: 9:14:24 | BS: 3392 | Batched Update FPS: 4.9638
[2026-05-28 12:55:57,113][root][INFO] - Finished replay epoch 5227/10000
[2026-05-28 12:56:01,002][root][INFO] - Finished replay epoch 5228/10000
[2026-05-28 12:56:04,893][root][INFO] - Finished replay epoch 5229/10000
[2026-05-28 12:56:08,809][root][INFO] - Finished replay epoch 5230/10000
| pretrain       | Iter: 0 | T: 9:14:39 | BS: 3392 | Batched Update FPS: 6.0433
[2026-05-28 12:56:12,905][root][INFO] - Finished replay epoch 5231/10000
[2026-05-28 12:56:16,801][root][INFO] - Finished replay epoch 5232/10000
[2026-05-28 12:56:20,662][root][INFO] - Finished replay epoch 5233/10000
[2026-05-28 12:56:24,511][root][INFO] - Finished replay epoch 5234/10000
| pretrain       | Iter: 0 | T: 9:14:54 | BS: 3392 | Batched Update FPS: 4.9326
[2026-05-28 12:56:28,419][root][INFO] - Finished replay epoch 5235/10000
[2026-05-28 12:56:32,290][root][INFO] - Finished replay epoch 5236/10000
[2026-05-28 12:56:36,146][root][INFO] - Finished replay epoch 5237/10000
[2026-05-28 12:56:40,060][root][INFO] - Finished replay epoch 5238/10000
| pretrain       | Iter: 0 | T: 9:15:09 | BS: 3392 | Batched Update FPS: 4.9685
[2026-05-28 12:56:43,961][root][INFO] - Finished replay epoch 5239/10000
[2026-05-28 12:56:47,879][root][INFO] - Finished replay epoch 5240/10000
[2026-05-28 12:56:51,793][root][INFO] - Finished replay epoch 5241/10000
[2026-05-28 12:56:55,607][root][INFO] - Finished replay epoch 5242/10000
| pretrain       | Iter: 0 | T: 9:15:24 | BS: 3392 | Batched Update FPS: 5.2694
[2026-05-28 12:56:59,442][root][INFO] - Finished replay epoch 5243/10000
[2026-05-28 12:57:03,277][root][INFO] - Finished replay epoch 5244/10000
[2026-05-28 12:57:07,151][root][INFO] - Finished replay epoch 5245/10000
[2026-05-28 12:57:11,058][root][INFO] - Finished replay epoch 5246/10000
| pretrain       | Iter: 0 | T: 9:15:39 | BS: 3392 | Batched Update FPS: 5.1070
[2026-05-28 12:57:14,957][root][INFO] - Finished replay epoch 5247/10000
[2026-05-28 12:57:18,783][root][INFO] - Finished replay epoch 5248/10000
[2026-05-28 12:57:22,641][root][INFO] - Finished replay epoch 5249/10000
[2026-05-28 12:57:26,488][root][INFO] - Finished replay epoch 5250/10000
| pretrain       | Iter: 0 | T: 9:15:54 | BS: 3392 | Batched Update FPS: 5.1322
[2026-05-28 12:57:30,373][root][INFO] - Finished replay epoch 5251/10000
[2026-05-28 12:57:34,259][root][INFO] - Finished replay epoch 5252/10000
[2026-05-28 12:57:38,090][root][INFO] - Finished replay epoch 5253/10000
| pretrain       | Iter: 0 | T: 9:16:09 | BS: 3392 | Batched Update FPS: 4.8373
[2026-05-28 12:57:41,956][root][INFO] - Finished replay epoch 5254/10000
[2026-05-28 12:57:45,845][root][INFO] - Finished replay epoch 5255/10000
[2026-05-28 12:57:49,738][root][INFO] - Finished replay epoch 5256/10000
[2026-05-28 12:57:53,559][root][INFO] - Finished replay epoch 5257/10000
| pretrain       | Iter: 0 | T: 9:16:23 | BS: 3392 | Batched Update FPS: 4.2517
[2026-05-28 12:57:57,739][root][INFO] - Finished replay epoch 5258/10000
[2026-05-28 12:58:03,056][root][INFO] - Finished replay epoch 5259/10000
[2026-05-28 12:58:08,432][root][INFO] - Finished replay epoch 5260/10000
[2026-05-28 12:58:13,779][root][INFO] - Finished replay epoch 5261/10000
| pretrain       | Iter: 0 | T: 9:16:44 | BS: 3392 | Batched Update FPS: 3.5736
[2026-05-28 12:58:19,057][root][INFO] - Finished replay epoch 5262/10000
[2026-05-28 12:58:24,394][root][INFO] - Finished replay epoch 5263/10000
[2026-05-28 12:58:29,779][root][INFO] - Finished replay epoch 5264/10000
[2026-05-28 12:58:35,156][root][INFO] - Finished replay epoch 5265/10000
| pretrain       | Iter: 0 | T: 9:17:04 | BS: 3392 | Batched Update FPS: 4.0300
[2026-05-28 12:58:40,510][root][INFO] - Finished replay epoch 5266/10000
[2026-05-28 12:58:45,915][root][INFO] - Finished replay epoch 5267/10000
[2026-05-28 12:58:51,307][root][INFO] - Finished replay epoch 5268/10000
[2026-05-28 12:58:56,783][root][INFO] - Finished replay epoch 5269/10000
| pretrain       | Iter: 0 | T: 9:17:25 | BS: 3392 | Batched Update FPS: 6.7332
[2026-05-28 12:59:02,334][root][INFO] - Finished replay epoch 5270/10000
[2026-05-28 12:59:07,749][root][INFO] - Finished replay epoch 5271/10000
[2026-05-28 12:59:13,055][root][INFO] - Finished replay epoch 5272/10000
[2026-05-28 12:59:18,382][root][INFO] - Finished replay epoch 5273/10000
| pretrain       | Iter: 0 | T: 9:17:46 | BS: 3392 | Batched Update FPS: 3.0930
[2026-05-28 12:59:23,815][root][INFO] - Finished replay epoch 5274/10000
[2026-05-28 12:59:29,185][root][INFO] - Finished replay epoch 5275/10000
[2026-05-28 12:59:34,612][root][INFO] - Finished replay epoch 5276/10000
| pretrain       | Iter: 0 | T: 9:18:07 | BS: 3392 | Batched Update FPS: 4.0499
[2026-05-28 12:59:39,992][root][INFO] - Finished replay epoch 5277/10000
[2026-05-28 12:59:45,237][root][INFO] - Finished replay epoch 5278/10000
[2026-05-28 12:59:50,548][root][INFO] - Finished replay epoch 5279/10000
[2026-05-28 12:59:55,883][root][INFO] - Finished replay epoch 5280/10000
| pretrain       | Iter: 0 | T: 9:18:27 | BS: 3392 | Batched Update FPS: 3.3171
[2026-05-28 13:00:01,311][root][INFO] - Finished replay epoch 5281/10000
[2026-05-28 13:00:06,619][root][INFO] - Finished replay epoch 5282/10000
[2026-05-28 13:00:11,945][root][INFO] - Finished replay epoch 5283/10000
[2026-05-28 13:00:17,253][root][INFO] - Finished replay epoch 5284/10000
| pretrain       | Iter: 0 | T: 9:18:48 | BS: 3392 | Batched Update FPS: 3.1410
[2026-05-28 13:00:22,674][root][INFO] - Finished replay epoch 5285/10000
[2026-05-28 13:00:27,983][root][INFO] - Finished replay epoch 5286/10000
[2026-05-28 13:00:33,374][root][INFO] - Finished replay epoch 5287/10000
[2026-05-28 13:00:38,740][root][INFO] - Finished replay epoch 5288/10000
| pretrain       | Iter: 0 | T: 9:19:08 | BS: 3392 | Batched Update FPS: 4.0947
wandb: WARNING `format` argument was not provided, defaulting to `gif`. This parameter will be required in v0.20.0, please specify the format explicitly.
wandb: Encoding video...
| pretrain_eval  | Iter: 0 | S: 137500 | E: 0 | L: 200 | R: 0.0000 | T: 9:21:33
[2026-05-28 13:03:12,708][root][INFO] - Finished replay epoch 5289/10000
[2026-05-28 13:03:18,125][root][INFO] - Finished replay epoch 5290/10000
[2026-05-28 13:03:23,426][root][INFO] - Finished replay epoch 5291/10000
[2026-05-28 13:03:28,762][root][INFO] - Finished replay epoch 5292/10000
| pretrain       | Iter: 0 | T: 9:21:58 | BS: 3392 | Batched Update FPS: 3.1699
[2026-05-28 13:03:34,190][root][INFO] - Finished replay epoch 5293/10000
[2026-05-28 13:03:39,550][root][INFO] - Finished replay epoch 5294/10000
[2026-05-28 13:03:44,866][root][INFO] - Finished replay epoch 5295/10000
[2026-05-28 13:03:50,251][root][INFO] - Finished replay epoch 5296/10000
| pretrain       | Iter: 0 | T: 9:22:18 | BS: 3392 | Batched Update FPS: 3.9236
[2026-05-28 13:03:55,662][root][INFO] - Finished replay epoch 5297/10000
[2026-05-28 13:04:00,895][root][INFO] - Finished replay epoch 5298/10000
[2026-05-28 13:04:06,278][root][INFO] - Finished replay epoch 5299/10000
[2026-05-28 13:04:11,655][root][INFO] - Finished replay epoch 5300/10000
| pretrain       | Iter: 0 | T: 9:22:39 | BS: 3392 | Batched Update FPS: 3.1476
[2026-05-28 13:04:17,037][root][INFO] - Finished replay epoch 5301/10000
[2026-05-28 13:04:22,422][root][INFO] - Finished replay epoch 5302/10000
[2026-05-28 13:04:27,710][root][INFO] - Finished replay epoch 5303/10000
| pretrain       | Iter: 0 | T: 9:23:00 | BS: 3392 | Batched Update FPS: 4.3415
[2026-05-28 13:04:33,128][root][INFO] - Finished replay epoch 5304/10000
[2026-05-28 13:04:38,559][root][INFO] - Finished replay epoch 5305/10000
[2026-05-28 13:04:43,950][root][INFO] - Finished replay epoch 5306/10000
[2026-05-28 13:04:49,297][root][INFO] - Finished replay epoch 5307/10000
| pretrain       | Iter: 0 | T: 9:23:20 | BS: 3392 | Batched Update FPS: 3.5508
[2026-05-28 13:04:54,555][root][INFO] - Finished replay epoch 5308/10000
[2026-05-28 13:04:59,961][root][INFO] - Finished replay epoch 5309/10000
[2026-05-28 13:05:05,227][root][INFO] - Finished replay epoch 5310/10000
[2026-05-28 13:05:10,532][root][INFO] - Finished replay epoch 5311/10000
| pretrain       | Iter: 0 | T: 9:23:41 | BS: 3392 | Batched Update FPS: 3.9967
[2026-05-28 13:05:15,910][root][INFO] - Finished replay epoch 5312/10000
[2026-05-28 13:05:21,273][root][INFO] - Finished replay epoch 5313/10000
[2026-05-28 13:05:26,648][root][INFO] - Finished replay epoch 5314/10000
[2026-05-28 13:05:31,912][root][INFO] - Finished replay epoch 5315/10000
| pretrain       | Iter: 0 | T: 9:24:01 | BS: 3392 | Batched Update FPS: 3.5651
[2026-05-28 13:05:37,307][root][INFO] - Finished replay epoch 5316/10000
[2026-05-28 13:05:42,643][root][INFO] - Finished replay epoch 5317/10000
[2026-05-28 13:05:48,033][root][INFO] - Finished replay epoch 5318/10000
[2026-05-28 13:05:53,317][root][INFO] - Finished replay epoch 5319/10000
| pretrain       | Iter: 0 | T: 9:24:22 | BS: 3392 | Batched Update FPS: 3.0765
[2026-05-28 13:05:58,668][root][INFO] - Finished replay epoch 5320/10000
[2026-05-28 13:06:04,041][root][INFO] - Finished replay epoch 5321/10000
[2026-05-28 13:06:09,448][root][INFO] - Finished replay epoch 5322/10000
[2026-05-28 13:06:14,826][root][INFO] - Finished replay epoch 5323/10000
| pretrain       | Iter: 0 | T: 9:24:42 | BS: 3392 | Batched Update FPS: 3.9646
[2026-05-28 13:06:20,244][root][INFO] - Finished replay epoch 5324/10000
[2026-05-28 13:06:25,500][root][INFO] - Finished replay epoch 5325/10000
[2026-05-28 13:06:30,871][root][INFO] - Finished replay epoch 5326/10000
| pretrain       | Iter: 0 | T: 9:25:03 | BS: 3392 | Batched Update FPS: 3.3708
[2026-05-28 13:06:36,229][root][INFO] - Finished replay epoch 5327/10000
[2026-05-28 13:06:41,591][root][INFO] - Finished replay epoch 5328/10000
[2026-05-28 13:06:46,957][root][INFO] - Finished replay epoch 5329/10000
[2026-05-28 13:06:52,263][root][INFO] - Finished replay epoch 5330/10000
| pretrain       | Iter: 0 | T: 9:25:24 | BS: 3392 | Batched Update FPS: 3.9843
[2026-05-28 13:06:57,651][root][INFO] - Finished replay epoch 5331/10000
[2026-05-28 13:07:03,029][root][INFO] - Finished replay epoch 5332/10000
[2026-05-28 13:07:08,363][root][INFO] - Finished replay epoch 5333/10000
[2026-05-28 13:07:13,750][root][INFO] - Finished replay epoch 5334/10000
| pretrain       | Iter: 0 | T: 9:25:44 | BS: 3392 | Batched Update FPS: 3.1468
[2026-05-28 13:07:19,182][root][INFO] - Finished replay epoch 5335/10000
[2026-05-28 13:07:24,488][root][INFO] - Finished replay epoch 5336/10000
[2026-05-28 13:07:29,798][root][INFO] - Finished replay epoch 5337/10000
[2026-05-28 13:07:35,155][root][INFO] - Finished replay epoch 5338/10000
| pretrain       | Iter: 0 | T: 9:26:05 | BS: 3392 | Batched Update FPS: 4.4217
[2026-05-28 13:07:40,636][root][INFO] - Finished replay epoch 5339/10000
[2026-05-28 13:07:45,993][root][INFO] - Finished replay epoch 5340/10000
[2026-05-28 13:07:51,373][root][INFO] - Finished replay epoch 5341/10000
[2026-05-28 13:07:56,701][root][INFO] - Finished replay epoch 5342/10000
| pretrain       | Iter: 0 | T: 9:26:26 | BS: 3392 | Batched Update FPS: 3.0876
[2026-05-28 13:08:02,005][root][INFO] - Finished replay epoch 5343/10000
[2026-05-28 13:08:07,341][root][INFO] - Finished replay epoch 5344/10000
[2026-05-28 13:08:12,711][root][INFO] - Finished replay epoch 5345/10000
[2026-05-28 13:08:18,073][root][INFO] - Finished replay epoch 5346/10000
| pretrain       | Iter: 0 | T: 9:26:46 | BS: 3392 | Batched Update FPS: 5.4884
[2026-05-28 13:08:23,627][root][INFO] - Finished replay epoch 5347/10000
[2026-05-28 13:08:29,015][root][INFO] - Finished replay epoch 5348/10000
[2026-05-28 13:08:34,309][root][INFO] - Finished replay epoch 5349/10000
[2026-05-28 13:08:39,652][root][INFO] - Finished replay epoch 5350/10000
| pretrain       | Iter: 0 | T: 9:27:07 | BS: 3392 | Batched Update FPS: 3.6558
[2026-05-28 13:08:45,065][root][INFO] - Finished replay epoch 5351/10000
[2026-05-28 13:08:50,333][root][INFO] - Finished replay epoch 5352/10000
[2026-05-28 13:08:55,682][root][INFO] - Finished replay epoch 5353/10000
| pretrain       | Iter: 0 | T: 9:27:27 | BS: 3392 | Batched Update FPS: 3.3088
[2026-05-28 13:09:01,032][root][INFO] - Finished replay epoch 5354/10000
[2026-05-28 13:09:06,387][root][INFO] - Finished replay epoch 5355/10000
[2026-05-28 13:09:11,731][root][INFO] - Finished replay epoch 5356/10000
[2026-05-28 13:09:17,113][root][INFO] - Finished replay epoch 5357/10000
| pretrain       | Iter: 0 | T: 9:27:48 | BS: 3392 | Batched Update FPS: 3.5169
[2026-05-28 13:09:22,435][root][INFO] - Finished replay epoch 5358/10000
[2026-05-28 13:09:27,812][root][INFO] - Finished replay epoch 5359/10000
[2026-05-28 13:09:33,202][root][INFO] - Finished replay epoch 5360/10000
[2026-05-28 13:09:38,485][root][INFO] - Finished replay epoch 5361/10000
| pretrain       | Iter: 0 | T: 9:28:09 | BS: 3392 | Batched Update FPS: 3.1691
[2026-05-28 13:09:43,858][root][INFO] - Finished replay epoch 5362/10000
[2026-05-28 13:09:49,132][root][INFO] - Finished replay epoch 5363/10000
[2026-05-28 13:09:54,391][root][INFO] - Finished replay epoch 5364/10000
[2026-05-28 13:09:59,817][root][INFO] - Finished replay epoch 5365/10000
| pretrain       | Iter: 0 | T: 9:28:29 | BS: 3392 | Batched Update FPS: 3.3812
[2026-05-28 13:10:05,163][root][INFO] - Finished replay epoch 5366/10000
[2026-05-28 13:10:10,512][root][INFO] - Finished replay epoch 5367/10000
[2026-05-28 13:10:15,853][root][INFO] - Finished replay epoch 5368/10000
[2026-05-28 13:10:21,192][root][INFO] - Finished replay epoch 5369/10000
| pretrain       | Iter: 0 | T: 9:28:50 | BS: 3392 | Batched Update FPS: 3.9035
[2026-05-28 13:10:26,521][root][INFO] - Finished replay epoch 5370/10000
[2026-05-28 13:10:31,834][root][INFO] - Finished replay epoch 5371/10000
[2026-05-28 13:10:37,168][root][INFO] - Finished replay epoch 5372/10000
[2026-05-28 13:10:42,502][root][INFO] - Finished replay epoch 5373/10000
| pretrain       | Iter: 0 | T: 9:29:10 | BS: 3392 | Batched Update FPS: 4.3357
[2026-05-28 13:10:47,771][root][INFO] - Finished replay epoch 5374/10000
[2026-05-28 13:10:53,159][root][INFO] - Finished replay epoch 5375/10000
[2026-05-28 13:10:58,530][root][INFO] - Finished replay epoch 5376/10000
| pretrain       | Iter: 0 | T: 9:29:31 | BS: 3392 | Batched Update FPS: 3.8858
[2026-05-28 13:11:03,891][root][INFO] - Finished replay epoch 5377/10000
[2026-05-28 13:11:09,228][root][INFO] - Finished replay epoch 5378/10000
[2026-05-28 13:11:14,579][root][INFO] - Finished replay epoch 5379/10000
[2026-05-28 13:11:19,961][root][INFO] - Finished replay epoch 5380/10000
| pretrain       | Iter: 0 | T: 9:29:51 | BS: 3392 | Batched Update FPS: 3.6620
[2026-05-28 13:11:25,333][root][INFO] - Finished replay epoch 5381/10000
[2026-05-28 13:11:30,769][root][INFO] - Finished replay epoch 5382/10000
[2026-05-28 13:11:36,092][root][INFO] - Finished replay epoch 5383/10000
[2026-05-28 13:11:41,366][root][INFO] - Finished replay epoch 5384/10000
| pretrain       | Iter: 0 | T: 9:30:12 | BS: 3392 | Batched Update FPS: 3.8318
wandb: WARNING `format` argument was not provided, defaulting to `gif`. This parameter will be required in v0.20.0, please specify the format explicitly.
wandb: Encoding video...
| pretrain_eval  | Iter: 0 | S: 140000 | E: 0 | L: 200 | R: 0.0000 | T: 9:32:35
[2026-05-28 13:14:14,631][root][INFO] - Finished replay epoch 5385/10000
[2026-05-28 13:14:20,027][root][INFO] - Finished replay epoch 5386/10000
[2026-05-28 13:14:25,330][root][INFO] - Finished replay epoch 5387/10000
[2026-05-28 13:14:30,668][root][INFO] - Finished replay epoch 5388/10000
| pretrain       | Iter: 0 | T: 9:33:00 | BS: 3392 | Batched Update FPS: 3.3188
[2026-05-28 13:14:36,016][root][INFO] - Finished replay epoch 5389/10000
[2026-05-28 13:14:41,341][root][INFO] - Finished replay epoch 5390/10000
[2026-05-28 13:14:46,631][root][INFO] - Finished replay epoch 5391/10000
[2026-05-28 13:14:51,902][root][INFO] - Finished replay epoch 5392/10000
| pretrain       | Iter: 0 | T: 9:33:21 | BS: 3392 | Batched Update FPS: 3.1383
[2026-05-28 13:14:57,176][root][INFO] - Finished replay epoch 5393/10000
[2026-05-28 13:15:02,487][root][INFO] - Finished replay epoch 5394/10000
[2026-05-28 13:15:07,901][root][INFO] - Finished replay epoch 5395/10000
[2026-05-28 13:15:13,303][root][INFO] - Finished replay epoch 5396/10000
| pretrain       | Iter: 0 | T: 9:33:41 | BS: 3392 | Batched Update FPS: 3.1206
[2026-05-28 13:15:18,695][root][INFO] - Finished replay epoch 5397/10000
[2026-05-28 13:15:24,072][root][INFO] - Finished replay epoch 5398/10000
[2026-05-28 13:15:29,349][root][INFO] - Finished replay epoch 5399/10000
[2026-05-28 13:15:34,607][root][INFO] - Finished replay epoch 5400/10000
| pretrain       | Iter: 0 | T: 9:34:02 | BS: 3392 | Batched Update FPS: 3.2978
[2026-05-28 13:15:39,923][root][INFO] - Finished replay epoch 5401/10000
[2026-05-28 13:15:45,305][root][INFO] - Finished replay epoch 5402/10000
[2026-05-28 13:15:50,595][root][INFO] - Finished replay epoch 5403/10000
| pretrain       | Iter: 0 | T: 9:34:22 | BS: 3392 | Batched Update FPS: 3.6723
[2026-05-28 13:15:56,040][root][INFO] - Finished replay epoch 5404/10000
[2026-05-28 13:16:01,276][root][INFO] - Finished replay epoch 5405/10000
[2026-05-28 13:16:06,633][root][INFO] - Finished replay epoch 5406/10000
[2026-05-28 13:16:11,959][root][INFO] - Finished replay epoch 5407/10000
| pretrain       | Iter: 0 | T: 9:34:43 | BS: 3392 | Batched Update FPS: 3.2830
[2026-05-28 13:16:17,362][root][INFO] - Finished replay epoch 5408/10000
[2026-05-28 13:16:22,709][root][INFO] - Finished replay epoch 5409/10000
[2026-05-28 13:16:27,956][root][INFO] - Finished replay epoch 5410/10000
[2026-05-28 13:16:33,319][root][INFO] - Finished replay epoch 5411/10000
| pretrain       | Iter: 0 | T: 9:35:03 | BS: 3392 | Batched Update FPS: 4.0971
[2026-05-28 13:16:38,602][root][INFO] - Finished replay epoch 5412/10000
[2026-05-28 13:16:43,937][root][INFO] - Finished replay epoch 5413/10000
[2026-05-28 13:16:49,193][root][INFO] - Finished replay epoch 5414/10000
[2026-05-28 13:16:54,512][root][INFO] - Finished replay epoch 5415/10000
| pretrain       | Iter: 0 | T: 9:35:24 | BS: 3392 | Batched Update FPS: 4.2248
[2026-05-28 13:16:59,847][root][INFO] - Finished replay epoch 5416/10000
[2026-05-28 13:17:05,184][root][INFO] - Finished replay epoch 5417/10000
[2026-05-28 13:17:10,536][root][INFO] - Finished replay epoch 5418/10000
[2026-05-28 13:17:15,732][root][INFO] - Finished replay epoch 5419/10000
| pretrain       | Iter: 0 | T: 9:35:44 | BS: 3392 | Batched Update FPS: 3.2088
[2026-05-28 13:17:21,060][root][INFO] - Finished replay epoch 5420/10000
[2026-05-28 13:17:26,451][root][INFO] - Finished replay epoch 5421/10000
[2026-05-28 13:17:31,674][root][INFO] - Finished replay epoch 5422/10000
[2026-05-28 13:17:37,048][root][INFO] - Finished replay epoch 5423/10000
| pretrain       | Iter: 0 | T: 9:36:05 | BS: 3392 | Batched Update FPS: 6.3739
[2026-05-28 13:17:42,521][root][INFO] - Finished replay epoch 5424/10000
[2026-05-28 13:17:47,801][root][INFO] - Finished replay epoch 5425/10000
[2026-05-28 13:17:53,111][root][INFO] - Finished replay epoch 5426/10000
| pretrain       | Iter: 0 | T: 9:36:25 | BS: 3392 | Batched Update FPS: 4.2549
[2026-05-28 13:17:58,428][root][INFO] - Finished replay epoch 5427/10000
[2026-05-28 13:18:03,721][root][INFO] - Finished replay epoch 5428/10000
[2026-05-28 13:18:09,111][root][INFO] - Finished replay epoch 5429/10000
[2026-05-28 13:18:14,400][root][INFO] - Finished replay epoch 5430/10000
| pretrain       | Iter: 0 | T: 9:36:46 | BS: 3392 | Batched Update FPS: 3.0333
[2026-05-28 13:18:19,717][root][INFO] - Finished replay epoch 5431/10000
[2026-05-28 13:18:24,962][root][INFO] - Finished replay epoch 5432/10000
[2026-05-28 13:18:30,255][root][INFO] - Finished replay epoch 5433/10000
[2026-05-28 13:18:35,695][root][INFO] - Finished replay epoch 5434/10000
| pretrain       | Iter: 0 | T: 9:37:06 | BS: 3392 | Batched Update FPS: 3.1628
[2026-05-28 13:18:41,184][root][INFO] - Finished replay epoch 5435/10000
[2026-05-28 13:18:46,398][root][INFO] - Finished replay epoch 5436/10000
[2026-05-28 13:18:51,746][root][INFO] - Finished replay epoch 5437/10000
[2026-05-28 13:18:56,920][root][INFO] - Finished replay epoch 5438/10000
| pretrain       | Iter: 0 | T: 9:37:27 | BS: 3392 | Batched Update FPS: 4.4146
[2026-05-28 13:19:02,253][root][INFO] - Finished replay epoch 5439/10000
[2026-05-28 13:19:07,632][root][INFO] - Finished replay epoch 5440/10000
[2026-05-28 13:19:12,885][root][INFO] - Finished replay epoch 5441/10000
[2026-05-28 13:19:18,193][root][INFO] - Finished replay epoch 5442/10000
| pretrain       | Iter: 0 | T: 9:37:47 | BS: 3392 | Batched Update FPS: 5.3117
[2026-05-28 13:19:22,324][root][INFO] - Finished replay epoch 5443/10000
[2026-05-28 13:19:26,179][root][INFO] - Finished replay epoch 5444/10000
[2026-05-28 13:19:29,996][root][INFO] - Finished replay epoch 5445/10000
[2026-05-28 13:19:33,859][root][INFO] - Finished replay epoch 5446/10000
| pretrain       | Iter: 0 | T: 9:38:02 | BS: 3392 | Batched Update FPS: 5.3162
[2026-05-28 13:19:37,701][root][INFO] - Finished replay epoch 5447/10000
[2026-05-28 13:19:41,537][root][INFO] - Finished replay epoch 5448/10000
[2026-05-28 13:19:45,399][root][INFO] - Finished replay epoch 5449/10000
[2026-05-28 13:19:49,226][root][INFO] - Finished replay epoch 5450/10000
| pretrain       | Iter: 0 | T: 9:38:16 | BS: 3392 | Batched Update FPS: 5.1297
[2026-05-28 13:19:53,100][root][INFO] - Finished replay epoch 5451/10000
[2026-05-28 13:19:56,986][root][INFO] - Finished replay epoch 5452/10000
[2026-05-28 13:20:00,851][root][INFO] - Finished replay epoch 5453/10000
| pretrain       | Iter: 0 | T: 9:38:31 | BS: 3392 | Batched Update FPS: 4.9608
[2026-05-28 13:20:04,711][root][INFO] - Finished replay epoch 5454/10000
[2026-05-28 13:20:08,626][root][INFO] - Finished replay epoch 5455/10000
[2026-05-28 13:20:12,465][root][INFO] - Finished replay epoch 5456/10000
[2026-05-28 13:20:16,283][root][INFO] - Finished replay epoch 5457/10000
| pretrain       | Iter: 0 | T: 9:38:46 | BS: 3392 | Batched Update FPS: 4.9240
[2026-05-28 13:20:20,142][root][INFO] - Finished replay epoch 5458/10000
[2026-05-28 13:20:24,039][root][INFO] - Finished replay epoch 5459/10000
[2026-05-28 13:20:27,837][root][INFO] - Finished replay epoch 5460/10000
[2026-05-28 13:20:31,670][root][INFO] - Finished replay epoch 5461/10000
| pretrain       | Iter: 0 | T: 9:39:01 | BS: 3392 | Batched Update FPS: 6.0387
[2026-05-28 13:20:35,732][root][INFO] - Finished replay epoch 5462/10000
[2026-05-28 13:20:39,539][root][INFO] - Finished replay epoch 5463/10000
[2026-05-28 13:20:43,381][root][INFO] - Finished replay epoch 5464/10000
[2026-05-28 13:20:47,248][root][INFO] - Finished replay epoch 5465/10000
| pretrain       | Iter: 0 | T: 9:39:16 | BS: 3392 | Batched Update FPS: 5.0724
[2026-05-28 13:20:51,137][root][INFO] - Finished replay epoch 5466/10000
[2026-05-28 13:20:54,971][root][INFO] - Finished replay epoch 5467/10000
[2026-05-28 13:20:58,807][root][INFO] - Finished replay epoch 5468/10000
[2026-05-28 13:21:02,655][root][INFO] - Finished replay epoch 5469/10000
| pretrain       | Iter: 0 | T: 9:39:31 | BS: 3392 | Batched Update FPS: 4.9372
[2026-05-28 13:21:06,564][root][INFO] - Finished replay epoch 5470/10000
[2026-05-28 13:21:10,460][root][INFO] - Finished replay epoch 5471/10000
[2026-05-28 13:21:14,427][root][INFO] - Finished replay epoch 5472/10000
[2026-05-28 13:21:18,321][root][INFO] - Finished replay epoch 5473/10000
| pretrain       | Iter: 0 | T: 9:39:46 | BS: 3392 | Batched Update FPS: 4.9680
[2026-05-28 13:21:22,141][root][INFO] - Finished replay epoch 5474/10000
[2026-05-28 13:21:26,002][root][INFO] - Finished replay epoch 5475/10000
[2026-05-28 13:21:29,840][root][INFO] - Finished replay epoch 5476/10000
| pretrain       | Iter: 0 | T: 9:40:00 | BS: 3392 | Batched Update FPS: 5.1789
[2026-05-28 13:21:33,651][root][INFO] - Finished replay epoch 5477/10000
[2026-05-28 13:21:37,451][root][INFO] - Finished replay epoch 5478/10000
[2026-05-28 13:21:41,312][root][INFO] - Finished replay epoch 5479/10000
[2026-05-28 13:21:45,130][root][INFO] - Finished replay epoch 5480/10000
| pretrain       | Iter: 0 | T: 9:40:15 | BS: 3392 | Batched Update FPS: 4.9004
wandb: WARNING `format` argument was not provided, defaulting to `gif`. This parameter will be required in v0.20.0, please specify the format explicitly.
wandb: Encoding video...
| pretrain_eval  | Iter: 0 | S: 142500 | E: 0 | L: 200 | R: 0.0000 | T: 9:42:00
[2026-05-28 13:23:38,471][root][INFO] - Finished replay epoch 5481/10000
[2026-05-28 13:23:43,784][root][INFO] - Finished replay epoch 5482/10000
[2026-05-28 13:23:49,131][root][INFO] - Finished replay epoch 5483/10000
[2026-05-28 13:23:54,439][root][INFO] - Finished replay epoch 5484/10000
| pretrain       | Iter: 0 | T: 9:42:25 | BS: 3392 | Batched Update FPS: 4.4149
[2026-05-28 13:23:59,734][root][INFO] - Finished replay epoch 5485/10000
[2026-05-28 13:24:05,019][root][INFO] - Finished replay epoch 5486/10000
[2026-05-28 13:24:10,322][root][INFO] - Finished replay epoch 5487/10000
[2026-05-28 13:24:15,640][root][INFO] - Finished replay epoch 5488/10000
| pretrain       | Iter: 0 | T: 9:42:45 | BS: 3392 | Batched Update FPS: 4.0357
[2026-05-28 13:24:20,991][root][INFO] - Finished replay epoch 5489/10000
[2026-05-28 13:24:26,274][root][INFO] - Finished replay epoch 5490/10000
[2026-05-28 13:24:31,557][root][INFO] - Finished replay epoch 5491/10000
[2026-05-28 13:24:36,857][root][INFO] - Finished replay epoch 5492/10000
| pretrain       | Iter: 0 | T: 9:43:06 | BS: 3392 | Batched Update FPS: 3.3384
[2026-05-28 13:24:42,113][root][INFO] - Finished replay epoch 5493/10000
[2026-05-28 13:24:47,418][root][INFO] - Finished replay epoch 5494/10000
[2026-05-28 13:24:52,742][root][INFO] - Finished replay epoch 5495/10000
[2026-05-28 13:24:58,134][root][INFO] - Finished replay epoch 5496/10000
| pretrain       | Iter: 0 | T: 9:43:26 | BS: 3392 | Batched Update FPS: 3.0536
[2026-05-28 13:25:03,462][root][INFO] - Finished replay epoch 5497/10000
[2026-05-28 13:25:08,774][root][INFO] - Finished replay epoch 5498/10000
[2026-05-28 13:25:14,067][root][INFO] - Finished replay epoch 5499/10000
[2026-05-28 13:25:19,714][root][INFO] - Finished replay epoch 5500/10000
| pretrain       | Iter: 0 | T: 9:43:47 | BS: 3392 | Batched Update FPS: 3.7047
[2026-05-28 13:25:25,019][root][INFO] - Finished replay epoch 5501/10000
[2026-05-28 13:25:30,314][root][INFO] - Finished replay epoch 5502/10000
[2026-05-28 13:25:35,669][root][INFO] - Finished replay epoch 5503/10000
| pretrain       | Iter: 0 | T: 9:44:07 | BS: 3392 | Batched Update FPS: 3.6547
[2026-05-28 13:25:40,993][root][INFO] - Finished replay epoch 5504/10000
[2026-05-28 13:25:46,367][root][INFO] - Finished replay epoch 5505/10000
[2026-05-28 13:25:51,581][root][INFO] - Finished replay epoch 5506/10000
[2026-05-28 13:25:56,816][root][INFO] - Finished replay epoch 5507/10000
| pretrain       | Iter: 0 | T: 9:44:28 | BS: 3392 | Batched Update FPS: 3.3952
[2026-05-28 13:26:02,196][root][INFO] - Finished replay epoch 5508/10000
[2026-05-28 13:26:07,476][root][INFO] - Finished replay epoch 5509/10000
[2026-05-28 13:26:12,897][root][INFO] - Finished replay epoch 5510/10000
[2026-05-28 13:26:18,182][root][INFO] - Finished replay epoch 5511/10000
| pretrain       | Iter: 0 | T: 9:44:48 | BS: 3392 | Batched Update FPS: 4.0525
[2026-05-28 13:26:23,586][root][INFO] - Finished replay epoch 5512/10000
[2026-05-28 13:26:28,841][root][INFO] - Finished replay epoch 5513/10000
[2026-05-28 13:26:34,206][root][INFO] - Finished replay epoch 5514/10000
[2026-05-28 13:26:39,527][root][INFO] - Finished replay epoch 5515/10000
| pretrain       | Iter: 0 | T: 9:45:09 | BS: 3392 | Batched Update FPS: 3.0444
[2026-05-28 13:26:44,922][root][INFO] - Finished replay epoch 5516/10000
[2026-05-28 13:26:50,189][root][INFO] - Finished replay epoch 5517/10000
[2026-05-28 13:26:55,523][root][INFO] - Finished replay epoch 5518/10000
[2026-05-28 13:27:00,892][root][INFO] - Finished replay epoch 5519/10000
| pretrain       | Iter: 0 | T: 9:45:29 | BS: 3392 | Batched Update FPS: 3.3320
[2026-05-28 13:27:06,229][root][INFO] - Finished replay epoch 5520/10000
[2026-05-28 13:27:11,561][root][INFO] - Finished replay epoch 5521/10000
[2026-05-28 13:27:16,856][root][INFO] - Finished replay epoch 5522/10000
[2026-05-28 13:27:22,151][root][INFO] - Finished replay epoch 5523/10000
| pretrain       | Iter: 0 | T: 9:45:50 | BS: 3392 | Batched Update FPS: 4.5367
[2026-05-28 13:27:27,389][root][INFO] - Finished replay epoch 5524/10000
[2026-05-28 13:27:32,604][root][INFO] - Finished replay epoch 5525/10000
[2026-05-28 13:27:37,941][root][INFO] - Finished replay epoch 5526/10000
| pretrain       | Iter: 0 | T: 9:46:10 | BS: 3392 | Batched Update FPS: 3.6928
[2026-05-28 13:27:43,205][root][INFO] - Finished replay epoch 5527/10000
[2026-05-28 13:27:48,495][root][INFO] - Finished replay epoch 5528/10000
[2026-05-28 13:27:53,747][root][INFO] - Finished replay epoch 5529/10000
[2026-05-28 13:27:59,051][root][INFO] - Finished replay epoch 5530/10000
| pretrain       | Iter: 0 | T: 9:46:30 | BS: 3392 | Batched Update FPS: 3.1540
[2026-05-28 13:28:04,337][root][INFO] - Finished replay epoch 5531/10000
[2026-05-28 13:28:09,609][root][INFO] - Finished replay epoch 5532/10000
[2026-05-28 13:28:14,894][root][INFO] - Finished replay epoch 5533/10000
[2026-05-28 13:28:20,196][root][INFO] - Finished replay epoch 5534/10000
| pretrain       | Iter: 0 | T: 9:46:51 | BS: 3392 | Batched Update FPS: 4.4466
[2026-05-28 13:28:25,465][root][INFO] - Finished replay epoch 5535/10000
[2026-05-28 13:28:30,821][root][INFO] - Finished replay epoch 5536/10000
[2026-05-28 13:28:36,107][root][INFO] - Finished replay epoch 5537/10000
[2026-05-28 13:28:41,402][root][INFO] - Finished replay epoch 5538/10000
| pretrain       | Iter: 0 | T: 9:47:11 | BS: 3392 | Batched Update FPS: 4.7183
[2026-05-28 13:28:47,042][root][INFO] - Finished replay epoch 5539/10000
[2026-05-28 13:28:52,250][root][INFO] - Finished replay epoch 5540/10000
[2026-05-28 13:28:57,538][root][INFO] - Finished replay epoch 5541/10000
[2026-05-28 13:29:02,780][root][INFO] - Finished replay epoch 5542/10000
| pretrain       | Iter: 0 | T: 9:47:32 | BS: 3392 | Batched Update FPS: 4.2414
[2026-05-28 13:29:08,092][root][INFO] - Finished replay epoch 5543/10000
[2026-05-28 13:29:13,387][root][INFO] - Finished replay epoch 5544/10000
[2026-05-28 13:29:18,690][root][INFO] - Finished replay epoch 5545/10000
[2026-05-28 13:29:23,963][root][INFO] - Finished replay epoch 5546/10000
| pretrain       | Iter: 0 | T: 9:47:52 | BS: 3392 | Batched Update FPS: 4.0614
[2026-05-28 13:29:29,283][root][INFO] - Finished replay epoch 5547/10000
[2026-05-28 13:29:34,628][root][INFO] - Finished replay epoch 5548/10000
[2026-05-28 13:29:39,919][root][INFO] - Finished replay epoch 5549/10000
[2026-05-28 13:29:45,126][root][INFO] - Finished replay epoch 5550/10000
| pretrain       | Iter: 0 | T: 9:48:12 | BS: 3392 | Batched Update FPS: 3.9533
[2026-05-28 13:29:50,463][root][INFO] - Finished replay epoch 5551/10000
[2026-05-28 13:29:55,736][root][INFO] - Finished replay epoch 5552/10000
[2026-05-28 13:30:01,070][root][INFO] - Finished replay epoch 5553/10000
| pretrain       | Iter: 0 | T: 9:48:33 | BS: 3392 | Batched Update FPS: 3.2266
[2026-05-28 13:30:06,349][root][INFO] - Finished replay epoch 5554/10000
[2026-05-28 13:30:11,661][root][INFO] - Finished replay epoch 5555/10000
[2026-05-28 13:30:16,964][root][INFO] - Finished replay epoch 5556/10000
[2026-05-28 13:30:22,286][root][INFO] - Finished replay epoch 5557/10000
| pretrain       | Iter: 0 | T: 9:48:53 | BS: 3392 | Batched Update FPS: 3.2680
[2026-05-28 13:30:27,610][root][INFO] - Finished replay epoch 5558/10000
[2026-05-28 13:30:32,884][root][INFO] - Finished replay epoch 5559/10000
[2026-05-28 13:30:38,063][root][INFO] - Finished replay epoch 5560/10000
[2026-05-28 13:30:43,392][root][INFO] - Finished replay epoch 5561/10000
| pretrain       | Iter: 0 | T: 9:49:13 | BS: 3392 | Batched Update FPS: 4.4481
[2026-05-28 13:30:48,708][root][INFO] - Finished replay epoch 5562/10000
[2026-05-28 13:30:54,001][root][INFO] - Finished replay epoch 5563/10000
[2026-05-28 13:30:58,996][root][INFO] - Finished replay epoch 5564/10000
[2026-05-28 13:31:04,099][root][INFO] - Finished replay epoch 5565/10000
| pretrain       | Iter: 0 | T: 9:49:33 | BS: 3392 | Batched Update FPS: 3.6391
[2026-05-28 13:31:09,328][root][INFO] - Finished replay epoch 5566/10000
[2026-05-28 13:31:14,775][root][INFO] - Finished replay epoch 5567/10000
[2026-05-28 13:31:20,093][root][INFO] - Finished replay epoch 5568/10000
[2026-05-28 13:31:25,425][root][INFO] - Finished replay epoch 5569/10000
| pretrain       | Iter: 0 | T: 9:49:54 | BS: 3392 | Batched Update FPS: 3.4226
[2026-05-28 13:31:30,799][root][INFO] - Finished replay epoch 5570/10000
[2026-05-28 13:31:36,276][root][INFO] - Finished replay epoch 5571/10000
[2026-05-28 13:31:41,650][root][INFO] - Finished replay epoch 5572/10000
[2026-05-28 13:31:46,999][root][INFO] - Finished replay epoch 5573/10000
| pretrain       | Iter: 0 | T: 9:50:15 | BS: 3392 | Batched Update FPS: 4.0477
[2026-05-28 13:31:52,249][root][INFO] - Finished replay epoch 5574/10000
[2026-05-28 13:31:57,594][root][INFO] - Finished replay epoch 5575/10000
[2026-05-28 13:32:02,962][root][INFO] - Finished replay epoch 5576/10000
| pretrain       | Iter: 0 | T: 9:50:35 | BS: 3392 | Batched Update FPS: 4.1196
wandb: WARNING `format` argument was not provided, defaulting to `gif`. This parameter will be required in v0.20.0, please specify the format explicitly.
wandb: Encoding video...
| pretrain_eval  | Iter: 0 | S: 145000 | E: 0 | L: 200 | R: 0.0000 | T: 9:53:00
[2026-05-28 13:34:37,708][root][INFO] - Finished replay epoch 5577/10000
[2026-05-28 13:34:43,105][root][INFO] - Finished replay epoch 5578/10000
[2026-05-28 13:34:48,409][root][INFO] - Finished replay epoch 5579/10000
[2026-05-28 13:34:53,805][root][INFO] - Finished replay epoch 5580/10000
| pretrain       | Iter: 0 | T: 9:53:25 | BS: 3392 | Batched Update FPS: 4.1665
[2026-05-28 13:34:59,191][root][INFO] - Finished replay epoch 5581/10000
[2026-05-28 13:35:04,542][root][INFO] - Finished replay epoch 5582/10000
[2026-05-28 13:35:09,906][root][INFO] - Finished replay epoch 5583/10000
[2026-05-28 13:35:15,227][root][INFO] - Finished replay epoch 5584/10000
| pretrain       | Iter: 0 | T: 9:53:46 | BS: 3392 | Batched Update FPS: 4.0319
[2026-05-28 13:35:20,681][root][INFO] - Finished replay epoch 5585/10000
[2026-05-28 13:35:26,026][root][INFO] - Finished replay epoch 5586/10000
[2026-05-28 13:35:31,421][root][INFO] - Finished replay epoch 5587/10000
[2026-05-28 13:35:36,825][root][INFO] - Finished replay epoch 5588/10000
| pretrain       | Iter: 0 | T: 9:54:07 | BS: 3392 | Batched Update FPS: 4.4368
[2026-05-28 13:35:42,190][root][INFO] - Finished replay epoch 5589/10000
[2026-05-28 13:35:47,525][root][INFO] - Finished replay epoch 5590/10000
[2026-05-28 13:35:52,968][root][INFO] - Finished replay epoch 5591/10000
[2026-05-28 13:35:58,259][root][INFO] - Finished replay epoch 5592/10000
| pretrain       | Iter: 0 | T: 9:54:27 | BS: 3392 | Batched Update FPS: 3.2859
[2026-05-28 13:36:03,565][root][INFO] - Finished replay epoch 5593/10000
[2026-05-28 13:36:10,488][root][INFO] - Finished replay epoch 5594/10000
[2026-05-28 13:36:19,824][root][INFO] - Finished replay epoch 5595/10000
[2026-05-28 13:36:25,788][root][INFO] - Finished replay epoch 5596/10000
| pretrain       | Iter: 0 | T: 9:54:54 | BS: 3392 | Batched Update FPS: 4.2598
[2026-05-28 13:36:31,265][root][INFO] - Finished replay epoch 5597/10000
[2026-05-28 13:36:37,023][root][INFO] - Finished replay epoch 5598/10000
[2026-05-28 13:36:43,591][root][INFO] - Finished replay epoch 5599/10000
[2026-05-28 13:36:50,176][root][INFO] - Finished replay epoch 5600/10000
| pretrain       | Iter: 0 | T: 9:55:17 | BS: 3392 | Batched Update FPS: 3.2831
[2026-05-28 13:36:56,479][root][INFO] - Finished replay epoch 5601/10000
[2026-05-28 13:37:02,902][root][INFO] - Finished replay epoch 5602/10000
[2026-05-28 13:37:09,232][root][INFO] - Finished replay epoch 5603/10000
| pretrain       | Iter: 0 | T: 9:55:41 | BS: 3392 | Batched Update FPS: 4.1345
[2026-05-28 13:37:15,154][root][INFO] - Finished replay epoch 5604/10000
[2026-05-28 13:37:21,502][root][INFO] - Finished replay epoch 5605/10000
[2026-05-28 13:37:27,979][root][INFO] - Finished replay epoch 5606/10000
[2026-05-28 13:37:34,344][root][INFO] - Finished replay epoch 5607/10000
| pretrain       | Iter: 0 | T: 9:56:06 | BS: 3392 | Batched Update FPS: 3.1044
[2026-05-28 13:37:40,749][root][INFO] - Finished replay epoch 5608/10000
[2026-05-28 13:37:47,029][root][INFO] - Finished replay epoch 5609/10000
[2026-05-28 13:37:52,735][root][INFO] - Finished replay epoch 5610/10000
[2026-05-28 13:37:57,982][root][INFO] - Finished replay epoch 5611/10000
| pretrain       | Iter: 0 | T: 9:56:28 | BS: 3392 | Batched Update FPS: 4.0260
[2026-05-28 13:38:03,342][root][INFO] - Finished replay epoch 5612/10000
[2026-05-28 13:38:08,458][root][INFO] - Finished replay epoch 5613/10000
[2026-05-28 13:38:13,853][root][INFO] - Finished replay epoch 5614/10000
[2026-05-28 13:38:19,571][root][INFO] - Finished replay epoch 5615/10000
| pretrain       | Iter: 0 | T: 9:56:49 | BS: 3392 | Batched Update FPS: 4.4135
[2026-05-28 13:38:25,404][root][INFO] - Finished replay epoch 5616/10000
[2026-05-28 13:38:30,963][root][INFO] - Finished replay epoch 5617/10000
[2026-05-28 13:38:36,440][root][INFO] - Finished replay epoch 5618/10000
[2026-05-28 13:38:41,986][root][INFO] - Finished replay epoch 5619/10000
| pretrain       | Iter: 0 | T: 9:57:10 | BS: 3392 | Batched Update FPS: 3.8092
[2026-05-28 13:38:47,532][root][INFO] - Finished replay epoch 5620/10000
[2026-05-28 13:38:53,078][root][INFO] - Finished replay epoch 5621/10000
[2026-05-28 13:38:58,572][root][INFO] - Finished replay epoch 5622/10000
[2026-05-28 13:39:04,066][root][INFO] - Finished replay epoch 5623/10000
| pretrain       | Iter: 0 | T: 9:57:32 | BS: 3392 | Batched Update FPS: 3.2363
[2026-05-28 13:39:09,759][root][INFO] - Finished replay epoch 5624/10000
[2026-05-28 13:39:15,366][root][INFO] - Finished replay epoch 5625/10000
[2026-05-28 13:39:20,902][root][INFO] - Finished replay epoch 5626/10000
| pretrain       | Iter: 0 | T: 9:57:53 | BS: 3392 | Batched Update FPS: 3.0187
[2026-05-28 13:39:26,579][root][INFO] - Finished replay epoch 5627/10000
[2026-05-28 13:39:32,081][root][INFO] - Finished replay epoch 5628/10000
[2026-05-28 13:39:37,577][root][INFO] - Finished replay epoch 5629/10000
[2026-05-28 13:39:43,057][root][INFO] - Finished replay epoch 5630/10000
| pretrain       | Iter: 0 | T: 9:58:15 | BS: 3392 | Batched Update FPS: 4.0664
[2026-05-28 13:39:48,632][root][INFO] - Finished replay epoch 5631/10000
[2026-05-28 13:39:54,160][root][INFO] - Finished replay epoch 5632/10000
[2026-05-28 13:39:59,801][root][INFO] - Finished replay epoch 5633/10000
[2026-05-28 13:40:05,335][root][INFO] - Finished replay epoch 5634/10000
| pretrain       | Iter: 0 | T: 9:58:36 | BS: 3392 | Batched Update FPS: 3.9953
[2026-05-28 13:40:10,821][root][INFO] - Finished replay epoch 5635/10000
[2026-05-28 13:40:16,556][root][INFO] - Finished replay epoch 5636/10000
[2026-05-28 13:40:22,018][root][INFO] - Finished replay epoch 5637/10000
[2026-05-28 13:40:27,535][root][INFO] - Finished replay epoch 5638/10000
| pretrain       | Iter: 0 | T: 9:58:57 | BS: 3392 | Batched Update FPS: 4.1067
[2026-05-28 13:40:33,109][root][INFO] - Finished replay epoch 5639/10000
[2026-05-28 13:40:38,573][root][INFO] - Finished replay epoch 5640/10000
[2026-05-28 13:40:44,019][root][INFO] - Finished replay epoch 5641/10000
[2026-05-28 13:40:49,470][root][INFO] - Finished replay epoch 5642/10000
| pretrain       | Iter: 0 | T: 9:59:18 | BS: 3392 | Batched Update FPS: 4.5248
[2026-05-28 13:40:55,030][root][INFO] - Finished replay epoch 5643/10000
[2026-05-28 13:41:00,545][root][INFO] - Finished replay epoch 5644/10000
[2026-05-28 13:41:05,938][root][INFO] - Finished replay epoch 5645/10000
[2026-05-28 13:41:11,393][root][INFO] - Finished replay epoch 5646/10000
| pretrain       | Iter: 0 | T: 9:59:39 | BS: 3392 | Batched Update FPS: 4.0885
[2026-05-28 13:41:16,989][root][INFO] - Finished replay epoch 5647/10000
[2026-05-28 13:41:22,605][root][INFO] - Finished replay epoch 5648/10000
[2026-05-28 13:41:28,078][root][INFO] - Finished replay epoch 5649/10000
[2026-05-28 13:41:33,650][root][INFO] - Finished replay epoch 5650/10000
| pretrain       | Iter: 0 | T: 10:00:01 | BS: 3392 | Batched Update FPS: 3.8545
[2026-05-28 13:41:39,288][root][INFO] - Finished replay epoch 5651/10000
[2026-05-28 13:41:44,890][root][INFO] - Finished replay epoch 5652/10000
[2026-05-28 13:41:50,686][root][INFO] - Finished replay epoch 5653/10000
| pretrain       | Iter: 0 | T: 10:00:23 | BS: 3392 | Batched Update FPS: 4.2300
[2026-05-28 13:41:56,879][root][INFO] - Finished replay epoch 5654/10000
[2026-05-28 13:42:02,481][root][INFO] - Finished replay epoch 5655/10000
[2026-05-28 13:42:07,991][root][INFO] - Finished replay epoch 5656/10000
[2026-05-28 13:42:13,504][root][INFO] - Finished replay epoch 5657/10000
| pretrain       | Iter: 0 | T: 10:00:45 | BS: 3392 | Batched Update FPS: 4.1843
[2026-05-28 13:42:19,106][root][INFO] - Finished replay epoch 5658/10000
[2026-05-28 13:42:24,611][root][INFO] - Finished replay epoch 5659/10000
[2026-05-28 13:42:30,155][root][INFO] - Finished replay epoch 5660/10000
[2026-05-28 13:42:35,703][root][INFO] - Finished replay epoch 5661/10000
| pretrain       | Iter: 0 | T: 10:01:06 | BS: 3392 | Batched Update FPS: 3.9966
[2026-05-28 13:42:41,421][root][INFO] - Finished replay epoch 5662/10000
[2026-05-28 13:42:46,825][root][INFO] - Finished replay epoch 5663/10000
[2026-05-28 13:42:52,332][root][INFO] - Finished replay epoch 5664/10000
[2026-05-28 13:42:57,699][root][INFO] - Finished replay epoch 5665/10000
| pretrain       | Iter: 0 | T: 10:01:27 | BS: 3392 | Batched Update FPS: 3.2618
[2026-05-28 13:43:02,919][root][INFO] - Finished replay epoch 5666/10000
[2026-05-28 13:43:08,415][root][INFO] - Finished replay epoch 5667/10000
[2026-05-28 13:43:13,929][root][INFO] - Finished replay epoch 5668/10000
[2026-05-28 13:43:19,660][root][INFO] - Finished replay epoch 5669/10000
| pretrain       | Iter: 0 | T: 10:01:48 | BS: 3392 | Batched Update FPS: 3.2402
[2026-05-28 13:43:25,717][root][INFO] - Finished replay epoch 5670/10000
[2026-05-28 13:43:31,186][root][INFO] - Finished replay epoch 5671/10000
[2026-05-28 13:43:36,742][root][INFO] - Finished replay epoch 5672/10000
[2026-05-28 13:43:42,285][root][INFO] - Finished replay epoch 5673/10000
| pretrain       | Iter: 0 | T: 10:02:10 | BS: 3392 | Batched Update FPS: 3.0836
wandb: WARNING `format` argument was not provided, defaulting to `gif`. This parameter will be required in v0.20.0, please specify the format explicitly.
wandb: Encoding video...
| pretrain_eval  | Iter: 0 | S: 147500 | E: 0 | L: 200 | R: 0.0000 | T: 10:06:48
[2026-05-28 13:48:33,131][root][INFO] - Finished replay epoch 5674/10000
[2026-05-28 13:48:40,270][root][INFO] - Finished replay epoch 5675/10000
[2026-05-28 13:48:47,355][root][INFO] - Finished replay epoch 5676/10000
| pretrain       | Iter: 0 | T: 10:07:21 | BS: 3392 | Batched Update FPS: 2.3956
[2026-05-28 13:48:54,749][root][INFO] - Finished replay epoch 5677/10000
[2026-05-28 13:49:01,879][root][INFO] - Finished replay epoch 5678/10000
[2026-05-28 13:49:08,977][root][INFO] - Finished replay epoch 5679/10000
[2026-05-28 13:49:16,091][root][INFO] - Finished replay epoch 5680/10000
| pretrain       | Iter: 0 | T: 10:07:49 | BS: 3392 | Batched Update FPS: 3.6662
[2026-05-28 13:49:23,185][root][INFO] - Finished replay epoch 5681/10000
[2026-05-28 13:49:30,348][root][INFO] - Finished replay epoch 5682/10000
[2026-05-28 13:49:37,672][root][INFO] - Finished replay epoch 5683/10000
[2026-05-28 13:49:44,789][root][INFO] - Finished replay epoch 5684/10000
| pretrain       | Iter: 0 | T: 10:08:16 | BS: 3392 | Batched Update FPS: 3.0269
[2026-05-28 13:49:51,820][root][INFO] - Finished replay epoch 5685/10000
[2026-05-28 13:49:58,889][root][INFO] - Finished replay epoch 5686/10000
[2026-05-28 13:50:06,100][root][INFO] - Finished replay epoch 5687/10000
[2026-05-28 13:50:13,375][root][INFO] - Finished replay epoch 5688/10000
| pretrain       | Iter: 0 | T: 10:08:44 | BS: 3392 | Batched Update FPS: 2.3655
[2026-05-28 13:50:20,760][root][INFO] - Finished replay epoch 5689/10000
[2026-05-28 13:50:28,225][root][INFO] - Finished replay epoch 5690/10000
[2026-05-28 13:50:35,538][root][INFO] - Finished replay epoch 5691/10000
[2026-05-28 13:50:42,649][root][INFO] - Finished replay epoch 5692/10000
| pretrain       | Iter: 0 | T: 10:09:12 | BS: 3392 | Batched Update FPS: 4.0545
[2026-05-28 13:50:50,254][root][INFO] - Finished replay epoch 5693/10000
[2026-05-28 13:50:57,491][root][INFO] - Finished replay epoch 5694/10000
[2026-05-28 13:51:04,822][root][INFO] - Finished replay epoch 5695/10000
[2026-05-28 13:51:12,089][root][INFO] - Finished replay epoch 5696/10000
| pretrain       | Iter: 0 | T: 10:09:40 | BS: 3392 | Batched Update FPS: 3.2554
[2026-05-28 13:51:19,307][root][INFO] - Finished replay epoch 5697/10000
[2026-05-28 13:51:26,084][root][INFO] - Finished replay epoch 5698/10000
[2026-05-28 13:51:33,197][root][INFO] - Finished replay epoch 5699/10000
[2026-05-28 13:51:40,609][root][INFO] - Finished replay epoch 5700/10000
| pretrain       | Iter: 0 | T: 10:10:08 | BS: 3392 | Batched Update FPS: 2.3607
[2026-05-28 13:51:48,113][root][INFO] - Finished replay epoch 5701/10000
[2026-05-28 13:51:55,284][root][INFO] - Finished replay epoch 5702/10000
[2026-05-28 13:52:02,779][root][INFO] - Finished replay epoch 5703/10000
| pretrain       | Iter: 0 | T: 10:10:36 | BS: 3392 | Batched Update FPS: 3.0551
[2026-05-28 13:52:09,986][root][INFO] - Finished replay epoch 5704/10000
[2026-05-28 13:52:17,286][root][INFO] - Finished replay epoch 5705/10000
[2026-05-28 13:52:24,733][root][INFO] - Finished replay epoch 5706/10000
[2026-05-28 13:52:31,968][root][INFO] - Finished replay epoch 5707/10000
| pretrain       | Iter: 0 | T: 10:11:04 | BS: 3392 | Batched Update FPS: 3.0970
[2026-05-28 13:52:39,123][root][INFO] - Finished replay epoch 5708/10000
[2026-05-28 13:52:46,404][root][INFO] - Finished replay epoch 5709/10000
[2026-05-28 13:52:53,774][root][INFO] - Finished replay epoch 5710/10000
[2026-05-28 13:53:01,054][root][INFO] - Finished replay epoch 5711/10000
| pretrain       | Iter: 0 | T: 10:11:32 | BS: 3392 | Batched Update FPS: 3.3168
[2026-05-28 13:53:08,502][root][INFO] - Finished replay epoch 5712/10000
[2026-05-28 13:53:15,844][root][INFO] - Finished replay epoch 5713/10000
[2026-05-28 13:53:23,208][root][INFO] - Finished replay epoch 5714/10000
[2026-05-28 13:53:30,651][root][INFO] - Finished replay epoch 5715/10000
| pretrain       | Iter: 0 | T: 10:12:01 | BS: 3392 | Batched Update FPS: 3.9312
[2026-05-28 13:53:38,085][root][INFO] - Finished replay epoch 5716/10000
[2026-05-28 13:53:45,321][root][INFO] - Finished replay epoch 5717/10000
[2026-05-28 13:53:52,671][root][INFO] - Finished replay epoch 5718/10000
[2026-05-28 13:54:00,121][root][INFO] - Finished replay epoch 5719/10000
| pretrain       | Iter: 0 | T: 10:12:29 | BS: 3392 | Batched Update FPS: 2.6779
[2026-05-28 13:54:07,463][root][INFO] - Finished replay epoch 5720/10000
[2026-05-28 13:54:14,672][root][INFO] - Finished replay epoch 5721/10000
[2026-05-28 13:54:21,812][root][INFO] - Finished replay epoch 5722/10000
[2026-05-28 13:54:29,124][root][INFO] - Finished replay epoch 5723/10000
| pretrain       | Iter: 0 | T: 10:12:57 | BS: 3392 | Batched Update FPS: 2.0901
[2026-05-28 13:54:36,371][root][INFO] - Finished replay epoch 5724/10000
[2026-05-28 13:54:43,553][root][INFO] - Finished replay epoch 5725/10000
[2026-05-28 13:54:50,710][root][INFO] - Finished replay epoch 5726/10000
| pretrain       | Iter: 0 | T: 10:13:25 | BS: 3392 | Batched Update FPS: 3.0930
[2026-05-28 13:54:57,868][root][INFO] - Finished replay epoch 5727/10000
[2026-05-28 13:55:05,233][root][INFO] - Finished replay epoch 5728/10000
[2026-05-28 13:55:12,430][root][INFO] - Finished replay epoch 5729/10000
[2026-05-28 13:55:19,798][root][INFO] - Finished replay epoch 5730/10000
| pretrain       | Iter: 0 | T: 10:13:54 | BS: 3392 | Batched Update FPS: 3.8742
[2026-05-28 13:55:28,249][root][INFO] - Finished replay epoch 5731/10000
[2026-05-28 13:55:35,296][root][INFO] - Finished replay epoch 5732/10000
[2026-05-28 13:55:42,589][root][INFO] - Finished replay epoch 5733/10000
[2026-05-28 13:55:49,895][root][INFO] - Finished replay epoch 5734/10000
| pretrain       | Iter: 0 | T: 10:14:22 | BS: 3392 | Batched Update FPS: 3.6072
[2026-05-28 13:55:57,280][root][INFO] - Finished replay epoch 5735/10000
[2026-05-28 13:56:04,678][root][INFO] - Finished replay epoch 5736/10000
[2026-05-28 13:56:11,859][root][INFO] - Finished replay epoch 5737/10000
[2026-05-28 13:56:19,323][root][INFO] - Finished replay epoch 5738/10000
| pretrain       | Iter: 0 | T: 10:14:50 | BS: 3392 | Batched Update FPS: 3.0793
[2026-05-28 13:56:26,788][root][INFO] - Finished replay epoch 5739/10000
[2026-05-28 13:56:34,158][root][INFO] - Finished replay epoch 5740/10000
[2026-05-28 13:56:41,650][root][INFO] - Finished replay epoch 5741/10000
[2026-05-28 13:56:49,348][root][INFO] - Finished replay epoch 5742/10000
| pretrain       | Iter: 0 | T: 10:15:19 | BS: 3392 | Batched Update FPS: 3.4805
[2026-05-28 13:56:56,698][root][INFO] - Finished replay epoch 5743/10000
[2026-05-28 13:57:04,045][root][INFO] - Finished replay epoch 5744/10000
[2026-05-28 13:57:11,271][root][INFO] - Finished replay epoch 5745/10000
[2026-05-28 13:57:18,725][root][INFO] - Finished replay epoch 5746/10000
| pretrain       | Iter: 0 | T: 10:15:47 | BS: 3392 | Batched Update FPS: 3.2070
[2026-05-28 13:57:26,206][root][INFO] - Finished replay epoch 5747/10000
[2026-05-28 13:57:33,474][root][INFO] - Finished replay epoch 5748/10000
[2026-05-28 13:57:40,628][root][INFO] - Finished replay epoch 5749/10000
[2026-05-28 13:57:47,769][root][INFO] - Finished replay epoch 5750/10000
| pretrain       | Iter: 0 | T: 10:16:15 | BS: 3392 | Batched Update FPS: 2.8255
[2026-05-28 13:57:54,961][root][INFO] - Finished replay epoch 5751/10000
[2026-05-28 13:58:02,240][root][INFO] - Finished replay epoch 5752/10000
[2026-05-28 13:58:09,487][root][INFO] - Finished replay epoch 5753/10000
| pretrain       | Iter: 0 | T: 10:16:43 | BS: 3392 | Batched Update FPS: 3.0228
[2026-05-28 13:58:16,796][root][INFO] - Finished replay epoch 5754/10000
[2026-05-28 13:58:23,971][root][INFO] - Finished replay epoch 5755/10000
[2026-05-28 13:58:31,343][root][INFO] - Finished replay epoch 5756/10000
[2026-05-28 13:58:38,599][root][INFO] - Finished replay epoch 5757/10000
| pretrain       | Iter: 0 | T: 10:17:11 | BS: 3392 | Batched Update FPS: 3.4544
[2026-05-28 13:58:46,273][root][INFO] - Finished replay epoch 5758/10000
[2026-05-28 13:58:53,760][root][INFO] - Finished replay epoch 5759/10000
[2026-05-28 13:59:01,091][root][INFO] - Finished replay epoch 5760/10000
[2026-05-28 13:59:08,546][root][INFO] - Finished replay epoch 5761/10000
| pretrain       | Iter: 0 | T: 10:17:40 | BS: 3392 | Batched Update FPS: 2.3679
[2026-05-28 13:59:16,055][root][INFO] - Finished replay epoch 5762/10000
[2026-05-28 13:59:23,391][root][INFO] - Finished replay epoch 5763/10000
[2026-05-28 13:59:30,894][root][INFO] - Finished replay epoch 5764/10000
[2026-05-28 13:59:38,358][root][INFO] - Finished replay epoch 5765/10000
| pretrain       | Iter: 0 | T: 10:18:08 | BS: 3392 | Batched Update FPS: 2.5331
[2026-05-28 13:59:45,190][root][INFO] - Finished replay epoch 5766/10000
[2026-05-28 13:59:52,577][root][INFO] - Finished replay epoch 5767/10000
[2026-05-28 13:59:59,910][root][INFO] - Finished replay epoch 5768/10000
[2026-05-28 14:00:06,936][root][INFO] - Finished replay epoch 5769/10000
| pretrain       | Iter: 0 | T: 10:18:37 | BS: 3392 | Batched Update FPS: 3.8674
wandb: WARNING `format` argument was not provided, defaulting to `gif`. This parameter will be required in v0.20.0, please specify the format explicitly.
wandb: Encoding video...
| pretrain_eval  | Iter: 0 | S: 150000 | E: 0 | L: 200 | R: 0.0000 | T: 10:23:35
[2026-05-28 14:05:19,193][root][INFO] - Finished replay epoch 5770/10000
[2026-05-28 14:05:25,773][root][INFO] - Finished replay epoch 5771/10000
[2026-05-28 14:05:32,391][root][INFO] - Finished replay epoch 5772/10000
[2026-05-28 14:05:39,038][root][INFO] - Finished replay epoch 5773/10000
| pretrain       | Iter: 0 | T: 10:24:07 | BS: 3392 | Batched Update FPS: 2.4957
[2026-05-28 14:05:45,913][root][INFO] - Finished replay epoch 5774/10000
[2026-05-28 14:05:52,597][root][INFO] - Finished replay epoch 5775/10000
[2026-05-28 14:05:59,317][root][INFO] - Finished replay epoch 5776/10000
| pretrain       | Iter: 0 | T: 10:24:33 | BS: 3392 | Batched Update FPS: 3.1372
[2026-05-28 14:06:05,937][root][INFO] - Finished replay epoch 5777/10000
[2026-05-28 14:06:12,468][root][INFO] - Finished replay epoch 5778/10000
[2026-05-28 14:06:19,106][root][INFO] - Finished replay epoch 5779/10000
[2026-05-28 14:06:25,916][root][INFO] - Finished replay epoch 5780/10000
| pretrain       | Iter: 0 | T: 10:24:58 | BS: 3392 | Batched Update FPS: 3.7037
[2026-05-28 14:06:32,656][root][INFO] - Finished replay epoch 5781/10000
[2026-05-28 14:06:39,345][root][INFO] - Finished replay epoch 5782/10000
[2026-05-28 14:06:45,944][root][INFO] - Finished replay epoch 5783/10000
[2026-05-28 14:06:52,626][root][INFO] - Finished replay epoch 5784/10000
| pretrain       | Iter: 0 | T: 10:25:24 | BS: 3392 | Batched Update FPS: 3.5782
[2026-05-28 14:06:59,589][root][INFO] - Finished replay epoch 5785/10000
[2026-05-28 14:07:06,203][root][INFO] - Finished replay epoch 5786/10000
[2026-05-28 14:07:12,846][root][INFO] - Finished replay epoch 5787/10000
[2026-05-28 14:07:19,518][root][INFO] - Finished replay epoch 5788/10000
| pretrain       | Iter: 0 | T: 10:25:50 | BS: 3392 | Batched Update FPS: 3.5556
[2026-05-28 14:07:26,113][root][INFO] - Finished replay epoch 5789/10000
[2026-05-28 14:07:31,990][root][INFO] - Finished replay epoch 5790/10000
[2026-05-28 14:07:38,439][root][INFO] - Finished replay epoch 5791/10000
[2026-05-28 14:07:45,095][root][INFO] - Finished replay epoch 5792/10000
| pretrain       | Iter: 0 | T: 10:26:14 | BS: 3392 | Batched Update FPS: 3.1266
[2026-05-28 14:07:51,807][root][INFO] - Finished replay epoch 5793/10000
[2026-05-28 14:07:58,440][root][INFO] - Finished replay epoch 5794/10000
[2026-05-28 14:08:04,945][root][INFO] - Finished replay epoch 5795/10000
[2026-05-28 14:08:11,630][root][INFO] - Finished replay epoch 5796/10000
| pretrain       | Iter: 0 | T: 10:26:40 | BS: 3392 | Batched Update FPS: 2.5145
[2026-05-28 14:08:18,389][root][INFO] - Finished replay epoch 5797/10000
[2026-05-28 14:08:24,975][root][INFO] - Finished replay epoch 5798/10000
[2026-05-28 14:08:31,652][root][INFO] - Finished replay epoch 5799/10000
[2026-05-28 14:08:38,336][root][INFO] - Finished replay epoch 5800/10000
| pretrain       | Iter: 0 | T: 10:27:06 | BS: 3392 | Batched Update FPS: 3.4829
[2026-05-28 14:08:44,902][root][INFO] - Finished replay epoch 5801/10000
[2026-05-28 14:08:51,706][root][INFO] - Finished replay epoch 5802/10000
[2026-05-28 14:08:58,423][root][INFO] - Finished replay epoch 5803/10000
| pretrain       | Iter: 0 | T: 10:27:31 | BS: 3392 | Batched Update FPS: 3.2080
[2026-05-28 14:09:05,077][root][INFO] - Finished replay epoch 5804/10000
[2026-05-28 14:09:11,735][root][INFO] - Finished replay epoch 5805/10000
[2026-05-28 14:09:18,401][root][INFO] - Finished replay epoch 5806/10000
[2026-05-28 14:09:24,923][root][INFO] - Finished replay epoch 5807/10000
| pretrain       | Iter: 0 | T: 10:27:57 | BS: 3392 | Batched Update FPS: 2.6824
[2026-05-28 14:09:31,759][root][INFO] - Finished replay epoch 5808/10000
[2026-05-28 14:09:38,473][root][INFO] - Finished replay epoch 5809/10000
[2026-05-28 14:09:45,118][root][INFO] - Finished replay epoch 5810/10000
[2026-05-28 14:09:51,244][root][INFO] - Finished replay epoch 5811/10000
| pretrain       | Iter: 0 | T: 10:28:21 | BS: 3392 | Batched Update FPS: 4.3399
[2026-05-28 14:09:56,283][root][INFO] - Finished replay epoch 5812/10000
[2026-05-28 14:10:01,345][root][INFO] - Finished replay epoch 5813/10000
[2026-05-28 14:10:06,462][root][INFO] - Finished replay epoch 5814/10000
[2026-05-28 14:10:11,616][root][INFO] - Finished replay epoch 5815/10000
| pretrain       | Iter: 0 | T: 10:28:41 | BS: 3392 | Batched Update FPS: 4.0861
[2026-05-28 14:10:16,794][root][INFO] - Finished replay epoch 5816/10000
[2026-05-28 14:10:21,877][root][INFO] - Finished replay epoch 5817/10000
[2026-05-28 14:10:26,915][root][INFO] - Finished replay epoch 5818/10000
[2026-05-28 14:10:32,154][root][INFO] - Finished replay epoch 5819/10000
| pretrain       | Iter: 0 | T: 10:29:00 | BS: 3392 | Batched Update FPS: 4.2967
[2026-05-28 14:10:37,210][root][INFO] - Finished replay epoch 5820/10000
[2026-05-28 14:10:42,191][root][INFO] - Finished replay epoch 5821/10000
[2026-05-28 14:10:47,225][root][INFO] - Finished replay epoch 5822/10000
[2026-05-28 14:10:52,446][root][INFO] - Finished replay epoch 5823/10000
| pretrain       | Iter: 0 | T: 10:29:20 | BS: 3392 | Batched Update FPS: 4.1027
[2026-05-28 14:10:57,486][root][INFO] - Finished replay epoch 5824/10000
[2026-05-28 14:11:02,579][root][INFO] - Finished replay epoch 5825/10000
[2026-05-28 14:11:07,623][root][INFO] - Finished replay epoch 5826/10000
| pretrain       | Iter: 0 | T: 10:29:39 | BS: 3392 | Batched Update FPS: 4.3317
[2026-05-28 14:11:12,736][root][INFO] - Finished replay epoch 5827/10000
[2026-05-28 14:11:17,924][root][INFO] - Finished replay epoch 5828/10000
[2026-05-28 14:11:23,065][root][INFO] - Finished replay epoch 5829/10000
[2026-05-28 14:11:28,161][root][INFO] - Finished replay epoch 5830/10000
| pretrain       | Iter: 0 | T: 10:29:59 | BS: 3392 | Batched Update FPS: 4.2662
[2026-05-28 14:11:33,282][root][INFO] - Finished replay epoch 5831/10000
[2026-05-28 14:11:38,434][root][INFO] - Finished replay epoch 5832/10000
[2026-05-28 14:11:43,609][root][INFO] - Finished replay epoch 5833/10000
[2026-05-28 14:11:48,668][root][INFO] - Finished replay epoch 5834/10000
| pretrain       | Iter: 0 | T: 10:30:19 | BS: 3392 | Batched Update FPS: 4.0533
[2026-05-28 14:11:53,803][root][INFO] - Finished replay epoch 5835/10000
[2026-05-28 14:11:58,820][root][INFO] - Finished replay epoch 5836/10000
[2026-05-28 14:12:03,965][root][INFO] - Finished replay epoch 5837/10000
[2026-05-28 14:12:09,091][root][INFO] - Finished replay epoch 5838/10000
| pretrain       | Iter: 0 | T: 10:30:39 | BS: 3392 | Batched Update FPS: 4.2212
[2026-05-28 14:12:14,301][root][INFO] - Finished replay epoch 5839/10000
[2026-05-28 14:12:19,354][root][INFO] - Finished replay epoch 5840/10000
[2026-05-28 14:12:24,395][root][INFO] - Finished replay epoch 5841/10000
[2026-05-28 14:12:29,502][root][INFO] - Finished replay epoch 5842/10000
| pretrain       | Iter: 0 | T: 10:30:58 | BS: 3392 | Batched Update FPS: 4.2305
[2026-05-28 14:12:34,580][root][INFO] - Finished replay epoch 5843/10000
[2026-05-28 14:12:39,660][root][INFO] - Finished replay epoch 5844/10000
[2026-05-28 14:12:44,828][root][INFO] - Finished replay epoch 5845/10000
[2026-05-28 14:12:49,927][root][INFO] - Finished replay epoch 5846/10000
| pretrain       | Iter: 0 | T: 10:31:18 | BS: 3392 | Batched Update FPS: 4.1458
[2026-05-28 14:12:55,347][root][INFO] - Finished replay epoch 5847/10000
[2026-05-28 14:13:00,391][root][INFO] - Finished replay epoch 5848/10000
[2026-05-28 14:13:05,482][root][INFO] - Finished replay epoch 5849/10000
[2026-05-28 14:13:10,578][root][INFO] - Finished replay epoch 5850/10000
| pretrain       | Iter: 0 | T: 10:31:38 | BS: 3392 | Batched Update FPS: 4.1826
[2026-05-28 14:13:15,750][root][INFO] - Finished replay epoch 5851/10000
[2026-05-28 14:13:20,853][root][INFO] - Finished replay epoch 5852/10000
[2026-05-28 14:13:25,963][root][INFO] - Finished replay epoch 5853/10000
| pretrain       | Iter: 0 | T: 10:31:58 | BS: 3392 | Batched Update FPS: 4.3417
[2026-05-28 14:13:31,162][root][INFO] - Finished replay epoch 5854/10000
[2026-05-28 14:13:36,223][root][INFO] - Finished replay epoch 5855/10000
[2026-05-28 14:13:41,284][root][INFO] - Finished replay epoch 5856/10000
[2026-05-28 14:13:46,490][root][INFO] - Finished replay epoch 5857/10000
| pretrain       | Iter: 0 | T: 10:32:17 | BS: 3392 | Batched Update FPS: 4.1513
[2026-05-28 14:13:51,582][root][INFO] - Finished replay epoch 5858/10000
[2026-05-28 14:13:56,660][root][INFO] - Finished replay epoch 5859/10000
[2026-05-28 14:14:01,668][root][INFO] - Finished replay epoch 5860/10000
[2026-05-28 14:14:06,761][root][INFO] - Finished replay epoch 5861/10000
| pretrain       | Iter: 0 | T: 10:32:37 | BS: 3392 | Batched Update FPS: 4.1312
[2026-05-28 14:14:11,879][root][INFO] - Finished replay epoch 5862/10000
[2026-05-28 14:14:16,890][root][INFO] - Finished replay epoch 5863/10000
[2026-05-28 14:14:21,991][root][INFO] - Finished replay epoch 5864/10000
[2026-05-28 14:14:26,956][root][INFO] - Finished replay epoch 5865/10000
| pretrain       | Iter: 0 | T: 10:32:56 | BS: 3392 | Batched Update FPS: 4.2733
wandb: WARNING `format` argument was not provided, defaulting to `gif`. This parameter will be required in v0.20.0, please specify the format explicitly.
wandb: Encoding video...
| pretrain_eval  | Iter: 0 | S: 152500 | E: 0 | L: 200 | R: 0.0000 | T: 10:37:43
[2026-05-28 14:19:26,078][root][INFO] - Finished replay epoch 5866/10000
[2026-05-28 14:19:32,683][root][INFO] - Finished replay epoch 5867/10000
[2026-05-28 14:19:39,158][root][INFO] - Finished replay epoch 5868/10000
[2026-05-28 14:19:45,869][root][INFO] - Finished replay epoch 5869/10000
| pretrain       | Iter: 0 | T: 10:38:15 | BS: 3392 | Batched Update FPS: 3.2386
[2026-05-28 14:19:52,519][root][INFO] - Finished replay epoch 5870/10000
[2026-05-28 14:19:59,249][root][INFO] - Finished replay epoch 5871/10000
[2026-05-28 14:20:05,866][root][INFO] - Finished replay epoch 5872/10000
[2026-05-28 14:20:12,444][root][INFO] - Finished replay epoch 5873/10000
| pretrain       | Iter: 0 | T: 10:38:40 | BS: 3392 | Batched Update FPS: 3.3766
[2026-05-28 14:20:18,953][root][INFO] - Finished replay epoch 5874/10000
[2026-05-28 14:20:25,659][root][INFO] - Finished replay epoch 5875/10000
[2026-05-28 14:20:32,222][root][INFO] - Finished replay epoch 5876/10000
| pretrain       | Iter: 0 | T: 10:39:06 | BS: 3392 | Batched Update FPS: 3.9161
[2026-05-28 14:20:38,847][root][INFO] - Finished replay epoch 5877/10000
[2026-05-28 14:20:45,461][root][INFO] - Finished replay epoch 5878/10000
[2026-05-28 14:20:51,999][root][INFO] - Finished replay epoch 5879/10000
[2026-05-28 14:20:58,612][root][INFO] - Finished replay epoch 5880/10000
| pretrain       | Iter: 0 | T: 10:39:31 | BS: 3392 | Batched Update FPS: 3.3697
[2026-05-28 14:21:05,217][root][INFO] - Finished replay epoch 5881/10000
[2026-05-28 14:21:11,849][root][INFO] - Finished replay epoch 5882/10000
[2026-05-28 14:21:18,371][root][INFO] - Finished replay epoch 5883/10000
[2026-05-28 14:21:24,902][root][INFO] - Finished replay epoch 5884/10000
| pretrain       | Iter: 0 | T: 10:39:57 | BS: 3392 | Batched Update FPS: 2.2920
[2026-05-28 14:21:32,215][root][INFO] - Finished replay epoch 5885/10000
[2026-05-28 14:21:38,903][root][INFO] - Finished replay epoch 5886/10000
[2026-05-28 14:21:45,523][root][INFO] - Finished replay epoch 5887/10000
[2026-05-28 14:21:52,066][root][INFO] - Finished replay epoch 5888/10000
| pretrain       | Iter: 0 | T: 10:40:23 | BS: 3392 | Batched Update FPS: 2.8835
[2026-05-28 14:21:58,821][root][INFO] - Finished replay epoch 5889/10000
[2026-05-28 14:22:05,425][root][INFO] - Finished replay epoch 5890/10000
[2026-05-28 14:22:12,018][root][INFO] - Finished replay epoch 5891/10000
[2026-05-28 14:22:18,718][root][INFO] - Finished replay epoch 5892/10000
| pretrain       | Iter: 0 | T: 10:40:48 | BS: 3392 | Batched Update FPS: 2.6198
[2026-05-28 14:22:25,537][root][INFO] - Finished replay epoch 5893/10000
[2026-05-28 14:22:32,197][root][INFO] - Finished replay epoch 5894/10000
[2026-05-28 14:22:38,761][root][INFO] - Finished replay epoch 5895/10000
[2026-05-28 14:22:45,554][root][INFO] - Finished replay epoch 5896/10000
| pretrain       | Iter: 0 | T: 10:41:14 | BS: 3392 | Batched Update FPS: 3.1017
[2026-05-28 14:22:51,930][root][INFO] - Finished replay epoch 5897/10000
[2026-05-28 14:22:57,503][root][INFO] - Finished replay epoch 5898/10000
[2026-05-28 14:23:03,460][root][INFO] - Finished replay epoch 5899/10000
[2026-05-28 14:23:09,931][root][INFO] - Finished replay epoch 5900/10000
| pretrain       | Iter: 0 | T: 10:41:37 | BS: 3392 | Batched Update FPS: 3.8029
[2026-05-28 14:23:16,416][root][INFO] - Finished replay epoch 5901/10000
[2026-05-28 14:23:22,772][root][INFO] - Finished replay epoch 5902/10000
[2026-05-28 14:23:29,322][root][INFO] - Finished replay epoch 5903/10000
| pretrain       | Iter: 0 | T: 10:42:02 | BS: 3392 | Batched Update FPS: 3.0733
[2026-05-28 14:23:35,986][root][INFO] - Finished replay epoch 5904/10000
[2026-05-28 14:23:42,446][root][INFO] - Finished replay epoch 5905/10000
[2026-05-28 14:23:48,639][root][INFO] - Finished replay epoch 5906/10000
[2026-05-28 14:23:55,119][root][INFO] - Finished replay epoch 5907/10000
| pretrain       | Iter: 0 | T: 10:42:27 | BS: 3392 | Batched Update FPS: 3.9800
[2026-05-28 14:24:01,538][root][INFO] - Finished replay epoch 5908/10000
[2026-05-28 14:24:07,737][root][INFO] - Finished replay epoch 5909/10000
[2026-05-28 14:24:14,157][root][INFO] - Finished replay epoch 5910/10000
[2026-05-28 14:24:20,262][root][INFO] - Finished replay epoch 5911/10000
| pretrain       | Iter: 0 | T: 10:42:51 | BS: 3392 | Batched Update FPS: 2.8206
[2026-05-28 14:24:26,835][root][INFO] - Finished replay epoch 5912/10000
[2026-05-28 14:24:33,379][root][INFO] - Finished replay epoch 5913/10000
[2026-05-28 14:24:39,894][root][INFO] - Finished replay epoch 5914/10000
[2026-05-28 14:24:46,370][root][INFO] - Finished replay epoch 5915/10000
| pretrain       | Iter: 0 | T: 10:43:16 | BS: 3392 | Batched Update FPS: 3.8929
[2026-05-28 14:24:52,782][root][INFO] - Finished replay epoch 5916/10000
[2026-05-28 14:24:58,972][root][INFO] - Finished replay epoch 5917/10000
[2026-05-28 14:25:05,337][root][INFO] - Finished replay epoch 5918/10000
[2026-05-28 14:25:11,774][root][INFO] - Finished replay epoch 5919/10000
| pretrain       | Iter: 0 | T: 10:43:40 | BS: 3392 | Batched Update FPS: 3.5644
[2026-05-28 14:25:18,089][root][INFO] - Finished replay epoch 5920/10000
[2026-05-28 14:25:24,203][root][INFO] - Finished replay epoch 5921/10000
[2026-05-28 14:25:30,591][root][INFO] - Finished replay epoch 5922/10000
[2026-05-28 14:25:37,013][root][INFO] - Finished replay epoch 5923/10000
| pretrain       | Iter: 0 | T: 10:44:05 | BS: 3392 | Batched Update FPS: 2.5822
[2026-05-28 14:25:43,808][root][INFO] - Finished replay epoch 5924/10000
[2026-05-28 14:25:50,217][root][INFO] - Finished replay epoch 5925/10000
[2026-05-28 14:25:56,653][root][INFO] - Finished replay epoch 5926/10000
| pretrain       | Iter: 0 | T: 10:44:30 | BS: 3392 | Batched Update FPS: 3.7165
[2026-05-28 14:26:02,984][root][INFO] - Finished replay epoch 5927/10000
[2026-05-28 14:26:09,344][root][INFO] - Finished replay epoch 5928/10000
[2026-05-28 14:26:15,509][root][INFO] - Finished replay epoch 5929/10000
[2026-05-28 14:26:21,834][root][INFO] - Finished replay epoch 5930/10000
| pretrain       | Iter: 0 | T: 10:44:54 | BS: 3392 | Batched Update FPS: 3.1141
[2026-05-28 14:26:28,255][root][INFO] - Finished replay epoch 5931/10000
[2026-05-28 14:26:34,453][root][INFO] - Finished replay epoch 5932/10000
[2026-05-28 14:26:40,785][root][INFO] - Finished replay epoch 5933/10000
[2026-05-28 14:26:47,131][root][INFO] - Finished replay epoch 5934/10000
| pretrain       | Iter: 0 | T: 10:45:18 | BS: 3392 | Batched Update FPS: 3.1854
[2026-05-28 14:26:53,707][root][INFO] - Finished replay epoch 5935/10000
[2026-05-28 14:27:00,121][root][INFO] - Finished replay epoch 5936/10000
[2026-05-28 14:27:06,643][root][INFO] - Finished replay epoch 5937/10000
[2026-05-28 14:27:13,013][root][INFO] - Finished replay epoch 5938/10000
| pretrain       | Iter: 0 | T: 10:45:43 | BS: 3392 | Batched Update FPS: 2.5830
[2026-05-28 14:27:19,499][root][INFO] - Finished replay epoch 5939/10000
[2026-05-28 14:27:25,838][root][INFO] - Finished replay epoch 5940/10000
[2026-05-28 14:27:32,038][root][INFO] - Finished replay epoch 5941/10000
[2026-05-28 14:27:38,476][root][INFO] - Finished replay epoch 5942/10000
| pretrain       | Iter: 0 | T: 10:46:08 | BS: 3392 | Batched Update FPS: 2.6143
[2026-05-28 14:27:45,051][root][INFO] - Finished replay epoch 5943/10000
[2026-05-28 14:27:51,469][root][INFO] - Finished replay epoch 5944/10000
[2026-05-28 14:27:57,846][root][INFO] - Finished replay epoch 5945/10000
[2026-05-28 14:28:04,376][root][INFO] - Finished replay epoch 5946/10000
| pretrain       | Iter: 0 | T: 10:46:33 | BS: 3392 | Batched Update FPS: 3.9705
[2026-05-28 14:28:10,622][root][INFO] - Finished replay epoch 5947/10000
[2026-05-28 14:28:17,014][root][INFO] - Finished replay epoch 5948/10000
[2026-05-28 14:28:23,358][root][INFO] - Finished replay epoch 5949/10000
[2026-05-28 14:28:29,650][root][INFO] - Finished replay epoch 5950/10000
| pretrain       | Iter: 0 | T: 10:46:57 | BS: 3392 | Batched Update FPS: 3.1667
[2026-05-28 14:28:36,160][root][INFO] - Finished replay epoch 5951/10000
[2026-05-28 14:28:42,309][root][INFO] - Finished replay epoch 5952/10000
[2026-05-28 14:28:48,610][root][INFO] - Finished replay epoch 5953/10000
| pretrain       | Iter: 0 | T: 10:47:21 | BS: 3392 | Batched Update FPS: 3.4682
[2026-05-28 14:28:55,094][root][INFO] - Finished replay epoch 5954/10000
[2026-05-28 14:29:01,533][root][INFO] - Finished replay epoch 5955/10000
[2026-05-28 14:29:07,829][root][INFO] - Finished replay epoch 5956/10000
[2026-05-28 14:29:14,127][root][INFO] - Finished replay epoch 5957/10000
| pretrain       | Iter: 0 | T: 10:47:46 | BS: 3392 | Batched Update FPS: 3.9753
[2026-05-28 14:29:20,407][root][INFO] - Finished replay epoch 5958/10000
[2026-05-28 14:29:26,839][root][INFO] - Finished replay epoch 5959/10000
[2026-05-28 14:29:33,289][root][INFO] - Finished replay epoch 5960/10000
[2026-05-28 14:29:39,761][root][INFO] - Finished replay epoch 5961/10000
| pretrain       | Iter: 0 | T: 10:48:11 | BS: 3392 | Batched Update FPS: 3.1765
wandb: WARNING `format` argument was not provided, defaulting to `gif`. This parameter will be required in v0.20.0, please specify the format explicitly.
wandb: Encoding video...
| pretrain_eval  | Iter: 0 | S: 155000 | E: 0 | L: 200 | R: 0.0000 | T: 10:52:48
[2026-05-28 14:34:27,378][root][INFO] - Finished replay epoch 5962/10000
[2026-05-28 14:34:31,515][root][INFO] - Finished replay epoch 5963/10000
[2026-05-28 14:34:35,474][root][INFO] - Finished replay epoch 5964/10000
[2026-05-28 14:34:39,686][root][INFO] - Finished replay epoch 5965/10000
| pretrain       | Iter: 0 | T: 10:53:08 | BS: 3392 | Batched Update FPS: 5.1893
[2026-05-28 14:34:43,985][root][INFO] - Finished replay epoch 5966/10000
[2026-05-28 14:34:47,953][root][INFO] - Finished replay epoch 5967/10000
[2026-05-28 14:34:51,902][root][INFO] - Finished replay epoch 5968/10000
[2026-05-28 14:34:56,168][root][INFO] - Finished replay epoch 5969/10000
| pretrain       | Iter: 0 | T: 10:53:24 | BS: 3392 | Batched Update FPS: 4.5223
[2026-05-28 14:35:00,289][root][INFO] - Finished replay epoch 5970/10000
[2026-05-28 14:35:04,272][root][INFO] - Finished replay epoch 5971/10000
[2026-05-28 14:35:08,190][root][INFO] - Finished replay epoch 5972/10000
[2026-05-28 14:35:12,262][root][INFO] - Finished replay epoch 5973/10000
| pretrain       | Iter: 0 | T: 10:53:40 | BS: 3392 | Batched Update FPS: 4.8004
[2026-05-28 14:35:16,464][root][INFO] - Finished replay epoch 5974/10000
[2026-05-28 14:35:20,415][root][INFO] - Finished replay epoch 5975/10000
[2026-05-28 14:35:24,351][root][INFO] - Finished replay epoch 5976/10000
| pretrain       | Iter: 0 | T: 10:53:55 | BS: 3392 | Batched Update FPS: 4.4238
[2026-05-28 14:35:28,502][root][INFO] - Finished replay epoch 5977/10000
[2026-05-28 14:35:32,856][root][INFO] - Finished replay epoch 5978/10000
[2026-05-28 14:35:37,064][root][INFO] - Finished replay epoch 5979/10000
[2026-05-28 14:35:41,072][root][INFO] - Finished replay epoch 5980/10000
| pretrain       | Iter: 0 | T: 10:54:12 | BS: 3392 | Batched Update FPS: 4.5619
[2026-05-28 14:35:45,515][root][INFO] - Finished replay epoch 5981/10000
[2026-05-28 14:35:50,134][root][INFO] - Finished replay epoch 5982/10000
[2026-05-28 14:35:54,616][root][INFO] - Finished replay epoch 5983/10000
[2026-05-28 14:35:59,100][root][INFO] - Finished replay epoch 5984/10000
| pretrain       | Iter: 0 | T: 10:54:29 | BS: 3392 | Batched Update FPS: 4.4082
[2026-05-28 14:36:03,952][root][INFO] - Finished replay epoch 5985/10000
[2026-05-28 14:36:08,758][root][INFO] - Finished replay epoch 5986/10000
[2026-05-28 14:36:13,481][root][INFO] - Finished replay epoch 5987/10000
[2026-05-28 14:36:18,453][root][INFO] - Finished replay epoch 5988/10000
| pretrain       | Iter: 0 | T: 10:54:48 | BS: 3392 | Batched Update FPS: 4.2907
[2026-05-28 14:36:23,371][root][INFO] - Finished replay epoch 5989/10000
[2026-05-28 14:36:28,080][root][INFO] - Finished replay epoch 5990/10000
[2026-05-28 14:36:33,122][root][INFO] - Finished replay epoch 5991/10000
[2026-05-28 14:36:38,102][root][INFO] - Finished replay epoch 5992/10000
| pretrain       | Iter: 0 | T: 10:55:07 | BS: 3392 | Batched Update FPS: 4.4622
[2026-05-28 14:36:42,999][root][INFO] - Finished replay epoch 5993/10000
[2026-05-28 14:36:47,958][root][INFO] - Finished replay epoch 5994/10000
[2026-05-28 14:36:52,976][root][INFO] - Finished replay epoch 5995/10000
[2026-05-28 14:36:57,867][root][INFO] - Finished replay epoch 5996/10000
| pretrain       | Iter: 0 | T: 10:55:26 | BS: 3392 | Batched Update FPS: 4.2990
[2026-05-28 14:37:02,777][root][INFO] - Finished replay epoch 5997/10000
[2026-05-28 14:37:07,641][root][INFO] - Finished replay epoch 5998/10000
[2026-05-28 14:37:12,566][root][INFO] - Finished replay epoch 5999/10000
[2026-05-28 14:37:17,843][root][INFO] - Finished replay epoch 6000/10000
| pretrain       | Iter: 0 | T: 10:55:45 | BS: 3392 | Batched Update FPS: 4.4654
[2026-05-28 14:37:22,657][root][INFO] - Finished replay epoch 6001/10000
[2026-05-28 14:37:27,546][root][INFO] - Finished replay epoch 6002/10000
[2026-05-28 14:37:32,447][root][INFO] - Finished replay epoch 6003/10000
| pretrain       | Iter: 0 | T: 10:56:04 | BS: 3392 | Batched Update FPS: 4.1752
[2026-05-28 14:37:37,387][root][INFO] - Finished replay epoch 6004/10000
[2026-05-28 14:37:42,333][root][INFO] - Finished replay epoch 6005/10000
[2026-05-28 14:37:47,388][root][INFO] - Finished replay epoch 6006/10000
[2026-05-28 14:37:52,474][root][INFO] - Finished replay epoch 6007/10000
| pretrain       | Iter: 0 | T: 10:56:23 | BS: 3392 | Batched Update FPS: 4.2381
[2026-05-28 14:37:57,411][root][INFO] - Finished replay epoch 6008/10000
[2026-05-28 14:38:02,210][root][INFO] - Finished replay epoch 6009/10000
[2026-05-28 14:38:07,008][root][INFO] - Finished replay epoch 6010/10000
[2026-05-28 14:38:11,538][root][INFO] - Finished replay epoch 6011/10000
| pretrain       | Iter: 0 | T: 10:56:41 | BS: 3392 | Batched Update FPS: 5.2951
[2026-05-28 14:38:15,261][root][INFO] - Finished replay epoch 6012/10000
[2026-05-28 14:38:18,948][root][INFO] - Finished replay epoch 6013/10000
[2026-05-28 14:38:23,579][root][INFO] - Finished replay epoch 6014/10000
[2026-05-28 14:38:28,406][root][INFO] - Finished replay epoch 6015/10000
| pretrain       | Iter: 0 | T: 10:56:58 | BS: 3392 | Batched Update FPS: 3.9737
[2026-05-28 14:38:33,322][root][INFO] - Finished replay epoch 6016/10000
[2026-05-28 14:38:38,291][root][INFO] - Finished replay epoch 6017/10000
[2026-05-28 14:38:43,158][root][INFO] - Finished replay epoch 6018/10000
[2026-05-28 14:38:48,009][root][INFO] - Finished replay epoch 6019/10000
| pretrain       | Iter: 0 | T: 10:57:16 | BS: 3392 | Batched Update FPS: 4.3464
[2026-05-28 14:38:52,721][root][INFO] - Finished replay epoch 6020/10000
[2026-05-28 14:38:57,621][root][INFO] - Finished replay epoch 6021/10000
[2026-05-28 14:39:02,482][root][INFO] - Finished replay epoch 6022/10000
[2026-05-28 14:39:07,142][root][INFO] - Finished replay epoch 6023/10000
| pretrain       | Iter: 0 | T: 10:57:35 | BS: 3392 | Batched Update FPS: 4.8224
[2026-05-28 14:39:12,035][root][INFO] - Finished replay epoch 6024/10000
[2026-05-28 14:39:16,862][root][INFO] - Finished replay epoch 6025/10000
[2026-05-28 14:39:21,683][root][INFO] - Finished replay epoch 6026/10000
| pretrain       | Iter: 0 | T: 10:57:53 | BS: 3392 | Batched Update FPS: 4.3526
[2026-05-28 14:39:26,484][root][INFO] - Finished replay epoch 6027/10000
[2026-05-28 14:39:31,263][root][INFO] - Finished replay epoch 6028/10000
[2026-05-28 14:39:35,836][root][INFO] - Finished replay epoch 6029/10000
[2026-05-28 14:39:40,601][root][INFO] - Finished replay epoch 6030/10000
| pretrain       | Iter: 0 | T: 10:58:12 | BS: 3392 | Batched Update FPS: 4.4019
[2026-05-28 14:39:45,494][root][INFO] - Finished replay epoch 6031/10000
[2026-05-28 14:39:50,295][root][INFO] - Finished replay epoch 6032/10000
[2026-05-28 14:39:55,139][root][INFO] - Finished replay epoch 6033/10000
[2026-05-28 14:40:00,025][root][INFO] - Finished replay epoch 6034/10000
| pretrain       | Iter: 0 | T: 10:58:30 | BS: 3392 | Batched Update FPS: 4.1136
[2026-05-28 14:40:04,954][root][INFO] - Finished replay epoch 6035/10000
[2026-05-28 14:40:09,814][root][INFO] - Finished replay epoch 6036/10000
[2026-05-28 14:40:14,512][root][INFO] - Finished replay epoch 6037/10000
[2026-05-28 14:40:19,210][root][INFO] - Finished replay epoch 6038/10000
| pretrain       | Iter: 0 | T: 10:58:49 | BS: 3392 | Batched Update FPS: 4.1809
[2026-05-28 14:40:24,428][root][INFO] - Finished replay epoch 6039/10000
[2026-05-28 14:40:29,101][root][INFO] - Finished replay epoch 6040/10000
[2026-05-28 14:40:33,901][root][INFO] - Finished replay epoch 6041/10000
[2026-05-28 14:40:38,584][root][INFO] - Finished replay epoch 6042/10000
| pretrain       | Iter: 0 | T: 10:59:07 | BS: 3392 | Batched Update FPS: 4.3650
[2026-05-28 14:40:43,420][root][INFO] - Finished replay epoch 6043/10000
[2026-05-28 14:40:48,305][root][INFO] - Finished replay epoch 6044/10000
[2026-05-28 14:40:52,968][root][INFO] - Finished replay epoch 6045/10000
[2026-05-28 14:40:57,796][root][INFO] - Finished replay epoch 6046/10000
| pretrain       | Iter: 0 | T: 10:59:26 | BS: 3392 | Batched Update FPS: 4.1275
[2026-05-28 14:41:02,726][root][INFO] - Finished replay epoch 6047/10000
[2026-05-28 14:41:07,639][root][INFO] - Finished replay epoch 6048/10000
[2026-05-28 14:41:12,492][root][INFO] - Finished replay epoch 6049/10000
[2026-05-28 14:41:17,369][root][INFO] - Finished replay epoch 6050/10000
| pretrain       | Iter: 0 | T: 10:59:45 | BS: 3392 | Batched Update FPS: 4.4178
[2026-05-28 14:41:22,285][root][INFO] - Finished replay epoch 6051/10000
[2026-05-28 14:41:27,124][root][INFO] - Finished replay epoch 6052/10000
[2026-05-28 14:41:31,851][root][INFO] - Finished replay epoch 6053/10000
| pretrain       | Iter: 0 | T: 11:00:03 | BS: 3392 | Batched Update FPS: 4.3685
[2026-05-28 14:41:36,588][root][INFO] - Finished replay epoch 6054/10000
[2026-05-28 14:41:41,367][root][INFO] - Finished replay epoch 6055/10000
[2026-05-28 14:41:46,195][root][INFO] - Finished replay epoch 6056/10000
[2026-05-28 14:41:51,034][root][INFO] - Finished replay epoch 6057/10000
| pretrain       | Iter: 0 | T: 11:00:22 | BS: 3392 | Batched Update FPS: 4.6348
wandb: WARNING `format` argument was not provided, defaulting to `gif`. This parameter will be required in v0.20.0, please specify the format explicitly.
wandb: Encoding video...
| pretrain_eval  | Iter: 0 | S: 157500 | E: 0 | L: 200 | R: 0.0000 | T: 11:05:26
[2026-05-28 14:47:05,572][root][INFO] - Finished replay epoch 6058/10000
[2026-05-28 14:47:12,010][root][INFO] - Finished replay epoch 6059/10000
[2026-05-28 14:47:18,214][root][INFO] - Finished replay epoch 6060/10000
[2026-05-28 14:47:24,505][root][INFO] - Finished replay epoch 6061/10000
| pretrain       | Iter: 0 | T: 11:05:55 | BS: 3392 | Batched Update FPS: 3.1149
[2026-05-28 14:47:30,814][root][INFO] - Finished replay epoch 6062/10000
[2026-05-28 14:47:37,073][root][INFO] - Finished replay epoch 6063/10000
[2026-05-28 14:47:43,522][root][INFO] - Finished replay epoch 6064/10000
[2026-05-28 14:47:49,936][root][INFO] - Finished replay epoch 6065/10000
| pretrain       | Iter: 0 | T: 11:06:20 | BS: 3392 | Batched Update FPS: 3.1517
[2026-05-28 14:47:56,265][root][INFO] - Finished replay epoch 6066/10000
[2026-05-28 14:48:02,434][root][INFO] - Finished replay epoch 6067/10000
[2026-05-28 14:48:08,666][root][INFO] - Finished replay epoch 6068/10000
[2026-05-28 14:48:14,945][root][INFO] - Finished replay epoch 6069/10000
| pretrain       | Iter: 0 | T: 11:06:44 | BS: 3392 | Batched Update FPS: 3.7691
[2026-05-28 14:48:21,400][root][INFO] - Finished replay epoch 6070/10000
[2026-05-28 14:48:27,569][root][INFO] - Finished replay epoch 6071/10000
[2026-05-28 14:48:33,630][root][INFO] - Finished replay epoch 6072/10000
[2026-05-28 14:48:39,807][root][INFO] - Finished replay epoch 6073/10000
| pretrain       | Iter: 0 | T: 11:07:08 | BS: 3392 | Batched Update FPS: 3.5204
[2026-05-28 14:48:46,222][root][INFO] - Finished replay epoch 6074/10000
[2026-05-28 14:48:52,606][root][INFO] - Finished replay epoch 6075/10000
[2026-05-28 14:48:59,009][root][INFO] - Finished replay epoch 6076/10000
| pretrain       | Iter: 0 | T: 11:07:33 | BS: 3392 | Batched Update FPS: 3.5092
[2026-05-28 14:49:06,374][root][INFO] - Finished replay epoch 6077/10000
[2026-05-28 14:49:12,710][root][INFO] - Finished replay epoch 6078/10000
[2026-05-28 14:49:19,182][root][INFO] - Finished replay epoch 6079/10000
[2026-05-28 14:49:25,505][root][INFO] - Finished replay epoch 6080/10000
| pretrain       | Iter: 0 | T: 11:07:58 | BS: 3392 | Batched Update FPS: 3.3057
[2026-05-28 14:49:31,881][root][INFO] - Finished replay epoch 6081/10000
[2026-05-28 14:49:38,245][root][INFO] - Finished replay epoch 6082/10000
[2026-05-28 14:49:44,180][root][INFO] - Finished replay epoch 6083/10000
[2026-05-28 14:49:50,650][root][INFO] - Finished replay epoch 6084/10000
| pretrain       | Iter: 0 | T: 11:08:22 | BS: 3392 | Batched Update FPS: 3.0979
[2026-05-28 14:49:57,258][root][INFO] - Finished replay epoch 6085/10000
[2026-05-28 14:50:03,678][root][INFO] - Finished replay epoch 6086/10000
[2026-05-28 14:50:10,195][root][INFO] - Finished replay epoch 6087/10000
[2026-05-28 14:50:16,393][root][INFO] - Finished replay epoch 6088/10000
| pretrain       | Iter: 0 | T: 11:08:47 | BS: 3392 | Batched Update FPS: 3.8010
[2026-05-28 14:50:22,871][root][INFO] - Finished replay epoch 6089/10000
[2026-05-28 14:50:29,236][root][INFO] - Finished replay epoch 6090/10000
[2026-05-28 14:50:35,437][root][INFO] - Finished replay epoch 6091/10000
[2026-05-28 14:50:41,626][root][INFO] - Finished replay epoch 6092/10000
| pretrain       | Iter: 0 | T: 11:09:11 | BS: 3392 | Batched Update FPS: 3.7596
[2026-05-28 14:50:48,072][root][INFO] - Finished replay epoch 6093/10000
[2026-05-28 14:50:54,404][root][INFO] - Finished replay epoch 6094/10000
[2026-05-28 14:51:00,648][root][INFO] - Finished replay epoch 6095/10000
[2026-05-28 14:51:06,987][root][INFO] - Finished replay epoch 6096/10000
| pretrain       | Iter: 0 | T: 11:09:35 | BS: 3392 | Batched Update FPS: 3.8678
[2026-05-28 14:51:13,392][root][INFO] - Finished replay epoch 6097/10000
[2026-05-28 14:51:19,788][root][INFO] - Finished replay epoch 6098/10000
[2026-05-28 14:51:26,264][root][INFO] - Finished replay epoch 6099/10000
[2026-05-28 14:51:32,544][root][INFO] - Finished replay epoch 6100/10000
| pretrain       | Iter: 0 | T: 11:10:00 | BS: 3392 | Batched Update FPS: 3.7940
[2026-05-28 14:51:38,958][root][INFO] - Finished replay epoch 6101/10000
[2026-05-28 14:51:45,369][root][INFO] - Finished replay epoch 6102/10000
[2026-05-28 14:51:51,830][root][INFO] - Finished replay epoch 6103/10000
| pretrain       | Iter: 0 | T: 11:10:25 | BS: 3392 | Batched Update FPS: 2.6878
[2026-05-28 14:51:58,238][root][INFO] - Finished replay epoch 6104/10000
[2026-05-28 14:52:04,768][root][INFO] - Finished replay epoch 6105/10000
[2026-05-28 14:52:11,090][root][INFO] - Finished replay epoch 6106/10000
[2026-05-28 14:52:17,536][root][INFO] - Finished replay epoch 6107/10000
| pretrain       | Iter: 0 | T: 11:10:49 | BS: 3392 | Batched Update FPS: 3.6475
[2026-05-28 14:52:23,584][root][INFO] - Finished replay epoch 6108/10000
[2026-05-28 14:52:29,631][root][INFO] - Finished replay epoch 6109/10000
[2026-05-28 14:52:35,906][root][INFO] - Finished replay epoch 6110/10000
[2026-05-28 14:52:41,660][root][INFO] - Finished replay epoch 6111/10000
| pretrain       | Iter: 0 | T: 11:11:12 | BS: 3392 | Batched Update FPS: 2.8743
[2026-05-28 14:52:47,793][root][INFO] - Finished replay epoch 6112/10000
[2026-05-28 14:52:53,857][root][INFO] - Finished replay epoch 6113/10000
[2026-05-28 14:52:59,928][root][INFO] - Finished replay epoch 6114/10000
[2026-05-28 14:53:05,888][root][INFO] - Finished replay epoch 6115/10000
| pretrain       | Iter: 0 | T: 11:11:36 | BS: 3392 | Batched Update FPS: 3.0741
[2026-05-28 14:53:12,719][root][INFO] - Finished replay epoch 6116/10000
[2026-05-28 14:53:18,546][root][INFO] - Finished replay epoch 6117/10000
[2026-05-28 14:53:24,538][root][INFO] - Finished replay epoch 6118/10000
[2026-05-28 14:53:30,778][root][INFO] - Finished replay epoch 6119/10000
| pretrain       | Iter: 0 | T: 11:11:59 | BS: 3392 | Batched Update FPS: 3.2045
[2026-05-28 14:53:36,759][root][INFO] - Finished replay epoch 6120/10000
[2026-05-28 14:53:42,184][root][INFO] - Finished replay epoch 6121/10000
[2026-05-28 14:53:47,990][root][INFO] - Finished replay epoch 6122/10000
[2026-05-28 14:53:54,264][root][INFO] - Finished replay epoch 6123/10000
| pretrain       | Iter: 0 | T: 11:12:22 | BS: 3392 | Batched Update FPS: 3.8629
[2026-05-28 14:54:00,519][root][INFO] - Finished replay epoch 6124/10000
[2026-05-28 14:54:06,629][root][INFO] - Finished replay epoch 6125/10000
[2026-05-28 14:54:12,427][root][INFO] - Finished replay epoch 6126/10000
| pretrain       | Iter: 0 | T: 11:12:45 | BS: 3392 | Batched Update FPS: 3.8910
[2026-05-28 14:54:18,653][root][INFO] - Finished replay epoch 6127/10000
[2026-05-28 14:54:24,927][root][INFO] - Finished replay epoch 6128/10000
[2026-05-28 14:54:30,714][root][INFO] - Finished replay epoch 6129/10000
[2026-05-28 14:54:36,582][root][INFO] - Finished replay epoch 6130/10000
| pretrain       | Iter: 0 | T: 11:13:08 | BS: 3392 | Batched Update FPS: 3.0837
[2026-05-28 14:54:42,558][root][INFO] - Finished replay epoch 6131/10000
[2026-05-28 14:54:48,587][root][INFO] - Finished replay epoch 6132/10000
[2026-05-28 14:54:54,689][root][INFO] - Finished replay epoch 6133/10000
[2026-05-28 14:55:00,686][root][INFO] - Finished replay epoch 6134/10000
| pretrain       | Iter: 0 | T: 11:13:32 | BS: 3392 | Batched Update FPS: 2.6462
[2026-05-28 14:55:06,727][root][INFO] - Finished replay epoch 6135/10000
[2026-05-28 14:55:12,462][root][INFO] - Finished replay epoch 6136/10000
[2026-05-28 14:55:18,440][root][INFO] - Finished replay epoch 6137/10000
[2026-05-28 14:55:24,247][root][INFO] - Finished replay epoch 6138/10000
| pretrain       | Iter: 0 | T: 11:13:54 | BS: 3392 | Batched Update FPS: 4.3364
[2026-05-28 14:55:30,040][root][INFO] - Finished replay epoch 6139/10000
[2026-05-28 14:55:36,017][root][INFO] - Finished replay epoch 6140/10000
[2026-05-28 14:55:41,905][root][INFO] - Finished replay epoch 6141/10000
[2026-05-28 14:55:47,891][root][INFO] - Finished replay epoch 6142/10000
| pretrain       | Iter: 0 | T: 11:14:17 | BS: 3392 | Batched Update FPS: 4.0506
[2026-05-28 14:55:53,660][root][INFO] - Finished replay epoch 6143/10000
[2026-05-28 14:55:59,210][root][INFO] - Finished replay epoch 6144/10000
[2026-05-28 14:56:05,232][root][INFO] - Finished replay epoch 6145/10000
[2026-05-28 14:56:11,034][root][INFO] - Finished replay epoch 6146/10000
| pretrain       | Iter: 0 | T: 11:14:39 | BS: 3392 | Batched Update FPS: 4.1999
[2026-05-28 14:56:16,808][root][INFO] - Finished replay epoch 6147/10000
[2026-05-28 14:56:22,559][root][INFO] - Finished replay epoch 6148/10000
[2026-05-28 14:56:28,531][root][INFO] - Finished replay epoch 6149/10000
[2026-05-28 14:56:34,487][root][INFO] - Finished replay epoch 6150/10000
| pretrain       | Iter: 0 | T: 11:15:02 | BS: 3392 | Batched Update FPS: 3.8192
[2026-05-28 14:56:40,474][root][INFO] - Finished replay epoch 6151/10000
[2026-05-28 14:56:46,211][root][INFO] - Finished replay epoch 6152/10000
[2026-05-28 14:56:52,047][root][INFO] - Finished replay epoch 6153/10000
| pretrain       | Iter: 0 | T: 11:15:25 | BS: 3392 | Batched Update FPS: 3.3360
wandb: WARNING `format` argument was not provided, defaulting to `gif`. This parameter will be required in v0.20.0, please specify the format explicitly.
wandb: Encoding video...
| pretrain_eval  | Iter: 0 | S: 160000 | E: 0 | L: 200 | R: 0.0000 | T: 11:20:08
[2026-05-28 15:01:45,907][root][INFO] - Finished replay epoch 6154/10000
[2026-05-28 15:01:51,511][root][INFO] - Finished replay epoch 6155/10000
[2026-05-28 15:01:57,044][root][INFO] - Finished replay epoch 6156/10000
[2026-05-28 15:02:00,777][root][INFO] - Finished replay epoch 6157/10000
| pretrain       | Iter: 0 | T: 11:20:31 | BS: 3392 | Batched Update FPS: 5.2430
[2026-05-28 15:02:04,559][root][INFO] - Finished replay epoch 6158/10000
[2026-05-28 15:02:08,276][root][INFO] - Finished replay epoch 6159/10000
[2026-05-28 15:02:11,994][root][INFO] - Finished replay epoch 6160/10000
[2026-05-28 15:02:15,753][root][INFO] - Finished replay epoch 6161/10000
| pretrain       | Iter: 0 | T: 11:20:45 | BS: 3392 | Batched Update FPS: 5.2500
[2026-05-28 15:02:19,609][root][INFO] - Finished replay epoch 6162/10000
[2026-05-28 15:02:23,472][root][INFO] - Finished replay epoch 6163/10000
[2026-05-28 15:02:27,313][root][INFO] - Finished replay epoch 6164/10000
[2026-05-28 15:02:31,126][root][INFO] - Finished replay epoch 6165/10000
| pretrain       | Iter: 0 | T: 11:21:00 | BS: 3392 | Batched Update FPS: 5.1947
[2026-05-28 15:02:34,925][root][INFO] - Finished replay epoch 6166/10000
[2026-05-28 15:02:38,705][root][INFO] - Finished replay epoch 6167/10000
[2026-05-28 15:02:42,424][root][INFO] - Finished replay epoch 6168/10000
[2026-05-28 15:02:46,111][root][INFO] - Finished replay epoch 6169/10000
| pretrain       | Iter: 0 | T: 11:21:14 | BS: 3392 | Batched Update FPS: 5.3039
[2026-05-28 15:02:49,850][root][INFO] - Finished replay epoch 6170/10000
[2026-05-28 15:02:53,577][root][INFO] - Finished replay epoch 6171/10000
[2026-05-28 15:02:57,322][root][INFO] - Finished replay epoch 6172/10000
[2026-05-28 15:03:01,067][root][INFO] - Finished replay epoch 6173/10000
| pretrain       | Iter: 0 | T: 11:21:29 | BS: 3392 | Batched Update FPS: 5.1799
[2026-05-28 15:03:04,835][root][INFO] - Finished replay epoch 6174/10000
[2026-05-28 15:03:08,617][root][INFO] - Finished replay epoch 6175/10000
[2026-05-28 15:03:12,366][root][INFO] - Finished replay epoch 6176/10000
| pretrain       | Iter: 0 | T: 11:21:43 | BS: 3392 | Batched Update FPS: 5.0718
[2026-05-28 15:03:16,156][root][INFO] - Finished replay epoch 6177/10000
[2026-05-28 15:03:19,863][root][INFO] - Finished replay epoch 6178/10000
[2026-05-28 15:03:23,621][root][INFO] - Finished replay epoch 6179/10000
[2026-05-28 15:03:27,361][root][INFO] - Finished replay epoch 6180/10000
| pretrain       | Iter: 0 | T: 11:21:57 | BS: 3392 | Batched Update FPS: 5.3543
[2026-05-28 15:03:31,145][root][INFO] - Finished replay epoch 6181/10000
[2026-05-28 15:03:34,882][root][INFO] - Finished replay epoch 6182/10000
[2026-05-28 15:03:38,638][root][INFO] - Finished replay epoch 6183/10000
[2026-05-28 15:03:42,398][root][INFO] - Finished replay epoch 6184/10000
| pretrain       | Iter: 0 | T: 11:22:12 | BS: 3392 | Batched Update FPS: 5.2495
[2026-05-28 15:03:46,248][root][INFO] - Finished replay epoch 6185/10000
[2026-05-28 15:03:50,011][root][INFO] - Finished replay epoch 6186/10000
[2026-05-28 15:03:53,788][root][INFO] - Finished replay epoch 6187/10000
[2026-05-28 15:03:57,542][root][INFO] - Finished replay epoch 6188/10000
| pretrain       | Iter: 0 | T: 11:22:26 | BS: 3392 | Batched Update FPS: 4.4979
[2026-05-28 15:04:01,360][root][INFO] - Finished replay epoch 6189/10000
[2026-05-28 15:04:05,093][root][INFO] - Finished replay epoch 6190/10000
[2026-05-28 15:04:08,889][root][INFO] - Finished replay epoch 6191/10000
[2026-05-28 15:04:12,656][root][INFO] - Finished replay epoch 6192/10000
| pretrain       | Iter: 0 | T: 11:22:41 | BS: 3392 | Batched Update FPS: 6.2448
[2026-05-28 15:04:16,663][root][INFO] - Finished replay epoch 6193/10000
[2026-05-28 15:04:20,428][root][INFO] - Finished replay epoch 6194/10000
[2026-05-28 15:04:24,214][root][INFO] - Finished replay epoch 6195/10000
[2026-05-28 15:04:27,902][root][INFO] - Finished replay epoch 6196/10000
| pretrain       | Iter: 0 | T: 11:22:56 | BS: 3392 | Batched Update FPS: 5.2260
[2026-05-28 15:04:31,759][root][INFO] - Finished replay epoch 6197/10000
[2026-05-28 15:04:35,515][root][INFO] - Finished replay epoch 6198/10000
[2026-05-28 15:04:39,271][root][INFO] - Finished replay epoch 6199/10000
[2026-05-28 15:04:43,043][root][INFO] - Finished replay epoch 6200/10000
| pretrain       | Iter: 0 | T: 11:23:10 | BS: 3392 | Batched Update FPS: 5.2225
[2026-05-28 15:04:46,777][root][INFO] - Finished replay epoch 6201/10000
[2026-05-28 15:04:50,544][root][INFO] - Finished replay epoch 6202/10000
[2026-05-28 15:04:54,355][root][INFO] - Finished replay epoch 6203/10000
| pretrain       | Iter: 0 | T: 11:23:25 | BS: 3392 | Batched Update FPS: 5.1374
[2026-05-28 15:04:58,188][root][INFO] - Finished replay epoch 6204/10000
[2026-05-28 15:05:01,940][root][INFO] - Finished replay epoch 6205/10000
[2026-05-28 15:05:05,748][root][INFO] - Finished replay epoch 6206/10000
[2026-05-28 15:05:09,500][root][INFO] - Finished replay epoch 6207/10000
| pretrain       | Iter: 0 | T: 11:23:39 | BS: 3392 | Batched Update FPS: 5.1879
[2026-05-28 15:05:13,240][root][INFO] - Finished replay epoch 6208/10000
[2026-05-28 15:05:17,033][root][INFO] - Finished replay epoch 6209/10000
[2026-05-28 15:05:20,765][root][INFO] - Finished replay epoch 6210/10000
[2026-05-28 15:05:24,492][root][INFO] - Finished replay epoch 6211/10000
| pretrain       | Iter: 0 | T: 11:23:54 | BS: 3392 | Batched Update FPS: 4.6553
[2026-05-28 15:05:28,394][root][INFO] - Finished replay epoch 6212/10000
[2026-05-28 15:05:32,187][root][INFO] - Finished replay epoch 6213/10000
[2026-05-28 15:05:36,002][root][INFO] - Finished replay epoch 6214/10000
[2026-05-28 15:05:39,801][root][INFO] - Finished replay epoch 6215/10000
| pretrain       | Iter: 0 | T: 11:24:08 | BS: 3392 | Batched Update FPS: 5.0293
[2026-05-28 15:05:43,598][root][INFO] - Finished replay epoch 6216/10000
[2026-05-28 15:05:47,351][root][INFO] - Finished replay epoch 6217/10000
[2026-05-28 15:05:51,106][root][INFO] - Finished replay epoch 6218/10000
[2026-05-28 15:05:54,862][root][INFO] - Finished replay epoch 6219/10000
| pretrain       | Iter: 0 | T: 11:24:23 | BS: 3392 | Batched Update FPS: 5.2399
[2026-05-28 15:05:58,673][root][INFO] - Finished replay epoch 6220/10000
[2026-05-28 15:06:02,472][root][INFO] - Finished replay epoch 6221/10000
[2026-05-28 15:06:06,376][root][INFO] - Finished replay epoch 6222/10000
[2026-05-28 15:06:10,169][root][INFO] - Finished replay epoch 6223/10000
| pretrain       | Iter: 0 | T: 11:24:38 | BS: 3392 | Batched Update FPS: 5.2388
[2026-05-28 15:06:14,020][root][INFO] - Finished replay epoch 6224/10000
[2026-05-28 15:06:17,803][root][INFO] - Finished replay epoch 6225/10000
[2026-05-28 15:06:21,614][root][INFO] - Finished replay epoch 6226/10000
| pretrain       | Iter: 0 | T: 11:24:52 | BS: 3392 | Batched Update FPS: 5.2318
[2026-05-28 15:06:25,402][root][INFO] - Finished replay epoch 6227/10000
[2026-05-28 15:06:29,098][root][INFO] - Finished replay epoch 6228/10000
[2026-05-28 15:06:32,848][root][INFO] - Finished replay epoch 6229/10000
[2026-05-28 15:06:36,579][root][INFO] - Finished replay epoch 6230/10000
| pretrain       | Iter: 0 | T: 11:25:07 | BS: 3392 | Batched Update FPS: 5.9455
[2026-05-28 15:06:40,512][root][INFO] - Finished replay epoch 6231/10000
[2026-05-28 15:06:44,314][root][INFO] - Finished replay epoch 6232/10000
[2026-05-28 15:06:48,022][root][INFO] - Finished replay epoch 6233/10000
[2026-05-28 15:06:51,735][root][INFO] - Finished replay epoch 6234/10000
| pretrain       | Iter: 0 | T: 11:25:21 | BS: 3392 | Batched Update FPS: 5.2129
[2026-05-28 15:06:55,463][root][INFO] - Finished replay epoch 6235/10000
[2026-05-28 15:06:59,267][root][INFO] - Finished replay epoch 6236/10000
[2026-05-28 15:07:03,046][root][INFO] - Finished replay epoch 6237/10000
[2026-05-28 15:07:06,780][root][INFO] - Finished replay epoch 6238/10000
| pretrain       | Iter: 0 | T: 11:25:36 | BS: 3392 | Batched Update FPS: 5.2076
[2026-05-28 15:07:10,535][root][INFO] - Finished replay epoch 6239/10000
[2026-05-28 15:07:14,281][root][INFO] - Finished replay epoch 6240/10000
[2026-05-28 15:07:18,003][root][INFO] - Finished replay epoch 6241/10000
[2026-05-28 15:07:21,733][root][INFO] - Finished replay epoch 6242/10000
| pretrain       | Iter: 0 | T: 11:25:50 | BS: 3392 | Batched Update FPS: 5.4030
[2026-05-28 15:07:25,529][root][INFO] - Finished replay epoch 6243/10000
[2026-05-28 15:07:29,302][root][INFO] - Finished replay epoch 6244/10000
[2026-05-28 15:07:33,002][root][INFO] - Finished replay epoch 6245/10000
[2026-05-28 15:07:36,744][root][INFO] - Finished replay epoch 6246/10000
| pretrain       | Iter: 0 | T: 11:26:04 | BS: 3392 | Batched Update FPS: 5.1286
[2026-05-28 15:07:40,506][root][INFO] - Finished replay epoch 6247/10000
[2026-05-28 15:07:44,204][root][INFO] - Finished replay epoch 6248/10000
[2026-05-28 15:07:47,981][root][INFO] - Finished replay epoch 6249/10000
[2026-05-28 15:07:51,707][root][INFO] - Finished replay epoch 6250/10000
| pretrain       | Iter: 0 | T: 11:26:19 | BS: 3392 | Batched Update FPS: 5.2218
wandb: WARNING `format` argument was not provided, defaulting to `gif`. This parameter will be required in v0.20.0, please specify the format explicitly.
wandb: Encoding video...
| pretrain_eval  | Iter: 0 | S: 162500 | E: 0 | L: 200 | R: 0.0000 | T: 11:30:54
[2026-05-28 15:12:36,785][root][INFO] - Finished replay epoch 6251/10000
[2026-05-28 15:12:42,183][root][INFO] - Finished replay epoch 6252/10000
[2026-05-28 15:12:47,557][root][INFO] - Finished replay epoch 6253/10000
| pretrain       | Iter: 0 | T: 11:31:19 | BS: 3392 | Batched Update FPS: 3.4384
[2026-05-28 15:12:53,045][root][INFO] - Finished replay epoch 6254/10000
[2026-05-28 15:12:58,435][root][INFO] - Finished replay epoch 6255/10000
[2026-05-28 15:13:03,853][root][INFO] - Finished replay epoch 6256/10000
[2026-05-28 15:13:09,384][root][INFO] - Finished replay epoch 6257/10000
| pretrain       | Iter: 0 | T: 11:31:40 | BS: 3392 | Batched Update FPS: 4.0710
[2026-05-28 15:13:14,862][root][INFO] - Finished replay epoch 6258/10000
[2026-05-28 15:13:20,487][root][INFO] - Finished replay epoch 6259/10000
[2026-05-28 15:13:26,013][root][INFO] - Finished replay epoch 6260/10000
[2026-05-28 15:13:31,478][root][INFO] - Finished replay epoch 6261/10000
| pretrain       | Iter: 0 | T: 11:32:02 | BS: 3392 | Batched Update FPS: 3.9381
[2026-05-28 15:13:36,946][root][INFO] - Finished replay epoch 6262/10000
[2026-05-28 15:13:42,601][root][INFO] - Finished replay epoch 6263/10000
[2026-05-28 15:13:48,074][root][INFO] - Finished replay epoch 6264/10000
[2026-05-28 15:13:53,612][root][INFO] - Finished replay epoch 6265/10000
| pretrain       | Iter: 0 | T: 11:32:23 | BS: 3392 | Batched Update FPS: 3.0620
[2026-05-28 15:13:59,172][root][INFO] - Finished replay epoch 6266/10000
[2026-05-28 15:14:04,662][root][INFO] - Finished replay epoch 6267/10000
[2026-05-28 15:14:10,300][root][INFO] - Finished replay epoch 6268/10000
[2026-05-28 15:14:15,799][root][INFO] - Finished replay epoch 6269/10000
| pretrain       | Iter: 0 | T: 11:32:44 | BS: 3392 | Batched Update FPS: 4.8468
[2026-05-28 15:14:21,447][root][INFO] - Finished replay epoch 6270/10000
[2026-05-28 15:14:26,922][root][INFO] - Finished replay epoch 6271/10000
[2026-05-28 15:14:33,264][root][INFO] - Finished replay epoch 6272/10000
[2026-05-28 15:14:39,616][root][INFO] - Finished replay epoch 6273/10000
| pretrain       | Iter: 0 | T: 11:33:07 | BS: 3392 | Batched Update FPS: 3.9467
[2026-05-28 15:14:45,293][root][INFO] - Finished replay epoch 6274/10000
[2026-05-28 15:14:50,783][root][INFO] - Finished replay epoch 6275/10000
[2026-05-28 15:14:56,297][root][INFO] - Finished replay epoch 6276/10000
| pretrain       | Iter: 0 | T: 11:33:29 | BS: 3392 | Batched Update FPS: 3.0049
[2026-05-28 15:15:01,851][root][INFO] - Finished replay epoch 6277/10000
[2026-05-28 15:15:07,314][root][INFO] - Finished replay epoch 6278/10000
[2026-05-28 15:15:12,824][root][INFO] - Finished replay epoch 6279/10000
[2026-05-28 15:15:18,292][root][INFO] - Finished replay epoch 6280/10000
| pretrain       | Iter: 0 | T: 11:33:50 | BS: 3392 | Batched Update FPS: 3.0427
[2026-05-28 15:15:23,766][root][INFO] - Finished replay epoch 6281/10000
[2026-05-28 15:15:29,231][root][INFO] - Finished replay epoch 6282/10000
[2026-05-28 15:15:34,784][root][INFO] - Finished replay epoch 6283/10000
[2026-05-28 15:15:40,334][root][INFO] - Finished replay epoch 6284/10000
| pretrain       | Iter: 0 | T: 11:34:11 | BS: 3392 | Batched Update FPS: 4.0342
[2026-05-28 15:15:45,796][root][INFO] - Finished replay epoch 6285/10000
[2026-05-28 15:15:51,313][root][INFO] - Finished replay epoch 6286/10000
[2026-05-28 15:15:56,800][root][INFO] - Finished replay epoch 6287/10000
[2026-05-28 15:16:02,249][root][INFO] - Finished replay epoch 6288/10000
| pretrain       | Iter: 0 | T: 11:34:32 | BS: 3392 | Batched Update FPS: 4.0741
[2026-05-28 15:16:07,817][root][INFO] - Finished replay epoch 6289/10000
[2026-05-28 15:16:13,255][root][INFO] - Finished replay epoch 6290/10000
[2026-05-28 15:16:18,621][root][INFO] - Finished replay epoch 6291/10000
[2026-05-28 15:16:24,031][root][INFO] - Finished replay epoch 6292/10000
| pretrain       | Iter: 0 | T: 11:34:53 | BS: 3392 | Batched Update FPS: 3.0612
[2026-05-28 15:16:29,559][root][INFO] - Finished replay epoch 6293/10000
[2026-05-28 15:16:35,033][root][INFO] - Finished replay epoch 6294/10000
[2026-05-28 15:16:40,490][root][INFO] - Finished replay epoch 6295/10000
[2026-05-28 15:16:45,974][root][INFO] - Finished replay epoch 6296/10000
| pretrain       | Iter: 0 | T: 11:35:14 | BS: 3392 | Batched Update FPS: 3.1376
[2026-05-28 15:16:51,664][root][INFO] - Finished replay epoch 6297/10000
[2026-05-28 15:16:57,221][root][INFO] - Finished replay epoch 6298/10000
[2026-05-28 15:17:02,764][root][INFO] - Finished replay epoch 6299/10000
[2026-05-28 15:17:08,366][root][INFO] - Finished replay epoch 6300/10000
| pretrain       | Iter: 0 | T: 11:35:36 | BS: 3392 | Batched Update FPS: 3.9496
[2026-05-28 15:17:13,932][root][INFO] - Finished replay epoch 6301/10000
[2026-05-28 15:17:19,369][root][INFO] - Finished replay epoch 6302/10000
[2026-05-28 15:17:24,938][root][INFO] - Finished replay epoch 6303/10000
| pretrain       | Iter: 0 | T: 11:35:57 | BS: 3392 | Batched Update FPS: 3.0066
[2026-05-28 15:17:30,611][root][INFO] - Finished replay epoch 6304/10000
[2026-05-28 15:17:35,606][root][INFO] - Finished replay epoch 6305/10000
[2026-05-28 15:17:40,812][root][INFO] - Finished replay epoch 6306/10000
[2026-05-28 15:17:46,376][root][INFO] - Finished replay epoch 6307/10000
| pretrain       | Iter: 0 | T: 11:36:18 | BS: 3392 | Batched Update FPS: 3.7295
[2026-05-28 15:17:52,176][root][INFO] - Finished replay epoch 6308/10000
[2026-05-28 15:17:57,695][root][INFO] - Finished replay epoch 6309/10000
[2026-05-28 15:18:03,153][root][INFO] - Finished replay epoch 6310/10000
[2026-05-28 15:18:08,647][root][INFO] - Finished replay epoch 6311/10000
| pretrain       | Iter: 0 | T: 11:36:39 | BS: 3392 | Batched Update FPS: 3.0946
[2026-05-28 15:18:14,192][root][INFO] - Finished replay epoch 6312/10000
[2026-05-28 15:18:19,684][root][INFO] - Finished replay epoch 6313/10000
[2026-05-28 15:18:25,183][root][INFO] - Finished replay epoch 6314/10000
[2026-05-28 15:18:30,648][root][INFO] - Finished replay epoch 6315/10000
| pretrain       | Iter: 0 | T: 11:37:00 | BS: 3392 | Batched Update FPS: 3.8480
[2026-05-28 15:18:36,154][root][INFO] - Finished replay epoch 6316/10000
[2026-05-28 15:18:41,692][root][INFO] - Finished replay epoch 6317/10000
[2026-05-28 15:18:47,257][root][INFO] - Finished replay epoch 6318/10000
[2026-05-28 15:18:52,782][root][INFO] - Finished replay epoch 6319/10000
| pretrain       | Iter: 0 | T: 11:37:21 | BS: 3392 | Batched Update FPS: 3.0711
[2026-05-28 15:18:58,239][root][INFO] - Finished replay epoch 6320/10000
[2026-05-28 15:19:03,758][root][INFO] - Finished replay epoch 6321/10000
[2026-05-28 15:19:09,360][root][INFO] - Finished replay epoch 6322/10000
[2026-05-28 15:19:14,826][root][INFO] - Finished replay epoch 6323/10000
| pretrain       | Iter: 0 | T: 11:37:42 | BS: 3392 | Batched Update FPS: 3.9530
[2026-05-28 15:19:20,369][root][INFO] - Finished replay epoch 6324/10000
[2026-05-28 15:19:25,837][root][INFO] - Finished replay epoch 6325/10000
[2026-05-28 15:19:31,292][root][INFO] - Finished replay epoch 6326/10000
| pretrain       | Iter: 0 | T: 11:38:04 | BS: 3392 | Batched Update FPS: 4.0728
[2026-05-28 15:19:36,830][root][INFO] - Finished replay epoch 6327/10000
[2026-05-28 15:19:42,299][root][INFO] - Finished replay epoch 6328/10000
[2026-05-28 15:19:47,867][root][INFO] - Finished replay epoch 6329/10000
[2026-05-28 15:19:53,278][root][INFO] - Finished replay epoch 6330/10000
| pretrain       | Iter: 0 | T: 11:38:25 | BS: 3392 | Batched Update FPS: 2.9921
[2026-05-28 15:19:58,851][root][INFO] - Finished replay epoch 6331/10000
[2026-05-28 15:20:04,377][root][INFO] - Finished replay epoch 6332/10000
[2026-05-28 15:20:09,953][root][INFO] - Finished replay epoch 6333/10000
[2026-05-28 15:20:15,401][root][INFO] - Finished replay epoch 6334/10000
| pretrain       | Iter: 0 | T: 11:38:46 | BS: 3392 | Batched Update FPS: 3.9975
[2026-05-28 15:20:20,885][root][INFO] - Finished replay epoch 6335/10000
[2026-05-28 15:20:26,368][root][INFO] - Finished replay epoch 6336/10000
[2026-05-28 15:20:31,916][root][INFO] - Finished replay epoch 6337/10000
[2026-05-28 15:20:37,386][root][INFO] - Finished replay epoch 6338/10000
| pretrain       | Iter: 0 | T: 11:39:07 | BS: 3392 | Batched Update FPS: 3.0493
[2026-05-28 15:20:42,961][root][INFO] - Finished replay epoch 6339/10000
[2026-05-28 15:20:48,350][root][INFO] - Finished replay epoch 6340/10000
[2026-05-28 15:20:53,839][root][INFO] - Finished replay epoch 6341/10000
[2026-05-28 15:20:59,392][root][INFO] - Finished replay epoch 6342/10000
| pretrain       | Iter: 0 | T: 11:39:28 | BS: 3392 | Batched Update FPS: 3.9942
[2026-05-28 15:21:05,004][root][INFO] - Finished replay epoch 6343/10000
[2026-05-28 15:21:10,664][root][INFO] - Finished replay epoch 6344/10000
[2026-05-28 15:21:16,259][root][INFO] - Finished replay epoch 6345/10000
[2026-05-28 15:21:21,907][root][INFO] - Finished replay epoch 6346/10000
| pretrain       | Iter: 0 | T: 11:39:50 | BS: 3392 | Batched Update FPS: 6.1580
wandb: WARNING `format` argument was not provided, defaulting to `gif`. This parameter will be required in v0.20.0, please specify the format explicitly.
wandb: Encoding video...
| pretrain_eval  | Iter: 0 | S: 165000 | E: 0 | L: 200 | R: 0.0000 | T: 11:44:02
[2026-05-28 15:25:44,311][root][INFO] - Finished replay epoch 6347/10000
[2026-05-28 15:25:49,202][root][INFO] - Finished replay epoch 6348/10000
[2026-05-28 15:25:54,706][root][INFO] - Finished replay epoch 6349/10000
[2026-05-28 15:25:59,857][root][INFO] - Finished replay epoch 6350/10000
| pretrain       | Iter: 0 | T: 11:44:27 | BS: 3392 | Batched Update FPS: 4.2082
[2026-05-28 15:26:05,004][root][INFO] - Finished replay epoch 6351/10000
[2026-05-28 15:26:09,954][root][INFO] - Finished replay epoch 6352/10000
[2026-05-28 15:26:15,083][root][INFO] - Finished replay epoch 6353/10000
| pretrain       | Iter: 0 | T: 11:44:47 | BS: 3392 | Batched Update FPS: 3.0533
[2026-05-28 15:26:20,924][root][INFO] - Finished replay epoch 6354/10000
[2026-05-28 15:26:26,986][root][INFO] - Finished replay epoch 6355/10000
[2026-05-28 15:26:32,261][root][INFO] - Finished replay epoch 6356/10000
[2026-05-28 15:26:37,436][root][INFO] - Finished replay epoch 6357/10000
| pretrain       | Iter: 0 | T: 11:45:09 | BS: 3392 | Batched Update FPS: 3.6708
[2026-05-28 15:26:43,117][root][INFO] - Finished replay epoch 6358/10000
[2026-05-28 15:26:48,946][root][INFO] - Finished replay epoch 6359/10000
[2026-05-28 15:26:54,166][root][INFO] - Finished replay epoch 6360/10000
[2026-05-28 15:26:59,380][root][INFO] - Finished replay epoch 6361/10000
| pretrain       | Iter: 0 | T: 11:45:29 | BS: 3392 | Batched Update FPS: 4.1626
[2026-05-28 15:27:04,688][root][INFO] - Finished replay epoch 6362/10000
[2026-05-28 15:27:09,844][root][INFO] - Finished replay epoch 6363/10000
[2026-05-28 15:27:14,994][root][INFO] - Finished replay epoch 6364/10000
[2026-05-28 15:27:20,183][root][INFO] - Finished replay epoch 6365/10000
| pretrain       | Iter: 0 | T: 11:45:50 | BS: 3392 | Batched Update FPS: 4.0936
[2026-05-28 15:27:25,629][root][INFO] - Finished replay epoch 6366/10000
[2026-05-28 15:27:30,842][root][INFO] - Finished replay epoch 6367/10000
[2026-05-28 15:27:36,016][root][INFO] - Finished replay epoch 6368/10000
[2026-05-28 15:27:41,159][root][INFO] - Finished replay epoch 6369/10000
| pretrain       | Iter: 0 | T: 11:46:10 | BS: 3392 | Batched Update FPS: 4.0470
[2026-05-28 15:27:46,450][root][INFO] - Finished replay epoch 6370/10000
[2026-05-28 15:27:51,581][root][INFO] - Finished replay epoch 6371/10000
[2026-05-28 15:27:56,714][root][INFO] - Finished replay epoch 6372/10000
[2026-05-28 15:28:01,824][root][INFO] - Finished replay epoch 6373/10000
| pretrain       | Iter: 0 | T: 11:46:29 | BS: 3392 | Batched Update FPS: 4.1506
[2026-05-28 15:28:07,235][root][INFO] - Finished replay epoch 6374/10000
[2026-05-28 15:28:12,500][root][INFO] - Finished replay epoch 6375/10000
[2026-05-28 15:28:17,697][root][INFO] - Finished replay epoch 6376/10000
| pretrain       | Iter: 0 | T: 11:46:50 | BS: 3392 | Batched Update FPS: 3.7962
[2026-05-28 15:28:23,013][root][INFO] - Finished replay epoch 6377/10000
[2026-05-28 15:28:28,272][root][INFO] - Finished replay epoch 6378/10000
[2026-05-28 15:28:33,423][root][INFO] - Finished replay epoch 6379/10000
[2026-05-28 15:28:38,604][root][INFO] - Finished replay epoch 6380/10000
| pretrain       | Iter: 0 | T: 11:47:10 | BS: 3392 | Batched Update FPS: 3.9665
[2026-05-28 15:28:44,036][root][INFO] - Finished replay epoch 6381/10000
[2026-05-28 15:28:49,325][root][INFO] - Finished replay epoch 6382/10000
[2026-05-28 15:28:54,436][root][INFO] - Finished replay epoch 6383/10000
[2026-05-28 15:28:59,547][root][INFO] - Finished replay epoch 6384/10000
| pretrain       | Iter: 0 | T: 11:47:30 | BS: 3392 | Batched Update FPS: 3.9782
[2026-05-28 15:29:04,991][root][INFO] - Finished replay epoch 6385/10000
[2026-05-28 15:29:10,202][root][INFO] - Finished replay epoch 6386/10000
[2026-05-28 15:29:15,377][root][INFO] - Finished replay epoch 6387/10000
[2026-05-28 15:29:20,660][root][INFO] - Finished replay epoch 6388/10000
| pretrain       | Iter: 0 | T: 11:47:50 | BS: 3392 | Batched Update FPS: 3.8376
[2026-05-28 15:29:25,862][root][INFO] - Finished replay epoch 6389/10000
[2026-05-28 15:29:31,025][root][INFO] - Finished replay epoch 6390/10000
[2026-05-28 15:29:36,219][root][INFO] - Finished replay epoch 6391/10000
[2026-05-28 15:29:41,319][root][INFO] - Finished replay epoch 6392/10000
| pretrain       | Iter: 0 | T: 11:48:10 | BS: 3392 | Batched Update FPS: 4.1287
[2026-05-28 15:29:46,457][root][INFO] - Finished replay epoch 6393/10000
[2026-05-28 15:29:51,745][root][INFO] - Finished replay epoch 6394/10000
[2026-05-28 15:29:56,877][root][INFO] - Finished replay epoch 6395/10000
[2026-05-28 15:30:02,082][root][INFO] - Finished replay epoch 6396/10000
| pretrain       | Iter: 0 | T: 11:48:30 | BS: 3392 | Batched Update FPS: 3.9456
[2026-05-28 15:30:07,216][root][INFO] - Finished replay epoch 6397/10000
[2026-05-28 15:30:12,443][root][INFO] - Finished replay epoch 6398/10000
[2026-05-28 15:30:17,601][root][INFO] - Finished replay epoch 6399/10000
[2026-05-28 15:30:22,718][root][INFO] - Finished replay epoch 6400/10000
| pretrain       | Iter: 0 | T: 11:48:50 | BS: 3392 | Batched Update FPS: 4.2229
[2026-05-28 15:30:28,076][root][INFO] - Finished replay epoch 6401/10000
[2026-05-28 15:30:33,196][root][INFO] - Finished replay epoch 6402/10000
[2026-05-28 15:30:38,304][root][INFO] - Finished replay epoch 6403/10000
| pretrain       | Iter: 0 | T: 11:49:10 | BS: 3392 | Batched Update FPS: 4.2668
[2026-05-28 15:30:43,617][root][INFO] - Finished replay epoch 6404/10000
[2026-05-28 15:30:48,844][root][INFO] - Finished replay epoch 6405/10000
[2026-05-28 15:30:54,028][root][INFO] - Finished replay epoch 6406/10000
[2026-05-28 15:30:59,196][root][INFO] - Finished replay epoch 6407/10000
| pretrain       | Iter: 0 | T: 11:49:30 | BS: 3392 | Batched Update FPS: 4.1074
[2026-05-28 15:31:04,410][root][INFO] - Finished replay epoch 6408/10000
[2026-05-28 15:31:09,639][root][INFO] - Finished replay epoch 6409/10000
[2026-05-28 15:31:14,939][root][INFO] - Finished replay epoch 6410/10000
[2026-05-28 15:31:20,107][root][INFO] - Finished replay epoch 6411/10000
| pretrain       | Iter: 0 | T: 11:49:50 | BS: 3392 | Batched Update FPS: 3.9045
[2026-05-28 15:31:25,509][root][INFO] - Finished replay epoch 6412/10000
[2026-05-28 15:31:30,765][root][INFO] - Finished replay epoch 6413/10000
[2026-05-28 15:31:36,016][root][INFO] - Finished replay epoch 6414/10000
[2026-05-28 15:31:41,295][root][INFO] - Finished replay epoch 6415/10000
| pretrain       | Iter: 0 | T: 11:50:11 | BS: 3392 | Batched Update FPS: 4.1281
[2026-05-28 15:31:46,157][root][INFO] - Finished replay epoch 6416/10000
[2026-05-28 15:31:50,662][root][INFO] - Finished replay epoch 6417/10000
[2026-05-28 15:31:55,774][root][INFO] - Finished replay epoch 6418/10000
[2026-05-28 15:32:01,002][root][INFO] - Finished replay epoch 6419/10000
| pretrain       | Iter: 0 | T: 11:50:29 | BS: 3392 | Batched Update FPS: 4.1749
[2026-05-28 15:32:06,184][root][INFO] - Finished replay epoch 6420/10000
[2026-05-28 15:32:11,462][root][INFO] - Finished replay epoch 6421/10000
[2026-05-28 15:32:16,563][root][INFO] - Finished replay epoch 6422/10000
[2026-05-28 15:32:21,945][root][INFO] - Finished replay epoch 6423/10000
| pretrain       | Iter: 0 | T: 11:50:50 | BS: 3392 | Batched Update FPS: 4.1222
[2026-05-28 15:32:27,417][root][INFO] - Finished replay epoch 6424/10000
[2026-05-28 15:32:32,619][root][INFO] - Finished replay epoch 6425/10000
[2026-05-28 15:32:37,794][root][INFO] - Finished replay epoch 6426/10000
| pretrain       | Iter: 0 | T: 11:51:10 | BS: 3392 | Batched Update FPS: 4.2358
[2026-05-28 15:32:42,953][root][INFO] - Finished replay epoch 6427/10000
[2026-05-28 15:32:48,077][root][INFO] - Finished replay epoch 6428/10000
[2026-05-28 15:32:53,179][root][INFO] - Finished replay epoch 6429/10000
[2026-05-28 15:32:58,074][root][INFO] - Finished replay epoch 6430/10000
| pretrain       | Iter: 0 | T: 11:51:29 | BS: 3392 | Batched Update FPS: 4.4511
[2026-05-28 15:33:03,170][root][INFO] - Finished replay epoch 6431/10000
[2026-05-28 15:33:09,276][root][INFO] - Finished replay epoch 6432/10000
[2026-05-28 15:33:15,591][root][INFO] - Finished replay epoch 6433/10000
[2026-05-28 15:33:22,380][root][INFO] - Finished replay epoch 6434/10000
| pretrain       | Iter: 0 | T: 11:51:54 | BS: 3392 | Batched Update FPS: 3.6987
[2026-05-28 15:33:28,935][root][INFO] - Finished replay epoch 6435/10000
[2026-05-28 15:33:35,304][root][INFO] - Finished replay epoch 6436/10000
[2026-05-28 15:33:41,712][root][INFO] - Finished replay epoch 6437/10000
[2026-05-28 15:33:48,275][root][INFO] - Finished replay epoch 6438/10000
| pretrain       | Iter: 0 | T: 11:52:19 | BS: 3392 | Batched Update FPS: 3.8009
[2026-05-28 15:33:54,927][root][INFO] - Finished replay epoch 6439/10000
[2026-05-28 15:34:01,560][root][INFO] - Finished replay epoch 6440/10000
[2026-05-28 15:34:08,284][root][INFO] - Finished replay epoch 6441/10000
[2026-05-28 15:34:14,740][root][INFO] - Finished replay epoch 6442/10000
| pretrain       | Iter: 0 | T: 11:52:44 | BS: 3392 | Batched Update FPS: 2.7907
wandb: WARNING `format` argument was not provided, defaulting to `gif`. This parameter will be required in v0.20.0, please specify the format explicitly.
wandb: Encoding video...
| pretrain_eval  | Iter: 0 | S: 167500 | E: 0 | L: 200 | R: 0.0000 | T: 11:57:41
[2026-05-28 15:39:22,085][root][INFO] - Finished replay epoch 6443/10000
[2026-05-28 15:39:27,640][root][INFO] - Finished replay epoch 6444/10000
[2026-05-28 15:39:33,577][root][INFO] - Finished replay epoch 6445/10000
[2026-05-28 15:39:39,859][root][INFO] - Finished replay epoch 6446/10000
| pretrain       | Iter: 0 | T: 11:58:08 | BS: 3392 | Batched Update FPS: 3.1036
[2026-05-28 15:39:46,104][root][INFO] - Finished replay epoch 6447/10000
[2026-05-28 15:39:52,284][root][INFO] - Finished replay epoch 6448/10000
[2026-05-28 15:39:58,262][root][INFO] - Finished replay epoch 6449/10000
[2026-05-28 15:40:04,034][root][INFO] - Finished replay epoch 6450/10000
| pretrain       | Iter: 0 | T: 11:58:31 | BS: 3392 | Batched Update FPS: 3.7734
[2026-05-28 15:40:10,109][root][INFO] - Finished replay epoch 6451/10000
[2026-05-28 15:40:15,961][root][INFO] - Finished replay epoch 6452/10000
[2026-05-28 15:40:21,829][root][INFO] - Finished replay epoch 6453/10000
| pretrain       | Iter: 0 | T: 11:58:54 | BS: 3392 | Batched Update FPS: 4.0905
[2026-05-28 15:40:27,972][root][INFO] - Finished replay epoch 6454/10000
[2026-05-28 15:40:34,045][root][INFO] - Finished replay epoch 6455/10000
[2026-05-28 15:40:39,884][root][INFO] - Finished replay epoch 6456/10000
[2026-05-28 15:40:45,985][root][INFO] - Finished replay epoch 6457/10000
| pretrain       | Iter: 0 | T: 11:59:17 | BS: 3392 | Batched Update FPS: 3.2927
[2026-05-28 15:40:52,078][root][INFO] - Finished replay epoch 6458/10000
[2026-05-28 15:40:57,947][root][INFO] - Finished replay epoch 6459/10000
[2026-05-28 15:41:03,700][root][INFO] - Finished replay epoch 6460/10000
[2026-05-28 15:41:09,628][root][INFO] - Finished replay epoch 6461/10000
| pretrain       | Iter: 0 | T: 11:59:40 | BS: 3392 | Batched Update FPS: 4.9123
[2026-05-28 15:41:15,660][root][INFO] - Finished replay epoch 6462/10000
[2026-05-28 15:41:21,438][root][INFO] - Finished replay epoch 6463/10000
[2026-05-28 15:41:27,275][root][INFO] - Finished replay epoch 6464/10000
[2026-05-28 15:41:33,031][root][INFO] - Finished replay epoch 6465/10000
| pretrain       | Iter: 0 | T: 12:00:03 | BS: 3392 | Batched Update FPS: 3.1583
[2026-05-28 15:41:39,091][root][INFO] - Finished replay epoch 6466/10000
[2026-05-28 15:41:44,924][root][INFO] - Finished replay epoch 6467/10000
[2026-05-28 15:41:50,702][root][INFO] - Finished replay epoch 6468/10000
[2026-05-28 15:41:56,577][root][INFO] - Finished replay epoch 6469/10000
| pretrain       | Iter: 0 | T: 12:00:25 | BS: 3392 | Batched Update FPS: 2.8476
[2026-05-28 15:42:02,367][root][INFO] - Finished replay epoch 6470/10000
[2026-05-28 15:42:08,064][root][INFO] - Finished replay epoch 6471/10000
[2026-05-28 15:42:13,878][root][INFO] - Finished replay epoch 6472/10000
[2026-05-28 15:42:19,740][root][INFO] - Finished replay epoch 6473/10000
| pretrain       | Iter: 0 | T: 12:00:47 | BS: 3392 | Batched Update FPS: 3.1302
[2026-05-28 15:42:25,531][root][INFO] - Finished replay epoch 6474/10000
[2026-05-28 15:42:31,279][root][INFO] - Finished replay epoch 6475/10000
[2026-05-28 15:42:37,269][root][INFO] - Finished replay epoch 6476/10000
| pretrain       | Iter: 0 | T: 12:01:10 | BS: 3392 | Batched Update FPS: 3.6632
[2026-05-28 15:42:43,171][root][INFO] - Finished replay epoch 6477/10000
[2026-05-28 15:42:48,996][root][INFO] - Finished replay epoch 6478/10000
[2026-05-28 15:42:54,888][root][INFO] - Finished replay epoch 6479/10000
[2026-05-28 15:43:01,170][root][INFO] - Finished replay epoch 6480/10000
| pretrain       | Iter: 0 | T: 12:01:33 | BS: 3392 | Batched Update FPS: 4.0446
[2026-05-28 15:43:07,085][root][INFO] - Finished replay epoch 6481/10000
[2026-05-28 15:43:12,892][root][INFO] - Finished replay epoch 6482/10000
[2026-05-28 15:43:18,712][root][INFO] - Finished replay epoch 6483/10000
[2026-05-28 15:43:24,447][root][INFO] - Finished replay epoch 6484/10000
| pretrain       | Iter: 0 | T: 12:01:55 | BS: 3392 | Batched Update FPS: 3.0518
[2026-05-28 15:43:30,237][root][INFO] - Finished replay epoch 6485/10000
[2026-05-28 15:43:36,214][root][INFO] - Finished replay epoch 6486/10000
[2026-05-28 15:43:42,004][root][INFO] - Finished replay epoch 6487/10000
[2026-05-28 15:43:47,888][root][INFO] - Finished replay epoch 6488/10000
| pretrain       | Iter: 0 | T: 12:02:18 | BS: 3392 | Batched Update FPS: 3.2023
[2026-05-28 15:43:53,830][root][INFO] - Finished replay epoch 6489/10000
[2026-05-28 15:43:59,637][root][INFO] - Finished replay epoch 6490/10000
[2026-05-28 15:44:05,464][root][INFO] - Finished replay epoch 6491/10000
[2026-05-28 15:44:11,423][root][INFO] - Finished replay epoch 6492/10000
| pretrain       | Iter: 0 | T: 12:02:40 | BS: 3392 | Batched Update FPS: 3.1313
[2026-05-28 15:44:17,206][root][INFO] - Finished replay epoch 6493/10000
[2026-05-28 15:44:23,042][root][INFO] - Finished replay epoch 6494/10000
[2026-05-28 15:44:28,834][root][INFO] - Finished replay epoch 6495/10000
[2026-05-28 15:44:34,615][root][INFO] - Finished replay epoch 6496/10000
| pretrain       | Iter: 0 | T: 12:03:03 | BS: 3392 | Batched Update FPS: 3.0206
[2026-05-28 15:44:40,660][root][INFO] - Finished replay epoch 6497/10000
[2026-05-28 15:44:46,601][root][INFO] - Finished replay epoch 6498/10000
[2026-05-28 15:44:52,373][root][INFO] - Finished replay epoch 6499/10000
[2026-05-28 15:44:58,304][root][INFO] - Finished replay epoch 6500/10000
| pretrain       | Iter: 0 | T: 12:03:26 | BS: 3392 | Batched Update FPS: 3.3613
[2026-05-28 15:45:04,019][root][INFO] - Finished replay epoch 6501/10000
[2026-05-28 15:45:09,629][root][INFO] - Finished replay epoch 6502/10000
[2026-05-28 15:45:15,243][root][INFO] - Finished replay epoch 6503/10000
| pretrain       | Iter: 0 | T: 12:03:47 | BS: 3392 | Batched Update FPS: 3.9339
[2026-05-28 15:45:20,795][root][INFO] - Finished replay epoch 6504/10000
[2026-05-28 15:45:26,428][root][INFO] - Finished replay epoch 6505/10000
[2026-05-28 15:45:32,090][root][INFO] - Finished replay epoch 6506/10000
[2026-05-28 15:45:37,617][root][INFO] - Finished replay epoch 6507/10000
| pretrain       | Iter: 0 | T: 12:04:09 | BS: 3392 | Batched Update FPS: 3.7628
[2026-05-28 15:45:43,215][root][INFO] - Finished replay epoch 6508/10000
[2026-05-28 15:45:49,152][root][INFO] - Finished replay epoch 6509/10000
[2026-05-28 15:45:56,369][root][INFO] - Finished replay epoch 6510/10000
[2026-05-28 15:46:03,516][root][INFO] - Finished replay epoch 6511/10000
| pretrain       | Iter: 0 | T: 12:04:35 | BS: 3392 | Batched Update FPS: 2.8254
[2026-05-28 15:46:10,668][root][INFO] - Finished replay epoch 6512/10000
[2026-05-28 15:46:17,465][root][INFO] - Finished replay epoch 6513/10000
[2026-05-28 15:46:22,894][root][INFO] - Finished replay epoch 6514/10000
[2026-05-28 15:46:28,108][root][INFO] - Finished replay epoch 6515/10000
| pretrain       | Iter: 0 | T: 12:04:57 | BS: 3392 | Batched Update FPS: 3.9024
[2026-05-28 15:46:33,350][root][INFO] - Finished replay epoch 6516/10000
[2026-05-28 15:46:38,789][root][INFO] - Finished replay epoch 6517/10000
[2026-05-28 15:46:44,208][root][INFO] - Finished replay epoch 6518/10000
[2026-05-28 15:46:49,637][root][INFO] - Finished replay epoch 6519/10000
| pretrain       | Iter: 0 | T: 12:05:18 | BS: 3392 | Batched Update FPS: 4.2187
[2026-05-28 15:46:55,173][root][INFO] - Finished replay epoch 6520/10000
[2026-05-28 15:47:00,585][root][INFO] - Finished replay epoch 6521/10000
[2026-05-28 15:47:05,943][root][INFO] - Finished replay epoch 6522/10000
[2026-05-28 15:47:11,384][root][INFO] - Finished replay epoch 6523/10000
| pretrain       | Iter: 0 | T: 12:05:39 | BS: 3392 | Batched Update FPS: 4.4388
[2026-05-28 15:47:16,805][root][INFO] - Finished replay epoch 6524/10000
[2026-05-28 15:47:22,258][root][INFO] - Finished replay epoch 6525/10000
[2026-05-28 15:47:27,670][root][INFO] - Finished replay epoch 6526/10000
| pretrain       | Iter: 0 | T: 12:06:00 | BS: 3392 | Batched Update FPS: 3.6919
[2026-05-28 15:47:33,270][root][INFO] - Finished replay epoch 6527/10000
[2026-05-28 15:47:38,715][root][INFO] - Finished replay epoch 6528/10000
[2026-05-28 15:47:44,116][root][INFO] - Finished replay epoch 6529/10000
[2026-05-28 15:47:49,518][root][INFO] - Finished replay epoch 6530/10000
| pretrain       | Iter: 0 | T: 12:06:21 | BS: 3392 | Batched Update FPS: 4.0963
[2026-05-28 15:47:54,961][root][INFO] - Finished replay epoch 6531/10000
[2026-05-28 15:48:00,498][root][INFO] - Finished replay epoch 6532/10000
[2026-05-28 15:48:05,906][root][INFO] - Finished replay epoch 6533/10000
[2026-05-28 15:48:11,361][root][INFO] - Finished replay epoch 6534/10000
| pretrain       | Iter: 0 | T: 12:06:42 | BS: 3392 | Batched Update FPS: 3.0847
[2026-05-28 15:48:16,846][root][INFO] - Finished replay epoch 6535/10000
[2026-05-28 15:48:22,293][root][INFO] - Finished replay epoch 6536/10000
[2026-05-28 15:48:27,743][root][INFO] - Finished replay epoch 6537/10000
[2026-05-28 15:48:33,142][root][INFO] - Finished replay epoch 6538/10000
| pretrain       | Iter: 0 | T: 12:07:03 | BS: 3392 | Batched Update FPS: 4.4224
wandb: WARNING `format` argument was not provided, defaulting to `gif`. This parameter will be required in v0.20.0, please specify the format explicitly.
wandb: Encoding video...
| pretrain_eval  | Iter: 0 | S: 170000 | E: 0 | L: 200 | R: 0.0000 | T: 12:09:37
[2026-05-28 15:51:17,347][root][INFO] - Finished replay epoch 6539/10000
[2026-05-28 15:51:22,745][root][INFO] - Finished replay epoch 6540/10000
[2026-05-28 15:51:28,134][root][INFO] - Finished replay epoch 6541/10000
[2026-05-28 15:51:33,465][root][INFO] - Finished replay epoch 6542/10000
| pretrain       | Iter: 0 | T: 12:10:02 | BS: 3392 | Batched Update FPS: 4.3420
[2026-05-28 15:51:38,879][root][INFO] - Finished replay epoch 6543/10000
[2026-05-28 15:51:44,366][root][INFO] - Finished replay epoch 6544/10000
[2026-05-28 15:51:49,798][root][INFO] - Finished replay epoch 6545/10000
[2026-05-28 15:51:55,285][root][INFO] - Finished replay epoch 6546/10000
| pretrain       | Iter: 0 | T: 12:10:23 | BS: 3392 | Batched Update FPS: 4.0607
[2026-05-28 15:52:00,865][root][INFO] - Finished replay epoch 6547/10000
[2026-05-28 15:52:06,325][root][INFO] - Finished replay epoch 6548/10000
[2026-05-28 15:52:11,774][root][INFO] - Finished replay epoch 6549/10000
[2026-05-28 15:52:17,244][root][INFO] - Finished replay epoch 6550/10000
| pretrain       | Iter: 0 | T: 12:10:44 | BS: 3392 | Batched Update FPS: 3.9850
[2026-05-28 15:52:22,780][root][INFO] - Finished replay epoch 6551/10000
[2026-05-28 15:52:28,040][root][INFO] - Finished replay epoch 6552/10000
[2026-05-28 15:52:31,825][root][INFO] - Finished replay epoch 6553/10000
| pretrain       | Iter: 0 | T: 12:11:02 | BS: 3392 | Batched Update FPS: 5.0039
[2026-05-28 15:52:35,608][root][INFO] - Finished replay epoch 6554/10000
[2026-05-28 15:52:39,437][root][INFO] - Finished replay epoch 6555/10000
[2026-05-28 15:52:43,292][root][INFO] - Finished replay epoch 6556/10000
[2026-05-28 15:52:47,100][root][INFO] - Finished replay epoch 6557/10000
| pretrain       | Iter: 0 | T: 12:11:17 | BS: 3392 | Batched Update FPS: 5.2299
[2026-05-28 15:52:50,943][root][INFO] - Finished replay epoch 6558/10000
[2026-05-28 15:52:54,792][root][INFO] - Finished replay epoch 6559/10000
[2026-05-28 15:52:58,636][root][INFO] - Finished replay epoch 6560/10000
[2026-05-28 15:53:02,507][root][INFO] - Finished replay epoch 6561/10000
| pretrain       | Iter: 0 | T: 12:11:32 | BS: 3392 | Batched Update FPS: 5.1265
[2026-05-28 15:53:06,366][root][INFO] - Finished replay epoch 6562/10000
[2026-05-28 15:53:10,197][root][INFO] - Finished replay epoch 6563/10000
[2026-05-28 15:53:14,124][root][INFO] - Finished replay epoch 6564/10000
[2026-05-28 15:53:17,966][root][INFO] - Finished replay epoch 6565/10000
| pretrain       | Iter: 0 | T: 12:11:47 | BS: 3392 | Batched Update FPS: 5.0518
[2026-05-28 15:53:21,837][root][INFO] - Finished replay epoch 6566/10000
[2026-05-28 15:53:25,703][root][INFO] - Finished replay epoch 6567/10000
[2026-05-28 15:53:29,531][root][INFO] - Finished replay epoch 6568/10000
[2026-05-28 15:53:33,351][root][INFO] - Finished replay epoch 6569/10000
| pretrain       | Iter: 0 | T: 12:12:01 | BS: 3392 | Batched Update FPS: 4.8866
[2026-05-28 15:53:37,220][root][INFO] - Finished replay epoch 6570/10000
[2026-05-28 15:53:41,065][root][INFO] - Finished replay epoch 6571/10000
[2026-05-28 15:53:44,904][root][INFO] - Finished replay epoch 6572/10000
[2026-05-28 15:53:48,759][root][INFO] - Finished replay epoch 6573/10000
| pretrain       | Iter: 0 | T: 12:12:16 | BS: 3392 | Batched Update FPS: 4.9652
[2026-05-28 15:53:52,746][root][INFO] - Finished replay epoch 6574/10000
[2026-05-28 15:53:56,643][root][INFO] - Finished replay epoch 6575/10000
[2026-05-28 15:54:00,513][root][INFO] - Finished replay epoch 6576/10000
| pretrain       | Iter: 0 | T: 12:12:31 | BS: 3392 | Batched Update FPS: 5.1557
[2026-05-28 15:54:04,636][root][INFO] - Finished replay epoch 6577/10000
[2026-05-28 15:54:08,508][root][INFO] - Finished replay epoch 6578/10000
[2026-05-28 15:54:12,324][root][INFO] - Finished replay epoch 6579/10000
[2026-05-28 15:54:16,228][root][INFO] - Finished replay epoch 6580/10000
| pretrain       | Iter: 0 | T: 12:12:46 | BS: 3392 | Batched Update FPS: 5.0214
[2026-05-28 15:54:20,094][root][INFO] - Finished replay epoch 6581/10000
[2026-05-28 15:54:23,899][root][INFO] - Finished replay epoch 6582/10000
[2026-05-28 15:54:27,738][root][INFO] - Finished replay epoch 6583/10000
[2026-05-28 15:54:31,553][root][INFO] - Finished replay epoch 6584/10000
| pretrain       | Iter: 0 | T: 12:13:01 | BS: 3392 | Batched Update FPS: 5.1069
[2026-05-28 15:54:35,392][root][INFO] - Finished replay epoch 6585/10000
[2026-05-28 15:54:39,260][root][INFO] - Finished replay epoch 6586/10000
[2026-05-28 15:54:43,104][root][INFO] - Finished replay epoch 6587/10000
[2026-05-28 15:54:46,939][root][INFO] - Finished replay epoch 6588/10000
| pretrain       | Iter: 0 | T: 12:13:16 | BS: 3392 | Batched Update FPS: 4.9272
[2026-05-28 15:54:50,891][root][INFO] - Finished replay epoch 6589/10000
[2026-05-28 15:54:54,772][root][INFO] - Finished replay epoch 6590/10000
[2026-05-28 15:54:58,639][root][INFO] - Finished replay epoch 6591/10000
[2026-05-28 15:55:02,510][root][INFO] - Finished replay epoch 6592/10000
| pretrain       | Iter: 0 | T: 12:13:31 | BS: 3392 | Batched Update FPS: 4.9648
[2026-05-28 15:55:06,386][root][INFO] - Finished replay epoch 6593/10000
[2026-05-28 15:55:10,226][root][INFO] - Finished replay epoch 6594/10000
[2026-05-28 15:55:14,118][root][INFO] - Finished replay epoch 6595/10000
[2026-05-28 15:55:18,066][root][INFO] - Finished replay epoch 6596/10000
| pretrain       | Iter: 0 | T: 12:13:46 | BS: 3392 | Batched Update FPS: 5.1429
[2026-05-28 15:55:21,990][root][INFO] - Finished replay epoch 6597/10000
[2026-05-28 15:55:25,877][root][INFO] - Finished replay epoch 6598/10000
[2026-05-28 15:55:29,743][root][INFO] - Finished replay epoch 6599/10000
[2026-05-28 15:55:33,559][root][INFO] - Finished replay epoch 6600/10000
| pretrain       | Iter: 0 | T: 12:14:01 | BS: 3392 | Batched Update FPS: 5.1783
[2026-05-28 15:55:37,496][root][INFO] - Finished replay epoch 6601/10000
[2026-05-28 15:55:41,335][root][INFO] - Finished replay epoch 6602/10000
[2026-05-28 15:55:45,202][root][INFO] - Finished replay epoch 6603/10000
| pretrain       | Iter: 0 | T: 12:14:16 | BS: 3392 | Batched Update FPS: 5.0656
[2026-05-28 15:55:49,061][root][INFO] - Finished replay epoch 6604/10000
[2026-05-28 15:55:52,914][root][INFO] - Finished replay epoch 6605/10000
[2026-05-28 15:55:57,439][root][INFO] - Finished replay epoch 6606/10000
[2026-05-28 15:56:02,960][root][INFO] - Finished replay epoch 6607/10000
| pretrain       | Iter: 0 | T: 12:14:34 | BS: 3392 | Batched Update FPS: 3.0348
[2026-05-28 15:56:08,466][root][INFO] - Finished replay epoch 6608/10000
[2026-05-28 15:56:13,912][root][INFO] - Finished replay epoch 6609/10000
[2026-05-28 15:56:19,437][root][INFO] - Finished replay epoch 6610/10000
[2026-05-28 15:56:24,875][root][INFO] - Finished replay epoch 6611/10000
| pretrain       | Iter: 0 | T: 12:14:55 | BS: 3392 | Batched Update FPS: 3.1709
[2026-05-28 15:56:30,325][root][INFO] - Finished replay epoch 6612/10000
[2026-05-28 15:56:35,731][root][INFO] - Finished replay epoch 6613/10000
[2026-05-28 15:56:41,118][root][INFO] - Finished replay epoch 6614/10000
[2026-05-28 15:56:46,557][root][INFO] - Finished replay epoch 6615/10000
| pretrain       | Iter: 0 | T: 12:15:16 | BS: 3392 | Batched Update FPS: 6.0067
[2026-05-28 15:56:52,297][root][INFO] - Finished replay epoch 6616/10000
[2026-05-28 15:56:57,632][root][INFO] - Finished replay epoch 6617/10000
[2026-05-28 15:57:02,972][root][INFO] - Finished replay epoch 6618/10000
[2026-05-28 15:57:08,440][root][INFO] - Finished replay epoch 6619/10000
| pretrain       | Iter: 0 | T: 12:15:37 | BS: 3392 | Batched Update FPS: 3.4256
[2026-05-28 15:57:13,974][root][INFO] - Finished replay epoch 6620/10000
[2026-05-28 15:57:19,330][root][INFO] - Finished replay epoch 6621/10000
[2026-05-28 15:57:24,684][root][INFO] - Finished replay epoch 6622/10000
[2026-05-28 15:57:30,101][root][INFO] - Finished replay epoch 6623/10000
| pretrain       | Iter: 0 | T: 12:15:58 | BS: 3392 | Batched Update FPS: 3.1109
[2026-05-28 15:57:35,761][root][INFO] - Finished replay epoch 6624/10000
[2026-05-28 15:57:41,182][root][INFO] - Finished replay epoch 6625/10000
[2026-05-28 15:57:46,555][root][INFO] - Finished replay epoch 6626/10000
| pretrain       | Iter: 0 | T: 12:16:19 | BS: 3392 | Batched Update FPS: 3.0566
[2026-05-28 15:57:52,016][root][INFO] - Finished replay epoch 6627/10000
[2026-05-28 15:57:57,402][root][INFO] - Finished replay epoch 6628/10000
[2026-05-28 15:58:02,813][root][INFO] - Finished replay epoch 6629/10000
[2026-05-28 15:58:08,235][root][INFO] - Finished replay epoch 6630/10000
| pretrain       | Iter: 0 | T: 12:16:40 | BS: 3392 | Batched Update FPS: 3.9641
[2026-05-28 15:58:13,635][root][INFO] - Finished replay epoch 6631/10000
[2026-05-28 15:58:19,028][root][INFO] - Finished replay epoch 6632/10000
[2026-05-28 15:58:24,438][root][INFO] - Finished replay epoch 6633/10000
[2026-05-28 15:58:29,947][root][INFO] - Finished replay epoch 6634/10000
| pretrain       | Iter: 0 | T: 12:17:01 | BS: 3392 | Batched Update FPS: 2.9591
wandb: WARNING `format` argument was not provided, defaulting to `gif`. This parameter will be required in v0.20.0, please specify the format explicitly.
wandb: Encoding video...
| pretrain_eval  | Iter: 0 | S: 172500 | E: 0 | L: 200 | R: 0.0000 | T: 12:19:47
[2026-05-28 16:01:25,990][root][INFO] - Finished replay epoch 6635/10000
[2026-05-28 16:01:31,351][root][INFO] - Finished replay epoch 6636/10000
[2026-05-28 16:01:36,973][root][INFO] - Finished replay epoch 6637/10000
[2026-05-28 16:01:42,437][root][INFO] - Finished replay epoch 6638/10000
| pretrain       | Iter: 0 | T: 12:20:12 | BS: 3392 | Batched Update FPS: 3.0781
[2026-05-28 16:01:47,894][root][INFO] - Finished replay epoch 6639/10000
[2026-05-28 16:01:53,260][root][INFO] - Finished replay epoch 6640/10000
[2026-05-28 16:01:58,445][root][INFO] - Finished replay epoch 6641/10000
[2026-05-28 16:02:03,374][root][INFO] - Finished replay epoch 6642/10000
| pretrain       | Iter: 0 | T: 12:20:32 | BS: 3392 | Batched Update FPS: 4.0367
[2026-05-28 16:02:08,800][root][INFO] - Finished replay epoch 6643/10000
[2026-05-28 16:02:14,243][root][INFO] - Finished replay epoch 6644/10000
[2026-05-28 16:02:19,658][root][INFO] - Finished replay epoch 6645/10000
[2026-05-28 16:02:25,083][root][INFO] - Finished replay epoch 6646/10000
| pretrain       | Iter: 0 | T: 12:20:53 | BS: 3392 | Batched Update FPS: 3.5183
[2026-05-28 16:02:30,525][root][INFO] - Finished replay epoch 6647/10000
[2026-05-28 16:02:36,017][root][INFO] - Finished replay epoch 6648/10000
[2026-05-28 16:02:41,433][root][INFO] - Finished replay epoch 6649/10000
[2026-05-28 16:02:46,808][root][INFO] - Finished replay epoch 6650/10000
| pretrain       | Iter: 0 | T: 12:21:14 | BS: 3392 | Batched Update FPS: 3.4060
[2026-05-28 16:02:52,308][root][INFO] - Finished replay epoch 6651/10000
[2026-05-28 16:02:57,720][root][INFO] - Finished replay epoch 6652/10000
[2026-05-28 16:03:03,176][root][INFO] - Finished replay epoch 6653/10000
| pretrain       | Iter: 0 | T: 12:21:35 | BS: 3392 | Batched Update FPS: 6.1714
[2026-05-28 16:03:08,675][root][INFO] - Finished replay epoch 6654/10000
[2026-05-28 16:03:14,069][root][INFO] - Finished replay epoch 6655/10000
[2026-05-28 16:03:19,405][root][INFO] - Finished replay epoch 6656/10000
[2026-05-28 16:03:24,858][root][INFO] - Finished replay epoch 6657/10000
| pretrain       | Iter: 0 | T: 12:21:56 | BS: 3392 | Batched Update FPS: 4.0088
[2026-05-28 16:03:30,266][root][INFO] - Finished replay epoch 6658/10000
[2026-05-28 16:03:35,627][root][INFO] - Finished replay epoch 6659/10000
[2026-05-28 16:03:41,069][root][INFO] - Finished replay epoch 6660/10000
[2026-05-28 16:03:46,544][root][INFO] - Finished replay epoch 6661/10000
| pretrain       | Iter: 0 | T: 12:22:17 | BS: 3392 | Batched Update FPS: 3.1308
[2026-05-28 16:03:52,016][root][INFO] - Finished replay epoch 6662/10000
[2026-05-28 16:03:57,421][root][INFO] - Finished replay epoch 6663/10000
[2026-05-28 16:04:02,904][root][INFO] - Finished replay epoch 6664/10000
[2026-05-28 16:04:08,256][root][INFO] - Finished replay epoch 6665/10000
| pretrain       | Iter: 0 | T: 12:22:38 | BS: 3392 | Batched Update FPS: 4.4944
[2026-05-28 16:04:13,630][root][INFO] - Finished replay epoch 6666/10000
[2026-05-28 16:04:18,995][root][INFO] - Finished replay epoch 6667/10000
[2026-05-28 16:04:24,434][root][INFO] - Finished replay epoch 6668/10000
[2026-05-28 16:04:29,836][root][INFO] - Finished replay epoch 6669/10000
| pretrain       | Iter: 0 | T: 12:22:58 | BS: 3392 | Batched Update FPS: 3.5401
[2026-05-28 16:04:35,281][root][INFO] - Finished replay epoch 6670/10000
[2026-05-28 16:04:40,693][root][INFO] - Finished replay epoch 6671/10000
[2026-05-28 16:04:46,071][root][INFO] - Finished replay epoch 6672/10000
[2026-05-28 16:04:51,461][root][INFO] - Finished replay epoch 6673/10000
| pretrain       | Iter: 0 | T: 12:23:19 | BS: 3392 | Batched Update FPS: 3.6115
[2026-05-28 16:04:56,827][root][INFO] - Finished replay epoch 6674/10000
[2026-05-28 16:05:02,212][root][INFO] - Finished replay epoch 6675/10000
[2026-05-28 16:05:07,645][root][INFO] - Finished replay epoch 6676/10000
| pretrain       | Iter: 0 | T: 12:23:40 | BS: 3392 | Batched Update FPS: 3.9448
[2026-05-28 16:05:13,030][root][INFO] - Finished replay epoch 6677/10000
[2026-05-28 16:05:18,355][root][INFO] - Finished replay epoch 6678/10000
[2026-05-28 16:05:23,752][root][INFO] - Finished replay epoch 6679/10000
[2026-05-28 16:05:29,157][root][INFO] - Finished replay epoch 6680/10000
| pretrain       | Iter: 0 | T: 12:24:01 | BS: 3392 | Batched Update FPS: 3.4826
[2026-05-28 16:05:34,596][root][INFO] - Finished replay epoch 6681/10000
[2026-05-28 16:05:40,010][root][INFO] - Finished replay epoch 6682/10000
[2026-05-28 16:05:45,352][root][INFO] - Finished replay epoch 6683/10000
[2026-05-28 16:05:50,731][root][INFO] - Finished replay epoch 6684/10000
| pretrain       | Iter: 0 | T: 12:24:21 | BS: 3392 | Batched Update FPS: 3.3598
[2026-05-28 16:05:56,140][root][INFO] - Finished replay epoch 6685/10000
[2026-05-28 16:06:01,447][root][INFO] - Finished replay epoch 6686/10000
[2026-05-28 16:06:06,836][root][INFO] - Finished replay epoch 6687/10000
[2026-05-28 16:06:12,180][root][INFO] - Finished replay epoch 6688/10000
| pretrain       | Iter: 0 | T: 12:24:42 | BS: 3392 | Batched Update FPS: 4.0227
[2026-05-28 16:06:17,567][root][INFO] - Finished replay epoch 6689/10000
[2026-05-28 16:06:23,023][root][INFO] - Finished replay epoch 6690/10000
[2026-05-28 16:06:28,323][root][INFO] - Finished replay epoch 6691/10000
[2026-05-28 16:06:33,697][root][INFO] - Finished replay epoch 6692/10000
| pretrain       | Iter: 0 | T: 12:25:03 | BS: 3392 | Batched Update FPS: 3.8031
[2026-05-28 16:06:39,467][root][INFO] - Finished replay epoch 6693/10000
[2026-05-28 16:06:44,875][root][INFO] - Finished replay epoch 6694/10000
[2026-05-28 16:06:50,240][root][INFO] - Finished replay epoch 6695/10000
[2026-05-28 16:06:55,586][root][INFO] - Finished replay epoch 6696/10000
| pretrain       | Iter: 0 | T: 12:25:24 | BS: 3392 | Batched Update FPS: 3.6726
[2026-05-28 16:07:00,986][root][INFO] - Finished replay epoch 6697/10000
[2026-05-28 16:07:06,434][root][INFO] - Finished replay epoch 6698/10000
[2026-05-28 16:07:11,938][root][INFO] - Finished replay epoch 6699/10000
[2026-05-28 16:07:15,972][root][INFO] - Finished replay epoch 6700/10000
| pretrain       | Iter: 0 | T: 12:25:43 | BS: 3392 | Batched Update FPS: 3.0149
[2026-05-28 16:07:21,357][root][INFO] - Finished replay epoch 6701/10000
[2026-05-28 16:07:26,748][root][INFO] - Finished replay epoch 6702/10000
[2026-05-28 16:07:32,094][root][INFO] - Finished replay epoch 6703/10000
| pretrain       | Iter: 0 | T: 12:26:04 | BS: 3392 | Batched Update FPS: 3.0773
[2026-05-28 16:07:37,581][root][INFO] - Finished replay epoch 6704/10000
[2026-05-28 16:07:42,933][root][INFO] - Finished replay epoch 6705/10000
[2026-05-28 16:07:48,299][root][INFO] - Finished replay epoch 6706/10000
[2026-05-28 16:07:53,650][root][INFO] - Finished replay epoch 6707/10000
| pretrain       | Iter: 0 | T: 12:26:25 | BS: 3392 | Batched Update FPS: 3.2347
[2026-05-28 16:07:59,062][root][INFO] - Finished replay epoch 6708/10000
[2026-05-28 16:08:04,460][root][INFO] - Finished replay epoch 6709/10000
[2026-05-28 16:08:09,816][root][INFO] - Finished replay epoch 6710/10000
[2026-05-28 16:08:15,227][root][INFO] - Finished replay epoch 6711/10000
| pretrain       | Iter: 0 | T: 12:26:45 | BS: 3392 | Batched Update FPS: 3.2884
[2026-05-28 16:08:20,535][root][INFO] - Finished replay epoch 6712/10000
[2026-05-28 16:08:26,000][root][INFO] - Finished replay epoch 6713/10000
[2026-05-28 16:08:31,371][root][INFO] - Finished replay epoch 6714/10000
[2026-05-28 16:08:36,763][root][INFO] - Finished replay epoch 6715/10000
| pretrain       | Iter: 0 | T: 12:27:06 | BS: 3392 | Batched Update FPS: 4.0766
[2026-05-28 16:08:42,195][root][INFO] - Finished replay epoch 6716/10000
[2026-05-28 16:08:47,581][root][INFO] - Finished replay epoch 6717/10000
[2026-05-28 16:08:52,920][root][INFO] - Finished replay epoch 6718/10000
[2026-05-28 16:08:58,318][root][INFO] - Finished replay epoch 6719/10000
| pretrain       | Iter: 0 | T: 12:27:27 | BS: 3392 | Batched Update FPS: 3.6137
[2026-05-28 16:09:03,798][root][INFO] - Finished replay epoch 6720/10000
[2026-05-28 16:09:09,188][root][INFO] - Finished replay epoch 6721/10000
[2026-05-28 16:09:14,544][root][INFO] - Finished replay epoch 6722/10000
[2026-05-28 16:09:20,017][root][INFO] - Finished replay epoch 6723/10000
| pretrain       | Iter: 0 | T: 12:27:48 | BS: 3392 | Batched Update FPS: 3.9244
[2026-05-28 16:09:25,454][root][INFO] - Finished replay epoch 6724/10000
[2026-05-28 16:09:30,765][root][INFO] - Finished replay epoch 6725/10000
[2026-05-28 16:09:36,088][root][INFO] - Finished replay epoch 6726/10000
| pretrain       | Iter: 0 | T: 12:28:08 | BS: 3392 | Batched Update FPS: 3.1123
[2026-05-28 16:09:41,555][root][INFO] - Finished replay epoch 6727/10000
[2026-05-28 16:09:46,896][root][INFO] - Finished replay epoch 6728/10000
[2026-05-28 16:09:52,307][root][INFO] - Finished replay epoch 6729/10000
[2026-05-28 16:09:57,730][root][INFO] - Finished replay epoch 6730/10000
| pretrain       | Iter: 0 | T: 12:28:29 | BS: 3392 | Batched Update FPS: 5.9454
wandb: WARNING `format` argument was not provided, defaulting to `gif`. This parameter will be required in v0.20.0, please specify the format explicitly.
wandb: Encoding video...
| pretrain_eval  | Iter: 0 | S: 175000 | E: 0 | L: 200 | R: 0.0000 | T: 12:30:42
[2026-05-28 16:12:20,055][root][INFO] - Finished replay epoch 6731/10000
[2026-05-28 16:12:23,880][root][INFO] - Finished replay epoch 6732/10000
[2026-05-28 16:12:27,750][root][INFO] - Finished replay epoch 6733/10000
[2026-05-28 16:12:31,619][root][INFO] - Finished replay epoch 6734/10000
| pretrain       | Iter: 0 | T: 12:31:01 | BS: 3392 | Batched Update FPS: 4.9168
[2026-05-28 16:12:35,494][root][INFO] - Finished replay epoch 6735/10000
[2026-05-28 16:12:39,296][root][INFO] - Finished replay epoch 6736/10000
[2026-05-28 16:12:43,147][root][INFO] - Finished replay epoch 6737/10000
[2026-05-28 16:12:46,993][root][INFO] - Finished replay epoch 6738/10000
| pretrain       | Iter: 0 | T: 12:31:16 | BS: 3392 | Batched Update FPS: 5.1386
[2026-05-28 16:12:50,841][root][INFO] - Finished replay epoch 6739/10000
[2026-05-28 16:12:54,676][root][INFO] - Finished replay epoch 6740/10000
[2026-05-28 16:12:58,517][root][INFO] - Finished replay epoch 6741/10000
[2026-05-28 16:13:02,371][root][INFO] - Finished replay epoch 6742/10000
| pretrain       | Iter: 0 | T: 12:31:31 | BS: 3392 | Batched Update FPS: 4.9128
[2026-05-28 16:13:06,284][root][INFO] - Finished replay epoch 6743/10000
[2026-05-28 16:13:10,079][root][INFO] - Finished replay epoch 6744/10000
[2026-05-28 16:13:13,910][root][INFO] - Finished replay epoch 6745/10000
[2026-05-28 16:13:17,801][root][INFO] - Finished replay epoch 6746/10000
| pretrain       | Iter: 0 | T: 12:31:46 | BS: 3392 | Batched Update FPS: 5.0190
[2026-05-28 16:13:21,716][root][INFO] - Finished replay epoch 6747/10000
[2026-05-28 16:13:25,589][root][INFO] - Finished replay epoch 6748/10000
[2026-05-28 16:13:29,440][root][INFO] - Finished replay epoch 6749/10000
[2026-05-28 16:13:33,284][root][INFO] - Finished replay epoch 6750/10000
| pretrain       | Iter: 0 | T: 12:32:00 | BS: 3392 | Batched Update FPS: 5.4310
[2026-05-28 16:13:37,125][root][INFO] - Finished replay epoch 6751/10000
[2026-05-28 16:13:40,907][root][INFO] - Finished replay epoch 6752/10000
[2026-05-28 16:13:44,760][root][INFO] - Finished replay epoch 6753/10000
| pretrain       | Iter: 0 | T: 12:32:15 | BS: 3392 | Batched Update FPS: 5.0476
[2026-05-28 16:13:48,615][root][INFO] - Finished replay epoch 6754/10000
[2026-05-28 16:13:52,415][root][INFO] - Finished replay epoch 6755/10000
[2026-05-28 16:13:56,280][root][INFO] - Finished replay epoch 6756/10000
[2026-05-28 16:14:00,105][root][INFO] - Finished replay epoch 6757/10000
| pretrain       | Iter: 0 | T: 12:32:30 | BS: 3392 | Batched Update FPS: 5.0572
[2026-05-28 16:14:03,942][root][INFO] - Finished replay epoch 6758/10000
[2026-05-28 16:14:07,714][root][INFO] - Finished replay epoch 6759/10000
[2026-05-28 16:14:11,517][root][INFO] - Finished replay epoch 6760/10000
[2026-05-28 16:14:15,375][root][INFO] - Finished replay epoch 6761/10000
| pretrain       | Iter: 0 | T: 12:32:45 | BS: 3392 | Batched Update FPS: 5.0041
[2026-05-28 16:14:19,208][root][INFO] - Finished replay epoch 6762/10000
[2026-05-28 16:14:23,293][root][INFO] - Finished replay epoch 6763/10000
[2026-05-28 16:14:28,720][root][INFO] - Finished replay epoch 6764/10000
[2026-05-28 16:14:34,060][root][INFO] - Finished replay epoch 6765/10000
| pretrain       | Iter: 0 | T: 12:33:03 | BS: 3392 | Batched Update FPS: 3.0714
[2026-05-28 16:14:39,386][root][INFO] - Finished replay epoch 6766/10000
[2026-05-28 16:14:44,742][root][INFO] - Finished replay epoch 6767/10000
[2026-05-28 16:14:50,143][root][INFO] - Finished replay epoch 6768/10000
[2026-05-28 16:14:55,487][root][INFO] - Finished replay epoch 6769/10000
| pretrain       | Iter: 0 | T: 12:33:25 | BS: 3392 | Batched Update FPS: 3.5150
[2026-05-28 16:15:01,577][root][INFO] - Finished replay epoch 6770/10000
[2026-05-28 16:15:06,867][root][INFO] - Finished replay epoch 6771/10000
[2026-05-28 16:15:12,209][root][INFO] - Finished replay epoch 6772/10000
[2026-05-28 16:15:17,536][root][INFO] - Finished replay epoch 6773/10000
| pretrain       | Iter: 0 | T: 12:33:45 | BS: 3392 | Batched Update FPS: 4.0577
[2026-05-28 16:15:22,925][root][INFO] - Finished replay epoch 6774/10000
[2026-05-28 16:15:28,286][root][INFO] - Finished replay epoch 6775/10000
[2026-05-28 16:15:33,613][root][INFO] - Finished replay epoch 6776/10000
| pretrain       | Iter: 0 | T: 12:34:06 | BS: 3392 | Batched Update FPS: 3.6148
[2026-05-28 16:15:38,970][root][INFO] - Finished replay epoch 6777/10000
[2026-05-28 16:15:44,371][root][INFO] - Finished replay epoch 6778/10000
[2026-05-28 16:15:49,660][root][INFO] - Finished replay epoch 6779/10000
[2026-05-28 16:15:55,036][root][INFO] - Finished replay epoch 6780/10000
| pretrain       | Iter: 0 | T: 12:34:26 | BS: 3392 | Batched Update FPS: 4.1194
[2026-05-28 16:16:00,424][root][INFO] - Finished replay epoch 6781/10000
[2026-05-28 16:16:05,820][root][INFO] - Finished replay epoch 6782/10000
[2026-05-28 16:16:11,148][root][INFO] - Finished replay epoch 6783/10000
[2026-05-28 16:16:16,545][root][INFO] - Finished replay epoch 6784/10000
| pretrain       | Iter: 0 | T: 12:34:47 | BS: 3392 | Batched Update FPS: 3.1578
[2026-05-28 16:16:21,917][root][INFO] - Finished replay epoch 6785/10000
[2026-05-28 16:16:27,199][root][INFO] - Finished replay epoch 6786/10000
[2026-05-28 16:16:32,611][root][INFO] - Finished replay epoch 6787/10000
[2026-05-28 16:16:37,942][root][INFO] - Finished replay epoch 6788/10000
| pretrain       | Iter: 0 | T: 12:35:08 | BS: 3392 | Batched Update FPS: 4.0481
[2026-05-28 16:16:43,301][root][INFO] - Finished replay epoch 6789/10000
[2026-05-28 16:16:48,693][root][INFO] - Finished replay epoch 6790/10000
[2026-05-28 16:16:54,094][root][INFO] - Finished replay epoch 6791/10000
[2026-05-28 16:16:59,352][root][INFO] - Finished replay epoch 6792/10000
| pretrain       | Iter: 0 | T: 12:35:28 | BS: 3392 | Batched Update FPS: 3.4726
[2026-05-28 16:17:04,672][root][INFO] - Finished replay epoch 6793/10000
[2026-05-28 16:17:10,065][root][INFO] - Finished replay epoch 6794/10000
[2026-05-28 16:17:15,448][root][INFO] - Finished replay epoch 6795/10000
[2026-05-28 16:17:20,845][root][INFO] - Finished replay epoch 6796/10000
| pretrain       | Iter: 0 | T: 12:35:49 | BS: 3392 | Batched Update FPS: 4.7573
[2026-05-28 16:17:26,162][root][INFO] - Finished replay epoch 6797/10000
[2026-05-28 16:17:31,497][root][INFO] - Finished replay epoch 6798/10000
[2026-05-28 16:17:36,905][root][INFO] - Finished replay epoch 6799/10000
[2026-05-28 16:17:42,173][root][INFO] - Finished replay epoch 6800/10000
| pretrain       | Iter: 0 | T: 12:36:09 | BS: 3392 | Batched Update FPS: 3.4984
[2026-05-28 16:17:47,517][root][INFO] - Finished replay epoch 6801/10000
[2026-05-28 16:17:52,876][root][INFO] - Finished replay epoch 6802/10000
[2026-05-28 16:17:58,190][root][INFO] - Finished replay epoch 6803/10000
| pretrain       | Iter: 0 | T: 12:36:30 | BS: 3392 | Batched Update FPS: 4.5034
[2026-05-28 16:18:03,548][root][INFO] - Finished replay epoch 6804/10000
[2026-05-28 16:18:09,043][root][INFO] - Finished replay epoch 6805/10000
[2026-05-28 16:18:14,432][root][INFO] - Finished replay epoch 6806/10000
[2026-05-28 16:18:19,813][root][INFO] - Finished replay epoch 6807/10000
| pretrain       | Iter: 0 | T: 12:36:51 | BS: 3392 | Batched Update FPS: 4.2266
[2026-05-28 16:18:25,432][root][INFO] - Finished replay epoch 6808/10000
[2026-05-28 16:18:30,828][root][INFO] - Finished replay epoch 6809/10000
[2026-05-28 16:18:36,192][root][INFO] - Finished replay epoch 6810/10000
[2026-05-28 16:18:41,482][root][INFO] - Finished replay epoch 6811/10000
| pretrain       | Iter: 0 | T: 12:37:12 | BS: 3392 | Batched Update FPS: 3.2271
[2026-05-28 16:18:46,897][root][INFO] - Finished replay epoch 6812/10000
[2026-05-28 16:18:52,209][root][INFO] - Finished replay epoch 6813/10000
[2026-05-28 16:18:57,663][root][INFO] - Finished replay epoch 6814/10000
[2026-05-28 16:19:03,020][root][INFO] - Finished replay epoch 6815/10000
| pretrain       | Iter: 0 | T: 12:37:32 | BS: 3392 | Batched Update FPS: 3.0530
[2026-05-28 16:19:08,404][root][INFO] - Finished replay epoch 6816/10000
[2026-05-28 16:19:13,714][root][INFO] - Finished replay epoch 6817/10000
[2026-05-28 16:19:19,081][root][INFO] - Finished replay epoch 6818/10000
[2026-05-28 16:19:24,434][root][INFO] - Finished replay epoch 6819/10000
| pretrain       | Iter: 0 | T: 12:37:53 | BS: 3392 | Batched Update FPS: 3.8387
[2026-05-28 16:19:29,869][root][INFO] - Finished replay epoch 6820/10000
[2026-05-28 16:19:35,254][root][INFO] - Finished replay epoch 6821/10000
[2026-05-28 16:19:40,531][root][INFO] - Finished replay epoch 6822/10000
[2026-05-28 16:19:45,944][root][INFO] - Finished replay epoch 6823/10000
| pretrain       | Iter: 0 | T: 12:38:14 | BS: 3392 | Batched Update FPS: 3.0992
[2026-05-28 16:19:51,379][root][INFO] - Finished replay epoch 6824/10000
[2026-05-28 16:19:56,746][root][INFO] - Finished replay epoch 6825/10000
[2026-05-28 16:20:02,129][root][INFO] - Finished replay epoch 6826/10000
| pretrain       | Iter: 0 | T: 12:38:34 | BS: 3392 | Batched Update FPS: 3.1768
wandb: WARNING `format` argument was not provided, defaulting to `gif`. This parameter will be required in v0.20.0, please specify the format explicitly.
wandb: Encoding video...
| pretrain_eval  | Iter: 0 | S: 177500 | E: 0 | L: 200 | R: 0.0000 | T: 12:41:08
[2026-05-28 16:22:46,152][root][INFO] - Finished replay epoch 6827/10000
[2026-05-28 16:22:51,485][root][INFO] - Finished replay epoch 6828/10000
[2026-05-28 16:22:56,839][root][INFO] - Finished replay epoch 6829/10000
[2026-05-28 16:23:02,266][root][INFO] - Finished replay epoch 6830/10000
| pretrain       | Iter: 0 | T: 12:41:34 | BS: 3392 | Batched Update FPS: 3.5801
[2026-05-28 16:23:07,684][root][INFO] - Finished replay epoch 6831/10000
[2026-05-28 16:23:13,024][root][INFO] - Finished replay epoch 6832/10000
[2026-05-28 16:23:18,372][root][INFO] - Finished replay epoch 6833/10000
[2026-05-28 16:23:23,679][root][INFO] - Finished replay epoch 6834/10000
| pretrain       | Iter: 0 | T: 12:41:54 | BS: 3392 | Batched Update FPS: 4.1275
[2026-05-28 16:23:29,093][root][INFO] - Finished replay epoch 6835/10000
[2026-05-28 16:23:34,541][root][INFO] - Finished replay epoch 6836/10000
[2026-05-28 16:23:39,926][root][INFO] - Finished replay epoch 6837/10000
[2026-05-28 16:23:45,351][root][INFO] - Finished replay epoch 6838/10000
| pretrain       | Iter: 0 | T: 12:42:15 | BS: 3392 | Batched Update FPS: 4.0373
[2026-05-28 16:23:50,742][root][INFO] - Finished replay epoch 6839/10000
[2026-05-28 16:23:56,110][root][INFO] - Finished replay epoch 6840/10000
[2026-05-28 16:24:01,384][root][INFO] - Finished replay epoch 6841/10000
[2026-05-28 16:24:06,846][root][INFO] - Finished replay epoch 6842/10000
| pretrain       | Iter: 0 | T: 12:42:36 | BS: 3392 | Batched Update FPS: 3.9228
[2026-05-28 16:24:12,287][root][INFO] - Finished replay epoch 6843/10000
[2026-05-28 16:24:17,656][root][INFO] - Finished replay epoch 6844/10000
[2026-05-28 16:24:22,999][root][INFO] - Finished replay epoch 6845/10000
[2026-05-28 16:24:28,343][root][INFO] - Finished replay epoch 6846/10000
| pretrain       | Iter: 0 | T: 12:42:57 | BS: 3392 | Batched Update FPS: 3.3103
[2026-05-28 16:24:33,958][root][INFO] - Finished replay epoch 6847/10000
[2026-05-28 16:24:39,328][root][INFO] - Finished replay epoch 6848/10000
[2026-05-28 16:24:44,621][root][INFO] - Finished replay epoch 6849/10000
[2026-05-28 16:24:49,990][root][INFO] - Finished replay epoch 6850/10000
| pretrain       | Iter: 0 | T: 12:43:17 | BS: 3392 | Batched Update FPS: 3.9304
[2026-05-28 16:24:55,492][root][INFO] - Finished replay epoch 6851/10000
[2026-05-28 16:25:00,953][root][INFO] - Finished replay epoch 6852/10000
[2026-05-28 16:25:06,333][root][INFO] - Finished replay epoch 6853/10000
| pretrain       | Iter: 0 | T: 12:43:38 | BS: 3392 | Batched Update FPS: 4.4258
[2026-05-28 16:25:11,738][root][INFO] - Finished replay epoch 6854/10000
[2026-05-28 16:25:17,031][root][INFO] - Finished replay epoch 6855/10000
[2026-05-28 16:25:22,374][root][INFO] - Finished replay epoch 6856/10000
[2026-05-28 16:25:27,775][root][INFO] - Finished replay epoch 6857/10000
| pretrain       | Iter: 0 | T: 12:43:59 | BS: 3392 | Batched Update FPS: 3.2380
[2026-05-28 16:25:33,153][root][INFO] - Finished replay epoch 6858/10000
[2026-05-28 16:25:38,514][root][INFO] - Finished replay epoch 6859/10000
[2026-05-28 16:25:43,823][root][INFO] - Finished replay epoch 6860/10000
[2026-05-28 16:25:49,165][root][INFO] - Finished replay epoch 6861/10000
| pretrain       | Iter: 0 | T: 12:44:19 | BS: 3392 | Batched Update FPS: 3.9518
[2026-05-28 16:25:54,482][root][INFO] - Finished replay epoch 6862/10000
[2026-05-28 16:25:59,839][root][INFO] - Finished replay epoch 6863/10000
[2026-05-28 16:26:05,248][root][INFO] - Finished replay epoch 6864/10000
[2026-05-28 16:26:10,570][root][INFO] - Finished replay epoch 6865/10000
| pretrain       | Iter: 0 | T: 12:44:40 | BS: 3392 | Batched Update FPS: 3.1993
[2026-05-28 16:26:15,954][root][INFO] - Finished replay epoch 6866/10000
[2026-05-28 16:26:21,306][root][INFO] - Finished replay epoch 6867/10000
[2026-05-28 16:26:26,688][root][INFO] - Finished replay epoch 6868/10000
[2026-05-28 16:26:33,011][root][INFO] - Finished replay epoch 6869/10000
| pretrain       | Iter: 0 | T: 12:45:02 | BS: 3392 | Batched Update FPS: 3.1988
[2026-05-28 16:26:38,821][root][INFO] - Finished replay epoch 6870/10000
[2026-05-28 16:26:43,883][root][INFO] - Finished replay epoch 6871/10000
[2026-05-28 16:26:49,097][root][INFO] - Finished replay epoch 6872/10000
[2026-05-28 16:26:54,387][root][INFO] - Finished replay epoch 6873/10000
| pretrain       | Iter: 0 | T: 12:45:22 | BS: 3392 | Batched Update FPS: 3.2917
[2026-05-28 16:26:59,870][root][INFO] - Finished replay epoch 6874/10000
[2026-05-28 16:27:05,254][root][INFO] - Finished replay epoch 6875/10000
[2026-05-28 16:27:10,522][root][INFO] - Finished replay epoch 6876/10000
| pretrain       | Iter: 0 | T: 12:45:43 | BS: 3392 | Batched Update FPS: 3.0559
[2026-05-28 16:27:15,956][root][INFO] - Finished replay epoch 6877/10000
[2026-05-28 16:27:21,293][root][INFO] - Finished replay epoch 6878/10000
[2026-05-28 16:27:26,654][root][INFO] - Finished replay epoch 6879/10000
[2026-05-28 16:27:31,908][root][INFO] - Finished replay epoch 6880/10000
| pretrain       | Iter: 0 | T: 12:46:03 | BS: 3392 | Batched Update FPS: 4.0599
[2026-05-28 16:27:37,255][root][INFO] - Finished replay epoch 6881/10000
[2026-05-28 16:27:42,592][root][INFO] - Finished replay epoch 6882/10000
[2026-05-28 16:27:47,812][root][INFO] - Finished replay epoch 6883/10000
[2026-05-28 16:27:53,138][root][INFO] - Finished replay epoch 6884/10000
| pretrain       | Iter: 0 | T: 12:46:24 | BS: 3392 | Batched Update FPS: 5.6356
[2026-05-28 16:27:58,982][root][INFO] - Finished replay epoch 6885/10000
[2026-05-28 16:28:04,267][root][INFO] - Finished replay epoch 6886/10000
[2026-05-28 16:28:09,546][root][INFO] - Finished replay epoch 6887/10000
[2026-05-28 16:28:14,913][root][INFO] - Finished replay epoch 6888/10000
| pretrain       | Iter: 0 | T: 12:46:45 | BS: 3392 | Batched Update FPS: 3.9495
[2026-05-28 16:28:20,261][root][INFO] - Finished replay epoch 6889/10000
[2026-05-28 16:28:25,592][root][INFO] - Finished replay epoch 6890/10000
[2026-05-28 16:28:30,847][root][INFO] - Finished replay epoch 6891/10000
[2026-05-28 16:28:36,229][root][INFO] - Finished replay epoch 6892/10000
| pretrain       | Iter: 0 | T: 12:47:05 | BS: 3392 | Batched Update FPS: 4.0245
[2026-05-28 16:28:41,593][root][INFO] - Finished replay epoch 6893/10000
[2026-05-28 16:28:46,930][root][INFO] - Finished replay epoch 6894/10000
[2026-05-28 16:28:52,248][root][INFO] - Finished replay epoch 6895/10000
[2026-05-28 16:28:57,598][root][INFO] - Finished replay epoch 6896/10000
| pretrain       | Iter: 0 | T: 12:47:26 | BS: 3392 | Batched Update FPS: 4.0340
[2026-05-28 16:29:02,886][root][INFO] - Finished replay epoch 6897/10000
[2026-05-28 16:29:08,189][root][INFO] - Finished replay epoch 6898/10000
[2026-05-28 16:29:13,513][root][INFO] - Finished replay epoch 6899/10000
[2026-05-28 16:29:18,953][root][INFO] - Finished replay epoch 6900/10000
| pretrain       | Iter: 0 | T: 12:47:46 | BS: 3392 | Batched Update FPS: 3.1264
[2026-05-28 16:29:24,316][root][INFO] - Finished replay epoch 6901/10000
[2026-05-28 16:29:29,638][root][INFO] - Finished replay epoch 6902/10000
[2026-05-28 16:29:35,036][root][INFO] - Finished replay epoch 6903/10000
| pretrain       | Iter: 0 | T: 12:48:07 | BS: 3392 | Batched Update FPS: 3.1441
[2026-05-28 16:29:40,374][root][INFO] - Finished replay epoch 6904/10000
[2026-05-28 16:29:45,765][root][INFO] - Finished replay epoch 6905/10000
[2026-05-28 16:29:51,045][root][INFO] - Finished replay epoch 6906/10000
[2026-05-28 16:29:56,432][root][INFO] - Finished replay epoch 6907/10000
| pretrain       | Iter: 0 | T: 12:48:27 | BS: 3392 | Batched Update FPS: 4.0502
[2026-05-28 16:30:01,742][root][INFO] - Finished replay epoch 6908/10000
[2026-05-28 16:30:07,081][root][INFO] - Finished replay epoch 6909/10000
[2026-05-28 16:30:12,454][root][INFO] - Finished replay epoch 6910/10000
[2026-05-28 16:30:17,779][root][INFO] - Finished replay epoch 6911/10000
| pretrain       | Iter: 0 | T: 12:48:48 | BS: 3392 | Batched Update FPS: 3.9757
[2026-05-28 16:30:23,162][root][INFO] - Finished replay epoch 6912/10000
[2026-05-28 16:30:28,518][root][INFO] - Finished replay epoch 6913/10000
[2026-05-28 16:30:33,884][root][INFO] - Finished replay epoch 6914/10000
[2026-05-28 16:30:39,334][root][INFO] - Finished replay epoch 6915/10000
| pretrain       | Iter: 0 | T: 12:49:09 | BS: 3392 | Batched Update FPS: 4.5627
[2026-05-28 16:30:44,695][root][INFO] - Finished replay epoch 6916/10000
[2026-05-28 16:30:50,012][root][INFO] - Finished replay epoch 6917/10000
[2026-05-28 16:30:55,359][root][INFO] - Finished replay epoch 6918/10000
[2026-05-28 16:31:00,759][root][INFO] - Finished replay epoch 6919/10000
| pretrain       | Iter: 0 | T: 12:49:29 | BS: 3392 | Batched Update FPS: 3.7396
[2026-05-28 16:31:06,086][root][INFO] - Finished replay epoch 6920/10000
[2026-05-28 16:31:11,429][root][INFO] - Finished replay epoch 6921/10000
[2026-05-28 16:31:16,795][root][INFO] - Finished replay epoch 6922/10000
[2026-05-28 16:31:22,109][root][INFO] - Finished replay epoch 6923/10000
| pretrain       | Iter: 0 | T: 12:49:50 | BS: 3392 | Batched Update FPS: 6.1775
wandb: WARNING `format` argument was not provided, defaulting to `gif`. This parameter will be required in v0.20.0, please specify the format explicitly.
wandb: Encoding video...
| pretrain_eval  | Iter: 0 | S: 180000 | E: 0 | L: 200 | R: 0.0000 | T: 12:52:12
[2026-05-28 16:33:53,446][root][INFO] - Finished replay epoch 6924/10000
[2026-05-28 16:33:57,310][root][INFO] - Finished replay epoch 6925/10000
[2026-05-28 16:34:01,188][root][INFO] - Finished replay epoch 6926/10000
| pretrain       | Iter: 0 | T: 12:52:32 | BS: 3392 | Batched Update FPS: 5.0865
[2026-05-28 16:34:05,051][root][INFO] - Finished replay epoch 6927/10000
[2026-05-28 16:34:08,915][root][INFO] - Finished replay epoch 6928/10000
[2026-05-28 16:34:12,761][root][INFO] - Finished replay epoch 6929/10000
[2026-05-28 16:34:16,592][root][INFO] - Finished replay epoch 6930/10000
| pretrain       | Iter: 0 | T: 12:52:47 | BS: 3392 | Batched Update FPS: 4.8294
[2026-05-28 16:34:20,534][root][INFO] - Finished replay epoch 6931/10000
[2026-05-28 16:34:24,367][root][INFO] - Finished replay epoch 6932/10000
[2026-05-28 16:34:28,216][root][INFO] - Finished replay epoch 6933/10000
[2026-05-28 16:34:32,089][root][INFO] - Finished replay epoch 6934/10000
| pretrain       | Iter: 0 | T: 12:53:02 | BS: 3392 | Batched Update FPS: 4.8882
[2026-05-28 16:34:35,966][root][INFO] - Finished replay epoch 6935/10000
[2026-05-28 16:34:39,843][root][INFO] - Finished replay epoch 6936/10000
[2026-05-28 16:34:43,736][root][INFO] - Finished replay epoch 6937/10000
[2026-05-28 16:34:47,589][root][INFO] - Finished replay epoch 6938/10000
| pretrain       | Iter: 0 | T: 12:53:17 | BS: 3392 | Batched Update FPS: 5.1977
[2026-05-28 16:34:51,453][root][INFO] - Finished replay epoch 6939/10000
[2026-05-28 16:34:55,304][root][INFO] - Finished replay epoch 6940/10000
[2026-05-28 16:34:59,198][root][INFO] - Finished replay epoch 6941/10000
[2026-05-28 16:35:03,058][root][INFO] - Finished replay epoch 6942/10000
| pretrain       | Iter: 0 | T: 12:53:31 | BS: 3392 | Batched Update FPS: 5.0211
[2026-05-28 16:35:06,927][root][INFO] - Finished replay epoch 6943/10000
[2026-05-28 16:35:10,744][root][INFO] - Finished replay epoch 6944/10000
[2026-05-28 16:35:14,584][root][INFO] - Finished replay epoch 6945/10000
[2026-05-28 16:35:18,435][root][INFO] - Finished replay epoch 6946/10000
| pretrain       | Iter: 0 | T: 12:53:46 | BS: 3392 | Batched Update FPS: 5.0387
[2026-05-28 16:35:22,318][root][INFO] - Finished replay epoch 6947/10000
[2026-05-28 16:35:26,159][root][INFO] - Finished replay epoch 6948/10000
[2026-05-28 16:35:29,999][root][INFO] - Finished replay epoch 6949/10000
[2026-05-28 16:35:33,855][root][INFO] - Finished replay epoch 6950/10000
| pretrain       | Iter: 0 | T: 12:54:01 | BS: 3392 | Batched Update FPS: 5.2291
[2026-05-28 16:35:37,721][root][INFO] - Finished replay epoch 6951/10000
[2026-05-28 16:35:41,606][root][INFO] - Finished replay epoch 6952/10000
[2026-05-28 16:35:45,498][root][INFO] - Finished replay epoch 6953/10000
| pretrain       | Iter: 0 | T: 12:54:16 | BS: 3392 | Batched Update FPS: 5.1322
[2026-05-28 16:35:49,400][root][INFO] - Finished replay epoch 6954/10000
[2026-05-28 16:35:53,266][root][INFO] - Finished replay epoch 6955/10000
[2026-05-28 16:35:57,146][root][INFO] - Finished replay epoch 6956/10000
[2026-05-28 16:36:00,998][root][INFO] - Finished replay epoch 6957/10000
| pretrain       | Iter: 0 | T: 12:54:31 | BS: 3392 | Batched Update FPS: 4.8909
[2026-05-28 16:36:04,894][root][INFO] - Finished replay epoch 6958/10000
[2026-05-28 16:36:08,816][root][INFO] - Finished replay epoch 6959/10000
[2026-05-28 16:36:12,725][root][INFO] - Finished replay epoch 6960/10000
[2026-05-28 16:36:16,568][root][INFO] - Finished replay epoch 6961/10000
| pretrain       | Iter: 0 | T: 12:54:46 | BS: 3392 | Batched Update FPS: 6.0450
[2026-05-28 16:36:20,703][root][INFO] - Finished replay epoch 6962/10000
[2026-05-28 16:36:24,586][root][INFO] - Finished replay epoch 6963/10000
[2026-05-28 16:36:28,524][root][INFO] - Finished replay epoch 6964/10000
[2026-05-28 16:36:32,402][root][INFO] - Finished replay epoch 6965/10000
| pretrain       | Iter: 0 | T: 12:55:01 | BS: 3392 | Batched Update FPS: 5.1477
[2026-05-28 16:36:36,303][root][INFO] - Finished replay epoch 6966/10000
[2026-05-28 16:36:40,216][root][INFO] - Finished replay epoch 6967/10000
[2026-05-28 16:36:44,121][root][INFO] - Finished replay epoch 6968/10000
[2026-05-28 16:36:48,037][root][INFO] - Finished replay epoch 6969/10000
| pretrain       | Iter: 0 | T: 12:55:16 | BS: 3392 | Batched Update FPS: 5.0955
[2026-05-28 16:36:51,949][root][INFO] - Finished replay epoch 6970/10000
[2026-05-28 16:36:55,852][root][INFO] - Finished replay epoch 6971/10000
[2026-05-28 16:36:59,706][root][INFO] - Finished replay epoch 6972/10000
[2026-05-28 16:37:03,612][root][INFO] - Finished replay epoch 6973/10000
| pretrain       | Iter: 0 | T: 12:55:31 | BS: 3392 | Batched Update FPS: 4.8157
[2026-05-28 16:37:07,731][root][INFO] - Finished replay epoch 6974/10000
[2026-05-28 16:37:11,649][root][INFO] - Finished replay epoch 6975/10000
[2026-05-28 16:37:15,564][root][INFO] - Finished replay epoch 6976/10000
| pretrain       | Iter: 0 | T: 12:55:46 | BS: 3392 | Batched Update FPS: 4.8884
[2026-05-28 16:37:19,464][root][INFO] - Finished replay epoch 6977/10000
[2026-05-28 16:37:23,368][root][INFO] - Finished replay epoch 6978/10000
[2026-05-28 16:37:27,313][root][INFO] - Finished replay epoch 6979/10000
[2026-05-28 16:37:31,247][root][INFO] - Finished replay epoch 6980/10000
| pretrain       | Iter: 0 | T: 12:56:01 | BS: 3392 | Batched Update FPS: 5.0538
[2026-05-28 16:37:35,151][root][INFO] - Finished replay epoch 6981/10000
[2026-05-28 16:37:39,043][root][INFO] - Finished replay epoch 6982/10000
[2026-05-28 16:37:42,985][root][INFO] - Finished replay epoch 6983/10000
[2026-05-28 16:37:46,910][root][INFO] - Finished replay epoch 6984/10000
| pretrain       | Iter: 0 | T: 12:56:16 | BS: 3392 | Batched Update FPS: 4.9549
[2026-05-28 16:37:50,783][root][INFO] - Finished replay epoch 6985/10000
[2026-05-28 16:37:54,690][root][INFO] - Finished replay epoch 6986/10000
[2026-05-28 16:37:58,591][root][INFO] - Finished replay epoch 6987/10000
[2026-05-28 16:38:02,597][root][INFO] - Finished replay epoch 6988/10000
| pretrain       | Iter: 0 | T: 12:56:32 | BS: 3392 | Batched Update FPS: 3.1172
[2026-05-28 16:38:07,929][root][INFO] - Finished replay epoch 6989/10000
[2026-05-28 16:38:13,221][root][INFO] - Finished replay epoch 6990/10000
[2026-05-28 16:38:18,502][root][INFO] - Finished replay epoch 6991/10000
[2026-05-28 16:38:23,877][root][INFO] - Finished replay epoch 6992/10000
| pretrain       | Iter: 0 | T: 12:56:53 | BS: 3392 | Batched Update FPS: 3.2335
[2026-05-28 16:38:29,289][root][INFO] - Finished replay epoch 6993/10000
[2026-05-28 16:38:34,592][root][INFO] - Finished replay epoch 6994/10000
[2026-05-28 16:38:39,976][root][INFO] - Finished replay epoch 6995/10000
[2026-05-28 16:38:45,251][root][INFO] - Finished replay epoch 6996/10000
| pretrain       | Iter: 0 | T: 12:57:13 | BS: 3392 | Batched Update FPS: 3.0207
[2026-05-28 16:38:50,557][root][INFO] - Finished replay epoch 6997/10000
[2026-05-28 16:38:55,889][root][INFO] - Finished replay epoch 6998/10000
[2026-05-28 16:39:01,241][root][INFO] - Finished replay epoch 6999/10000
[2026-05-28 16:39:06,889][root][INFO] - Finished replay epoch 7000/10000
| pretrain       | Iter: 0 | T: 12:57:34 | BS: 3392 | Batched Update FPS: 3.4820
[2026-05-28 16:39:12,291][root][INFO] - Finished replay epoch 7001/10000
[2026-05-28 16:39:17,560][root][INFO] - Finished replay epoch 7002/10000
[2026-05-28 16:39:22,907][root][INFO] - Finished replay epoch 7003/10000
| pretrain       | Iter: 0 | T: 12:57:55 | BS: 3392 | Batched Update FPS: 3.8908
[2026-05-28 16:39:28,365][root][INFO] - Finished replay epoch 7004/10000
[2026-05-28 16:39:33,711][root][INFO] - Finished replay epoch 7005/10000
[2026-05-28 16:39:39,149][root][INFO] - Finished replay epoch 7006/10000
[2026-05-28 16:39:44,559][root][INFO] - Finished replay epoch 7007/10000
| pretrain       | Iter: 0 | T: 12:58:15 | BS: 3392 | Batched Update FPS: 3.1847
[2026-05-28 16:39:49,900][root][INFO] - Finished replay epoch 7008/10000
[2026-05-28 16:39:55,240][root][INFO] - Finished replay epoch 7009/10000
[2026-05-28 16:40:00,498][root][INFO] - Finished replay epoch 7010/10000
[2026-05-28 16:40:05,823][root][INFO] - Finished replay epoch 7011/10000
| pretrain       | Iter: 0 | T: 12:58:36 | BS: 3392 | Batched Update FPS: 3.1412
[2026-05-28 16:40:11,214][root][INFO] - Finished replay epoch 7012/10000
[2026-05-28 16:40:16,524][root][INFO] - Finished replay epoch 7013/10000
[2026-05-28 16:40:21,899][root][INFO] - Finished replay epoch 7014/10000
[2026-05-28 16:40:27,255][root][INFO] - Finished replay epoch 7015/10000
| pretrain       | Iter: 0 | T: 12:58:57 | BS: 3392 | Batched Update FPS: 3.9697
[2026-05-28 16:40:32,649][root][INFO] - Finished replay epoch 7016/10000
[2026-05-28 16:40:37,915][root][INFO] - Finished replay epoch 7017/10000
[2026-05-28 16:40:43,200][root][INFO] - Finished replay epoch 7018/10000
[2026-05-28 16:40:48,583][root][INFO] - Finished replay epoch 7019/10000
| pretrain       | Iter: 0 | T: 12:59:17 | BS: 3392 | Batched Update FPS: 4.0229
wandb: WARNING `format` argument was not provided, defaulting to `gif`. This parameter will be required in v0.20.0, please specify the format explicitly.
wandb: Encoding video...
| pretrain_eval  | Iter: 0 | S: 182500 | E: 0 | L: 200 | R: 0.0000 | T: 13:01:41
[2026-05-28 16:43:22,513][root][INFO] - Finished replay epoch 7020/10000
[2026-05-28 16:43:27,823][root][INFO] - Finished replay epoch 7021/10000
[2026-05-28 16:43:33,085][root][INFO] - Finished replay epoch 7022/10000
[2026-05-28 16:43:38,497][root][INFO] - Finished replay epoch 7023/10000
| pretrain       | Iter: 0 | T: 13:02:06 | BS: 3392 | Batched Update FPS: 3.1593
[2026-05-28 16:43:43,843][root][INFO] - Finished replay epoch 7024/10000
[2026-05-28 16:43:49,096][root][INFO] - Finished replay epoch 7025/10000
[2026-05-28 16:43:54,419][root][INFO] - Finished replay epoch 7026/10000
| pretrain       | Iter: 0 | T: 13:02:27 | BS: 3392 | Batched Update FPS: 3.0342
[2026-05-28 16:43:59,792][root][INFO] - Finished replay epoch 7027/10000
[2026-05-28 16:44:05,066][root][INFO] - Finished replay epoch 7028/10000
[2026-05-28 16:44:10,406][root][INFO] - Finished replay epoch 7029/10000
[2026-05-28 16:44:15,655][root][INFO] - Finished replay epoch 7030/10000
| pretrain       | Iter: 0 | T: 13:02:47 | BS: 3392 | Batched Update FPS: 4.0818
[2026-05-28 16:44:20,929][root][INFO] - Finished replay epoch 7031/10000
[2026-05-28 16:44:26,262][root][INFO] - Finished replay epoch 7032/10000
[2026-05-28 16:44:31,557][root][INFO] - Finished replay epoch 7033/10000
[2026-05-28 16:44:36,838][root][INFO] - Finished replay epoch 7034/10000
| pretrain       | Iter: 0 | T: 13:03:07 | BS: 3392 | Batched Update FPS: 3.0569
[2026-05-28 16:44:42,182][root][INFO] - Finished replay epoch 7035/10000
[2026-05-28 16:44:47,500][root][INFO] - Finished replay epoch 7036/10000
[2026-05-28 16:44:52,854][root][INFO] - Finished replay epoch 7037/10000
[2026-05-28 16:44:57,399][root][INFO] - Finished replay epoch 7038/10000
| pretrain       | Iter: 0 | T: 13:03:27 | BS: 3392 | Batched Update FPS: 6.2109
[2026-05-28 16:45:02,838][root][INFO] - Finished replay epoch 7039/10000
[2026-05-28 16:45:08,180][root][INFO] - Finished replay epoch 7040/10000
[2026-05-28 16:45:13,397][root][INFO] - Finished replay epoch 7041/10000
[2026-05-28 16:45:18,742][root][INFO] - Finished replay epoch 7042/10000
| pretrain       | Iter: 0 | T: 13:03:48 | BS: 3392 | Batched Update FPS: 4.1014
[2026-05-28 16:45:24,100][root][INFO] - Finished replay epoch 7043/10000
[2026-05-28 16:45:29,367][root][INFO] - Finished replay epoch 7044/10000
[2026-05-28 16:45:34,644][root][INFO] - Finished replay epoch 7045/10000
[2026-05-28 16:45:39,981][root][INFO] - Finished replay epoch 7046/10000
| pretrain       | Iter: 0 | T: 13:04:08 | BS: 3392 | Batched Update FPS: 4.0631
[2026-05-28 16:45:45,392][root][INFO] - Finished replay epoch 7047/10000
[2026-05-28 16:45:50,716][root][INFO] - Finished replay epoch 7048/10000
[2026-05-28 16:45:56,033][root][INFO] - Finished replay epoch 7049/10000
[2026-05-28 16:46:01,316][root][INFO] - Finished replay epoch 7050/10000
| pretrain       | Iter: 0 | T: 13:04:29 | BS: 3392 | Batched Update FPS: 3.9864
[2026-05-28 16:46:06,696][root][INFO] - Finished replay epoch 7051/10000
[2026-05-28 16:46:11,972][root][INFO] - Finished replay epoch 7052/10000
[2026-05-28 16:46:17,301][root][INFO] - Finished replay epoch 7053/10000
| pretrain       | Iter: 0 | T: 13:04:49 | BS: 3392 | Batched Update FPS: 3.7715
[2026-05-28 16:46:22,639][root][INFO] - Finished replay epoch 7054/10000
[2026-05-28 16:46:27,955][root][INFO] - Finished replay epoch 7055/10000
[2026-05-28 16:46:33,371][root][INFO] - Finished replay epoch 7056/10000
[2026-05-28 16:46:38,759][root][INFO] - Finished replay epoch 7057/10000
| pretrain       | Iter: 0 | T: 13:05:10 | BS: 3392 | Batched Update FPS: 3.9820
[2026-05-28 16:46:44,141][root][INFO] - Finished replay epoch 7058/10000
[2026-05-28 16:46:49,421][root][INFO] - Finished replay epoch 7059/10000
[2026-05-28 16:46:54,689][root][INFO] - Finished replay epoch 7060/10000
[2026-05-28 16:47:00,094][root][INFO] - Finished replay epoch 7061/10000
| pretrain       | Iter: 0 | T: 13:05:30 | BS: 3392 | Batched Update FPS: 3.2799
[2026-05-28 16:47:05,406][root][INFO] - Finished replay epoch 7062/10000
[2026-05-28 16:47:10,757][root][INFO] - Finished replay epoch 7063/10000
[2026-05-28 16:47:16,158][root][INFO] - Finished replay epoch 7064/10000
[2026-05-28 16:47:21,432][root][INFO] - Finished replay epoch 7065/10000
| pretrain       | Iter: 0 | T: 13:05:51 | BS: 3392 | Batched Update FPS: 4.0793
[2026-05-28 16:47:26,760][root][INFO] - Finished replay epoch 7066/10000
[2026-05-28 16:47:32,104][root][INFO] - Finished replay epoch 7067/10000
[2026-05-28 16:47:37,383][root][INFO] - Finished replay epoch 7068/10000
[2026-05-28 16:47:42,709][root][INFO] - Finished replay epoch 7069/10000
| pretrain       | Iter: 0 | T: 13:06:11 | BS: 3392 | Batched Update FPS: 3.4260
[2026-05-28 16:47:48,060][root][INFO] - Finished replay epoch 7070/10000
[2026-05-28 16:47:53,448][root][INFO] - Finished replay epoch 7071/10000
[2026-05-28 16:47:58,712][root][INFO] - Finished replay epoch 7072/10000
[2026-05-28 16:48:03,987][root][INFO] - Finished replay epoch 7073/10000
| pretrain       | Iter: 0 | T: 13:06:32 | BS: 3392 | Batched Update FPS: 3.0620
[2026-05-28 16:48:09,363][root][INFO] - Finished replay epoch 7074/10000
[2026-05-28 16:48:14,679][root][INFO] - Finished replay epoch 7075/10000
[2026-05-28 16:48:20,029][root][INFO] - Finished replay epoch 7076/10000
| pretrain       | Iter: 0 | T: 13:06:52 | BS: 3392 | Batched Update FPS: 4.3033
[2026-05-28 16:48:25,599][root][INFO] - Finished replay epoch 7077/10000
[2026-05-28 16:48:30,932][root][INFO] - Finished replay epoch 7078/10000
[2026-05-28 16:48:36,206][root][INFO] - Finished replay epoch 7079/10000
[2026-05-28 16:48:41,470][root][INFO] - Finished replay epoch 7080/10000
| pretrain       | Iter: 0 | T: 13:07:13 | BS: 3392 | Batched Update FPS: 3.3939
[2026-05-28 16:48:46,880][root][INFO] - Finished replay epoch 7081/10000
[2026-05-28 16:48:52,271][root][INFO] - Finished replay epoch 7082/10000
[2026-05-28 16:48:57,559][root][INFO] - Finished replay epoch 7083/10000
[2026-05-28 16:49:02,859][root][INFO] - Finished replay epoch 7084/10000
| pretrain       | Iter: 0 | T: 13:07:33 | BS: 3392 | Batched Update FPS: 4.0218
[2026-05-28 16:49:08,192][root][INFO] - Finished replay epoch 7085/10000
[2026-05-28 16:49:13,550][root][INFO] - Finished replay epoch 7086/10000
[2026-05-28 16:49:18,950][root][INFO] - Finished replay epoch 7087/10000
[2026-05-28 16:49:24,226][root][INFO] - Finished replay epoch 7088/10000
| pretrain       | Iter: 0 | T: 13:07:54 | BS: 3392 | Batched Update FPS: 3.0765
[2026-05-28 16:49:29,507][root][INFO] - Finished replay epoch 7089/10000
[2026-05-28 16:49:34,833][root][INFO] - Finished replay epoch 7090/10000
[2026-05-28 16:49:40,021][root][INFO] - Finished replay epoch 7091/10000
[2026-05-28 16:49:45,322][root][INFO] - Finished replay epoch 7092/10000
| pretrain       | Iter: 0 | T: 13:08:14 | BS: 3392 | Batched Update FPS: 4.6071
[2026-05-28 16:49:50,668][root][INFO] - Finished replay epoch 7093/10000
[2026-05-28 16:49:55,932][root][INFO] - Finished replay epoch 7094/10000
[2026-05-28 16:50:01,256][root][INFO] - Finished replay epoch 7095/10000
[2026-05-28 16:50:06,608][root][INFO] - Finished replay epoch 7096/10000
| pretrain       | Iter: 0 | T: 13:08:35 | BS: 3392 | Batched Update FPS: 4.0753
[2026-05-28 16:50:11,843][root][INFO] - Finished replay epoch 7097/10000
[2026-05-28 16:50:17,151][root][INFO] - Finished replay epoch 7098/10000
[2026-05-28 16:50:22,505][root][INFO] - Finished replay epoch 7099/10000
[2026-05-28 16:50:27,858][root][INFO] - Finished replay epoch 7100/10000
| pretrain       | Iter: 0 | T: 13:08:55 | BS: 3392 | Batched Update FPS: 3.0884
[2026-05-28 16:50:33,236][root][INFO] - Finished replay epoch 7101/10000
[2026-05-28 16:50:38,654][root][INFO] - Finished replay epoch 7102/10000
[2026-05-28 16:50:43,993][root][INFO] - Finished replay epoch 7103/10000
| pretrain       | Iter: 0 | T: 13:09:16 | BS: 3392 | Batched Update FPS: 4.0950
[2026-05-28 16:50:49,351][root][INFO] - Finished replay epoch 7104/10000
[2026-05-28 16:50:54,700][root][INFO] - Finished replay epoch 7105/10000
[2026-05-28 16:50:59,993][root][INFO] - Finished replay epoch 7106/10000
[2026-05-28 16:51:05,333][root][INFO] - Finished replay epoch 7107/10000
| pretrain       | Iter: 0 | T: 13:09:36 | BS: 3392 | Batched Update FPS: 3.2804
[2026-05-28 16:51:10,680][root][INFO] - Finished replay epoch 7108/10000
[2026-05-28 16:51:15,951][root][INFO] - Finished replay epoch 7109/10000
[2026-05-28 16:51:21,309][root][INFO] - Finished replay epoch 7110/10000
[2026-05-28 16:51:26,581][root][INFO] - Finished replay epoch 7111/10000
| pretrain       | Iter: 0 | T: 13:09:57 | BS: 3392 | Batched Update FPS: 4.1327
[2026-05-28 16:51:31,887][root][INFO] - Finished replay epoch 7112/10000
[2026-05-28 16:51:37,222][root][INFO] - Finished replay epoch 7113/10000
[2026-05-28 16:51:42,553][root][INFO] - Finished replay epoch 7114/10000
[2026-05-28 16:51:47,925][root][INFO] - Finished replay epoch 7115/10000
| pretrain       | Iter: 0 | T: 13:10:17 | BS: 3392 | Batched Update FPS: 6.1373
wandb: WARNING `format` argument was not provided, defaulting to `gif`. This parameter will be required in v0.20.0, please specify the format explicitly.
wandb: Encoding video...
| pretrain_eval  | Iter: 0 | S: 185000 | E: 0 | L: 200 | R: 0.0000 | T: 13:12:35
[2026-05-28 16:54:14,960][root][INFO] - Finished replay epoch 7116/10000
[2026-05-28 16:54:18,816][root][INFO] - Finished replay epoch 7117/10000
[2026-05-28 16:54:22,621][root][INFO] - Finished replay epoch 7118/10000
[2026-05-28 16:54:26,472][root][INFO] - Finished replay epoch 7119/10000
| pretrain       | Iter: 0 | T: 13:12:55 | BS: 3392 | Batched Update FPS: 5.0207
[2026-05-28 16:54:30,417][root][INFO] - Finished replay epoch 7120/10000
[2026-05-28 16:54:34,333][root][INFO] - Finished replay epoch 7121/10000
[2026-05-28 16:54:38,184][root][INFO] - Finished replay epoch 7122/10000
[2026-05-28 16:54:42,046][root][INFO] - Finished replay epoch 7123/10000
| pretrain       | Iter: 0 | T: 13:13:09 | BS: 3392 | Batched Update FPS: 5.1421
[2026-05-28 16:54:45,897][root][INFO] - Finished replay epoch 7124/10000
[2026-05-28 16:54:49,767][root][INFO] - Finished replay epoch 7125/10000
[2026-05-28 16:54:53,655][root][INFO] - Finished replay epoch 7126/10000
| pretrain       | Iter: 0 | T: 13:13:24 | BS: 3392 | Batched Update FPS: 5.0821
[2026-05-28 16:54:57,527][root][INFO] - Finished replay epoch 7127/10000
[2026-05-28 16:55:01,398][root][INFO] - Finished replay epoch 7128/10000
[2026-05-28 16:55:05,302][root][INFO] - Finished replay epoch 7129/10000
[2026-05-28 16:55:09,112][root][INFO] - Finished replay epoch 7130/10000
| pretrain       | Iter: 0 | T: 13:13:39 | BS: 3392 | Batched Update FPS: 5.0623
[2026-05-28 16:55:12,905][root][INFO] - Finished replay epoch 7131/10000
[2026-05-28 16:55:18,091][root][INFO] - Finished replay epoch 7132/10000
[2026-05-28 16:55:23,507][root][INFO] - Finished replay epoch 7133/10000
[2026-05-28 16:55:28,771][root][INFO] - Finished replay epoch 7134/10000
| pretrain       | Iter: 0 | T: 13:13:59 | BS: 3392 | Batched Update FPS: 3.8957
[2026-05-28 16:55:34,144][root][INFO] - Finished replay epoch 7135/10000
[2026-05-28 16:55:39,516][root][INFO] - Finished replay epoch 7136/10000
[2026-05-28 16:55:44,891][root][INFO] - Finished replay epoch 7137/10000
[2026-05-28 16:55:50,240][root][INFO] - Finished replay epoch 7138/10000
| pretrain       | Iter: 0 | T: 13:14:20 | BS: 3392 | Batched Update FPS: 3.1660
[2026-05-28 16:55:55,557][root][INFO] - Finished replay epoch 7139/10000
[2026-05-28 16:56:00,875][root][INFO] - Finished replay epoch 7140/10000
[2026-05-28 16:56:06,123][root][INFO] - Finished replay epoch 7141/10000
[2026-05-28 16:56:11,479][root][INFO] - Finished replay epoch 7142/10000
| pretrain       | Iter: 0 | T: 13:14:40 | BS: 3392 | Batched Update FPS: 3.2514
[2026-05-28 16:56:16,858][root][INFO] - Finished replay epoch 7143/10000
[2026-05-28 16:56:22,168][root][INFO] - Finished replay epoch 7144/10000
[2026-05-28 16:56:27,394][root][INFO] - Finished replay epoch 7145/10000
[2026-05-28 16:56:32,782][root][INFO] - Finished replay epoch 7146/10000
| pretrain       | Iter: 0 | T: 13:15:01 | BS: 3392 | Batched Update FPS: 3.1818
[2026-05-28 16:56:38,104][root][INFO] - Finished replay epoch 7147/10000
[2026-05-28 16:56:43,437][root][INFO] - Finished replay epoch 7148/10000
[2026-05-28 16:56:48,722][root][INFO] - Finished replay epoch 7149/10000
[2026-05-28 16:56:54,011][root][INFO] - Finished replay epoch 7150/10000
| pretrain       | Iter: 0 | T: 13:15:21 | BS: 3392 | Batched Update FPS: 3.1186
[2026-05-28 16:56:59,417][root][INFO] - Finished replay epoch 7151/10000
[2026-05-28 16:57:04,749][root][INFO] - Finished replay epoch 7152/10000
[2026-05-28 16:57:10,031][root][INFO] - Finished replay epoch 7153/10000
| pretrain       | Iter: 0 | T: 13:15:42 | BS: 3392 | Batched Update FPS: 5.9201
[2026-05-28 16:57:15,470][root][INFO] - Finished replay epoch 7154/10000
[2026-05-28 16:57:20,836][root][INFO] - Finished replay epoch 7155/10000
[2026-05-28 16:57:26,125][root][INFO] - Finished replay epoch 7156/10000
[2026-05-28 16:57:31,173][root][INFO] - Finished replay epoch 7157/10000
| pretrain       | Iter: 0 | T: 13:16:02 | BS: 3392 | Batched Update FPS: 3.4499
[2026-05-28 16:57:36,608][root][INFO] - Finished replay epoch 7158/10000
[2026-05-28 16:57:41,902][root][INFO] - Finished replay epoch 7159/10000
[2026-05-28 16:57:47,190][root][INFO] - Finished replay epoch 7160/10000
[2026-05-28 16:57:52,465][root][INFO] - Finished replay epoch 7161/10000
| pretrain       | Iter: 0 | T: 13:16:23 | BS: 3392 | Batched Update FPS: 3.3926
[2026-05-28 16:57:57,868][root][INFO] - Finished replay epoch 7162/10000
[2026-05-28 16:58:03,169][root][INFO] - Finished replay epoch 7163/10000
[2026-05-28 16:58:08,473][root][INFO] - Finished replay epoch 7164/10000
[2026-05-28 16:58:13,803][root][INFO] - Finished replay epoch 7165/10000
| pretrain       | Iter: 0 | T: 13:16:43 | BS: 3392 | Batched Update FPS: 3.4413
[2026-05-28 16:58:19,183][root][INFO] - Finished replay epoch 7166/10000
[2026-05-28 16:58:24,441][root][INFO] - Finished replay epoch 7167/10000
[2026-05-28 16:58:29,765][root][INFO] - Finished replay epoch 7168/10000
[2026-05-28 16:58:35,054][root][INFO] - Finished replay epoch 7169/10000
| pretrain       | Iter: 0 | T: 13:17:04 | BS: 3392 | Batched Update FPS: 3.4425
[2026-05-28 16:58:40,378][root][INFO] - Finished replay epoch 7170/10000
[2026-05-28 16:58:45,687][root][INFO] - Finished replay epoch 7171/10000
[2026-05-28 16:58:51,002][root][INFO] - Finished replay epoch 7172/10000
[2026-05-28 16:58:56,260][root][INFO] - Finished replay epoch 7173/10000
| pretrain       | Iter: 0 | T: 13:17:24 | BS: 3392 | Batched Update FPS: 3.2456
[2026-05-28 16:59:01,573][root][INFO] - Finished replay epoch 7174/10000
[2026-05-28 16:59:06,890][root][INFO] - Finished replay epoch 7175/10000
[2026-05-28 16:59:12,156][root][INFO] - Finished replay epoch 7176/10000
| pretrain       | Iter: 0 | T: 13:17:44 | BS: 3392 | Batched Update FPS: 3.2036
[2026-05-28 16:59:17,520][root][INFO] - Finished replay epoch 7177/10000
[2026-05-28 16:59:22,927][root][INFO] - Finished replay epoch 7178/10000
[2026-05-28 16:59:28,284][root][INFO] - Finished replay epoch 7179/10000
[2026-05-28 16:59:33,588][root][INFO] - Finished replay epoch 7180/10000
| pretrain       | Iter: 0 | T: 13:18:05 | BS: 3392 | Batched Update FPS: 4.5441
[2026-05-28 16:59:38,941][root][INFO] - Finished replay epoch 7181/10000
[2026-05-28 16:59:44,351][root][INFO] - Finished replay epoch 7182/10000
[2026-05-28 16:59:49,480][root][INFO] - Finished replay epoch 7183/10000
[2026-05-28 16:59:54,789][root][INFO] - Finished replay epoch 7184/10000
| pretrain       | Iter: 0 | T: 13:18:25 | BS: 3392 | Batched Update FPS: 3.9661
[2026-05-28 17:00:00,119][root][INFO] - Finished replay epoch 7185/10000
[2026-05-28 17:00:05,470][root][INFO] - Finished replay epoch 7186/10000
[2026-05-28 17:00:10,718][root][INFO] - Finished replay epoch 7187/10000
[2026-05-28 17:00:16,078][root][INFO] - Finished replay epoch 7188/10000
| pretrain       | Iter: 0 | T: 13:18:46 | BS: 3392 | Batched Update FPS: 3.4323
[2026-05-28 17:00:21,457][root][INFO] - Finished replay epoch 7189/10000
[2026-05-28 17:00:26,795][root][INFO] - Finished replay epoch 7190/10000
[2026-05-28 17:00:32,144][root][INFO] - Finished replay epoch 7191/10000
[2026-05-28 17:00:37,474][root][INFO] - Finished replay epoch 7192/10000
| pretrain       | Iter: 0 | T: 13:19:06 | BS: 3392 | Batched Update FPS: 6.0325
[2026-05-28 17:00:42,984][root][INFO] - Finished replay epoch 7193/10000
[2026-05-28 17:00:48,356][root][INFO] - Finished replay epoch 7194/10000
[2026-05-28 17:00:53,750][root][INFO] - Finished replay epoch 7195/10000
[2026-05-28 17:00:59,157][root][INFO] - Finished replay epoch 7196/10000
| pretrain       | Iter: 0 | T: 13:19:27 | BS: 3392 | Batched Update FPS: 3.6310
[2026-05-28 17:01:04,545][root][INFO] - Finished replay epoch 7197/10000
[2026-05-28 17:01:09,821][root][INFO] - Finished replay epoch 7198/10000
[2026-05-28 17:01:15,087][root][INFO] - Finished replay epoch 7199/10000
[2026-05-28 17:01:20,479][root][INFO] - Finished replay epoch 7200/10000
| pretrain       | Iter: 0 | T: 13:19:48 | BS: 3392 | Batched Update FPS: 3.3696
[2026-05-28 17:01:25,758][root][INFO] - Finished replay epoch 7201/10000
[2026-05-28 17:01:31,040][root][INFO] - Finished replay epoch 7202/10000
[2026-05-28 17:01:36,352][root][INFO] - Finished replay epoch 7203/10000
| pretrain       | Iter: 0 | T: 13:20:08 | BS: 3392 | Batched Update FPS: 3.0230
[2026-05-28 17:01:41,754][root][INFO] - Finished replay epoch 7204/10000
[2026-05-28 17:01:47,010][root][INFO] - Finished replay epoch 7205/10000
[2026-05-28 17:01:52,412][root][INFO] - Finished replay epoch 7206/10000
[2026-05-28 17:01:57,697][root][INFO] - Finished replay epoch 7207/10000
| pretrain       | Iter: 0 | T: 13:20:29 | BS: 3392 | Batched Update FPS: 4.0809
[2026-05-28 17:02:03,046][root][INFO] - Finished replay epoch 7208/10000
[2026-05-28 17:02:08,412][root][INFO] - Finished replay epoch 7209/10000
[2026-05-28 17:02:13,838][root][INFO] - Finished replay epoch 7210/10000
[2026-05-28 17:02:19,244][root][INFO] - Finished replay epoch 7211/10000
| pretrain       | Iter: 0 | T: 13:20:49 | BS: 3392 | Batched Update FPS: 3.3660
wandb: WARNING `format` argument was not provided, defaulting to `gif`. This parameter will be required in v0.20.0, please specify the format explicitly.
wandb: Encoding video...
| pretrain_eval  | Iter: 0 | S: 187500 | E: 0 | L: 200 | R: 0.0000 | T: 13:23:14
[2026-05-28 17:04:53,391][root][INFO] - Finished replay epoch 7212/10000
[2026-05-28 17:04:58,606][root][INFO] - Finished replay epoch 7213/10000
[2026-05-28 17:05:04,072][root][INFO] - Finished replay epoch 7214/10000
[2026-05-28 17:05:09,453][root][INFO] - Finished replay epoch 7215/10000
| pretrain       | Iter: 0 | T: 13:23:39 | BS: 3392 | Batched Update FPS: 3.9519
[2026-05-28 17:05:14,806][root][INFO] - Finished replay epoch 7216/10000
[2026-05-28 17:05:20,189][root][INFO] - Finished replay epoch 7217/10000
[2026-05-28 17:05:25,274][root][INFO] - Finished replay epoch 7218/10000
[2026-05-28 17:05:30,635][root][INFO] - Finished replay epoch 7219/10000
| pretrain       | Iter: 0 | T: 13:23:59 | BS: 3392 | Batched Update FPS: 4.0155
[2026-05-28 17:05:35,966][root][INFO] - Finished replay epoch 7220/10000
[2026-05-28 17:05:41,275][root][INFO] - Finished replay epoch 7221/10000
[2026-05-28 17:05:46,576][root][INFO] - Finished replay epoch 7222/10000
[2026-05-28 17:05:51,966][root][INFO] - Finished replay epoch 7223/10000
| pretrain       | Iter: 0 | T: 13:24:20 | BS: 3392 | Batched Update FPS: 3.1409
[2026-05-28 17:05:57,341][root][INFO] - Finished replay epoch 7224/10000
[2026-05-28 17:06:02,713][root][INFO] - Finished replay epoch 7225/10000
[2026-05-28 17:06:07,954][root][INFO] - Finished replay epoch 7226/10000
| pretrain       | Iter: 0 | T: 13:24:40 | BS: 3392 | Batched Update FPS: 3.1776
[2026-05-28 17:06:13,341][root][INFO] - Finished replay epoch 7227/10000
[2026-05-28 17:06:18,700][root][INFO] - Finished replay epoch 7228/10000
[2026-05-28 17:06:23,984][root][INFO] - Finished replay epoch 7229/10000
[2026-05-28 17:06:29,333][root][INFO] - Finished replay epoch 7230/10000
| pretrain       | Iter: 0 | T: 13:25:01 | BS: 3392 | Batched Update FPS: 3.4818
[2026-05-28 17:06:34,976][root][INFO] - Finished replay epoch 7231/10000
[2026-05-28 17:06:40,228][root][INFO] - Finished replay epoch 7232/10000
[2026-05-28 17:06:45,619][root][INFO] - Finished replay epoch 7233/10000
[2026-05-28 17:06:50,893][root][INFO] - Finished replay epoch 7234/10000
| pretrain       | Iter: 0 | T: 13:25:21 | BS: 3392 | Batched Update FPS: 4.1369
[2026-05-28 17:06:56,282][root][INFO] - Finished replay epoch 7235/10000
[2026-05-28 17:07:01,664][root][INFO] - Finished replay epoch 7236/10000
[2026-05-28 17:07:06,975][root][INFO] - Finished replay epoch 7237/10000
[2026-05-28 17:07:12,295][root][INFO] - Finished replay epoch 7238/10000
| pretrain       | Iter: 0 | T: 13:25:42 | BS: 3392 | Batched Update FPS: 3.1575
[2026-05-28 17:07:17,626][root][INFO] - Finished replay epoch 7239/10000
[2026-05-28 17:07:22,782][root][INFO] - Finished replay epoch 7240/10000
[2026-05-28 17:07:28,221][root][INFO] - Finished replay epoch 7241/10000
[2026-05-28 17:07:33,585][root][INFO] - Finished replay epoch 7242/10000
| pretrain       | Iter: 0 | T: 13:26:02 | BS: 3392 | Batched Update FPS: 3.8520
[2026-05-28 17:07:38,940][root][INFO] - Finished replay epoch 7243/10000
[2026-05-28 17:07:44,281][root][INFO] - Finished replay epoch 7244/10000
[2026-05-28 17:07:49,559][root][INFO] - Finished replay epoch 7245/10000
[2026-05-28 17:07:54,876][root][INFO] - Finished replay epoch 7246/10000
| pretrain       | Iter: 0 | T: 13:26:23 | BS: 3392 | Batched Update FPS: 4.2529
[2026-05-28 17:08:00,287][root][INFO] - Finished replay epoch 7247/10000
[2026-05-28 17:08:05,617][root][INFO] - Finished replay epoch 7248/10000
[2026-05-28 17:08:10,928][root][INFO] - Finished replay epoch 7249/10000
[2026-05-28 17:08:16,304][root][INFO] - Finished replay epoch 7250/10000
| pretrain       | Iter: 0 | T: 13:26:44 | BS: 3392 | Batched Update FPS: 4.2712
[2026-05-28 17:08:21,716][root][INFO] - Finished replay epoch 7251/10000
[2026-05-28 17:08:27,023][root][INFO] - Finished replay epoch 7252/10000
[2026-05-28 17:08:32,355][root][INFO] - Finished replay epoch 7253/10000
| pretrain       | Iter: 0 | T: 13:27:04 | BS: 3392 | Batched Update FPS: 3.3844
[2026-05-28 17:08:37,728][root][INFO] - Finished replay epoch 7254/10000
[2026-05-28 17:08:43,069][root][INFO] - Finished replay epoch 7255/10000
[2026-05-28 17:08:48,474][root][INFO] - Finished replay epoch 7256/10000
[2026-05-28 17:08:53,794][root][INFO] - Finished replay epoch 7257/10000
| pretrain       | Iter: 0 | T: 13:27:25 | BS: 3392 | Batched Update FPS: 4.0086
[2026-05-28 17:08:59,190][root][INFO] - Finished replay epoch 7258/10000
[2026-05-28 17:09:04,618][root][INFO] - Finished replay epoch 7259/10000
[2026-05-28 17:09:09,988][root][INFO] - Finished replay epoch 7260/10000
[2026-05-28 17:09:15,400][root][INFO] - Finished replay epoch 7261/10000
| pretrain       | Iter: 0 | T: 13:27:46 | BS: 3392 | Batched Update FPS: 3.0275
[2026-05-28 17:09:20,772][root][INFO] - Finished replay epoch 7262/10000
[2026-05-28 17:09:26,123][root][INFO] - Finished replay epoch 7263/10000
[2026-05-28 17:09:31,279][root][INFO] - Finished replay epoch 7264/10000
[2026-05-28 17:09:36,648][root][INFO] - Finished replay epoch 7265/10000
| pretrain       | Iter: 0 | T: 13:28:06 | BS: 3392 | Batched Update FPS: 3.2282
[2026-05-28 17:09:41,965][root][INFO] - Finished replay epoch 7266/10000
[2026-05-28 17:09:47,358][root][INFO] - Finished replay epoch 7267/10000
[2026-05-28 17:09:52,650][root][INFO] - Finished replay epoch 7268/10000
[2026-05-28 17:09:57,998][root][INFO] - Finished replay epoch 7269/10000
| pretrain       | Iter: 0 | T: 13:28:27 | BS: 3392 | Batched Update FPS: 4.1629
[2026-05-28 17:10:03,618][root][INFO] - Finished replay epoch 7270/10000
[2026-05-28 17:10:08,993][root][INFO] - Finished replay epoch 7271/10000
[2026-05-28 17:10:14,265][root][INFO] - Finished replay epoch 7272/10000
[2026-05-28 17:10:19,575][root][INFO] - Finished replay epoch 7273/10000
| pretrain       | Iter: 0 | T: 13:28:47 | BS: 3392 | Batched Update FPS: 4.0879
[2026-05-28 17:10:24,889][root][INFO] - Finished replay epoch 7274/10000
[2026-05-28 17:10:30,245][root][INFO] - Finished replay epoch 7275/10000
[2026-05-28 17:10:35,623][root][INFO] - Finished replay epoch 7276/10000
| pretrain       | Iter: 0 | T: 13:29:08 | BS: 3392 | Batched Update FPS: 3.3682
[2026-05-28 17:10:41,007][root][INFO] - Finished replay epoch 7277/10000
[2026-05-28 17:10:46,296][root][INFO] - Finished replay epoch 7278/10000
[2026-05-28 17:10:51,677][root][INFO] - Finished replay epoch 7279/10000
[2026-05-28 17:10:57,019][root][INFO] - Finished replay epoch 7280/10000
| pretrain       | Iter: 0 | T: 13:29:28 | BS: 3392 | Batched Update FPS: 4.1248
[2026-05-28 17:11:02,313][root][INFO] - Finished replay epoch 7281/10000
[2026-05-28 17:11:07,687][root][INFO] - Finished replay epoch 7282/10000
[2026-05-28 17:11:13,047][root][INFO] - Finished replay epoch 7283/10000
[2026-05-28 17:11:18,212][root][INFO] - Finished replay epoch 7284/10000
| pretrain       | Iter: 0 | T: 13:29:48 | BS: 3392 | Batched Update FPS: 5.4427
[2026-05-28 17:11:22,342][root][INFO] - Finished replay epoch 7285/10000
[2026-05-28 17:11:25,972][root][INFO] - Finished replay epoch 7286/10000
[2026-05-28 17:11:29,617][root][INFO] - Finished replay epoch 7287/10000
[2026-05-28 17:11:33,277][root][INFO] - Finished replay epoch 7288/10000
| pretrain       | Iter: 0 | T: 13:30:02 | BS: 3392 | Batched Update FPS: 5.1925
[2026-05-28 17:11:37,124][root][INFO] - Finished replay epoch 7289/10000
[2026-05-28 17:11:40,736][root][INFO] - Finished replay epoch 7290/10000
[2026-05-28 17:11:44,372][root][INFO] - Finished replay epoch 7291/10000
[2026-05-28 17:11:47,913][root][INFO] - Finished replay epoch 7292/10000
| pretrain       | Iter: 0 | T: 13:30:16 | BS: 3392 | Batched Update FPS: 5.7819
[2026-05-28 17:11:51,453][root][INFO] - Finished replay epoch 7293/10000
[2026-05-28 17:11:55,038][root][INFO] - Finished replay epoch 7294/10000
[2026-05-28 17:11:58,593][root][INFO] - Finished replay epoch 7295/10000
[2026-05-28 17:12:02,134][root][INFO] - Finished replay epoch 7296/10000
| pretrain       | Iter: 0 | T: 13:30:30 | BS: 3392 | Batched Update FPS: 5.4830
[2026-05-28 17:12:05,707][root][INFO] - Finished replay epoch 7297/10000
[2026-05-28 17:12:09,251][root][INFO] - Finished replay epoch 7298/10000
[2026-05-28 17:12:12,797][root][INFO] - Finished replay epoch 7299/10000
[2026-05-28 17:12:16,420][root][INFO] - Finished replay epoch 7300/10000
| pretrain       | Iter: 0 | T: 13:30:44 | BS: 3392 | Batched Update FPS: 5.0191
[2026-05-28 17:12:20,296][root][INFO] - Finished replay epoch 7301/10000
[2026-05-28 17:12:24,098][root][INFO] - Finished replay epoch 7302/10000
[2026-05-28 17:12:27,933][root][INFO] - Finished replay epoch 7303/10000
| pretrain       | Iter: 0 | T: 13:30:58 | BS: 3392 | Batched Update FPS: 4.8901
[2026-05-28 17:12:31,769][root][INFO] - Finished replay epoch 7304/10000
[2026-05-28 17:12:35,560][root][INFO] - Finished replay epoch 7305/10000
[2026-05-28 17:12:39,457][root][INFO] - Finished replay epoch 7306/10000
[2026-05-28 17:12:43,229][root][INFO] - Finished replay epoch 7307/10000
| pretrain       | Iter: 0 | T: 13:31:13 | BS: 3392 | Batched Update FPS: 6.2430
wandb: WARNING `format` argument was not provided, defaulting to `gif`. This parameter will be required in v0.20.0, please specify the format explicitly.
wandb: Encoding video...
| pretrain_eval  | Iter: 0 | S: 190000 | E: 0 | L: 200 | R: 0.0000 | T: 13:33:27
[2026-05-28 17:15:06,241][root][INFO] - Finished replay epoch 7308/10000
[2026-05-28 17:15:11,378][root][INFO] - Finished replay epoch 7309/10000
[2026-05-28 17:15:16,537][root][INFO] - Finished replay epoch 7310/10000
[2026-05-28 17:15:21,824][root][INFO] - Finished replay epoch 7311/10000
| pretrain       | Iter: 0 | T: 13:33:52 | BS: 3392 | Batched Update FPS: 4.0157
[2026-05-28 17:15:27,062][root][INFO] - Finished replay epoch 7312/10000
[2026-05-28 17:15:32,098][root][INFO] - Finished replay epoch 7313/10000
[2026-05-28 17:15:37,250][root][INFO] - Finished replay epoch 7314/10000
[2026-05-28 17:15:42,400][root][INFO] - Finished replay epoch 7315/10000
| pretrain       | Iter: 0 | T: 13:34:12 | BS: 3392 | Batched Update FPS: 3.1054
[2026-05-28 17:15:47,603][root][INFO] - Finished replay epoch 7316/10000
[2026-05-28 17:15:52,733][root][INFO] - Finished replay epoch 7317/10000
[2026-05-28 17:15:57,818][root][INFO] - Finished replay epoch 7318/10000
[2026-05-28 17:16:02,958][root][INFO] - Finished replay epoch 7319/10000
| pretrain       | Iter: 0 | T: 13:34:31 | BS: 3392 | Batched Update FPS: 3.1119
[2026-05-28 17:16:08,207][root][INFO] - Finished replay epoch 7320/10000
[2026-05-28 17:16:13,333][root][INFO] - Finished replay epoch 7321/10000
[2026-05-28 17:16:18,525][root][INFO] - Finished replay epoch 7322/10000
[2026-05-28 17:16:23,660][root][INFO] - Finished replay epoch 7323/10000
| pretrain       | Iter: 0 | T: 13:34:51 | BS: 3392 | Batched Update FPS: 3.1041
[2026-05-28 17:16:28,828][root][INFO] - Finished replay epoch 7324/10000
[2026-05-28 17:16:33,976][root][INFO] - Finished replay epoch 7325/10000
[2026-05-28 17:16:39,125][root][INFO] - Finished replay epoch 7326/10000
| pretrain       | Iter: 0 | T: 13:35:11 | BS: 3392 | Batched Update FPS: 3.2926
[2026-05-28 17:16:44,358][root][INFO] - Finished replay epoch 7327/10000
[2026-05-28 17:16:49,540][root][INFO] - Finished replay epoch 7328/10000
[2026-05-28 17:16:54,761][root][INFO] - Finished replay epoch 7329/10000
[2026-05-28 17:16:59,947][root][INFO] - Finished replay epoch 7330/10000
| pretrain       | Iter: 0 | T: 13:35:31 | BS: 3392 | Batched Update FPS: 4.0960
[2026-05-28 17:17:05,136][root][INFO] - Finished replay epoch 7331/10000
[2026-05-28 17:17:10,284][root][INFO] - Finished replay epoch 7332/10000
[2026-05-28 17:17:15,486][root][INFO] - Finished replay epoch 7333/10000
[2026-05-28 17:17:20,654][root][INFO] - Finished replay epoch 7334/10000
| pretrain       | Iter: 0 | T: 13:35:51 | BS: 3392 | Batched Update FPS: 4.1583
[2026-05-28 17:17:25,842][root][INFO] - Finished replay epoch 7335/10000
[2026-05-28 17:17:31,027][root][INFO] - Finished replay epoch 7336/10000
[2026-05-28 17:17:36,179][root][INFO] - Finished replay epoch 7337/10000
[2026-05-28 17:17:41,328][root][INFO] - Finished replay epoch 7338/10000
| pretrain       | Iter: 0 | T: 13:36:11 | BS: 3392 | Batched Update FPS: 4.1722
[2026-05-28 17:17:46,512][root][INFO] - Finished replay epoch 7339/10000
[2026-05-28 17:17:51,701][root][INFO] - Finished replay epoch 7340/10000
[2026-05-28 17:17:56,877][root][INFO] - Finished replay epoch 7341/10000
[2026-05-28 17:18:02,027][root][INFO] - Finished replay epoch 7342/10000
| pretrain       | Iter: 0 | T: 13:36:31 | BS: 3392 | Batched Update FPS: 4.8115
[2026-05-28 17:18:07,279][root][INFO] - Finished replay epoch 7343/10000
[2026-05-28 17:18:12,429][root][INFO] - Finished replay epoch 7344/10000
[2026-05-28 17:18:17,606][root][INFO] - Finished replay epoch 7345/10000
[2026-05-28 17:18:22,783][root][INFO] - Finished replay epoch 7346/10000
| pretrain       | Iter: 0 | T: 13:36:51 | BS: 3392 | Batched Update FPS: 4.5670
[2026-05-28 17:18:28,314][root][INFO] - Finished replay epoch 7347/10000
[2026-05-28 17:18:33,477][root][INFO] - Finished replay epoch 7348/10000
[2026-05-28 17:18:38,629][root][INFO] - Finished replay epoch 7349/10000
[2026-05-28 17:18:43,862][root][INFO] - Finished replay epoch 7350/10000
| pretrain       | Iter: 0 | T: 13:37:11 | BS: 3392 | Batched Update FPS: 5.1735
[2026-05-28 17:18:49,042][root][INFO] - Finished replay epoch 7351/10000
[2026-05-28 17:18:54,233][root][INFO] - Finished replay epoch 7352/10000
[2026-05-28 17:18:59,456][root][INFO] - Finished replay epoch 7353/10000
| pretrain       | Iter: 0 | T: 13:37:31 | BS: 3392 | Batched Update FPS: 3.2511
[2026-05-28 17:19:04,615][root][INFO] - Finished replay epoch 7354/10000
[2026-05-28 17:19:09,837][root][INFO] - Finished replay epoch 7355/10000
[2026-05-28 17:19:14,925][root][INFO] - Finished replay epoch 7356/10000
[2026-05-28 17:19:20,010][root][INFO] - Finished replay epoch 7357/10000
| pretrain       | Iter: 0 | T: 13:37:51 | BS: 3392 | Batched Update FPS: 5.1437
[2026-05-28 17:19:25,190][root][INFO] - Finished replay epoch 7358/10000
[2026-05-28 17:19:30,353][root][INFO] - Finished replay epoch 7359/10000
[2026-05-28 17:19:35,490][root][INFO] - Finished replay epoch 7360/10000
[2026-05-28 17:19:40,552][root][INFO] - Finished replay epoch 7361/10000
| pretrain       | Iter: 0 | T: 13:38:11 | BS: 3392 | Batched Update FPS: 3.1164
[2026-05-28 17:19:45,813][root][INFO] - Finished replay epoch 7362/10000
[2026-05-28 17:19:50,967][root][INFO] - Finished replay epoch 7363/10000
[2026-05-28 17:19:56,355][root][INFO] - Finished replay epoch 7364/10000
[2026-05-28 17:20:01,489][root][INFO] - Finished replay epoch 7365/10000
| pretrain       | Iter: 0 | T: 13:38:31 | BS: 3392 | Batched Update FPS: 4.0991
[2026-05-28 17:20:06,734][root][INFO] - Finished replay epoch 7366/10000
[2026-05-28 17:20:11,887][root][INFO] - Finished replay epoch 7367/10000
[2026-05-28 17:20:17,011][root][INFO] - Finished replay epoch 7368/10000
[2026-05-28 17:20:22,169][root][INFO] - Finished replay epoch 7369/10000
| pretrain       | Iter: 0 | T: 13:38:51 | BS: 3392 | Batched Update FPS: 4.0937
[2026-05-28 17:20:27,427][root][INFO] - Finished replay epoch 7370/10000
[2026-05-28 17:20:32,597][root][INFO] - Finished replay epoch 7371/10000
[2026-05-28 17:20:36,291][root][INFO] - Finished replay epoch 7372/10000
[2026-05-28 17:20:40,092][root][INFO] - Finished replay epoch 7373/10000
| pretrain       | Iter: 0 | T: 13:39:08 | BS: 3392 | Batched Update FPS: 4.9766
[2026-05-28 17:20:43,929][root][INFO] - Finished replay epoch 7374/10000
[2026-05-28 17:20:47,743][root][INFO] - Finished replay epoch 7375/10000
[2026-05-28 17:20:51,529][root][INFO] - Finished replay epoch 7376/10000
| pretrain       | Iter: 0 | T: 13:39:22 | BS: 3392 | Batched Update FPS: 5.2299
[2026-05-28 17:20:55,321][root][INFO] - Finished replay epoch 7377/10000
[2026-05-28 17:20:59,161][root][INFO] - Finished replay epoch 7378/10000
[2026-05-28 17:21:02,874][root][INFO] - Finished replay epoch 7379/10000
[2026-05-28 17:21:06,665][root][INFO] - Finished replay epoch 7380/10000
| pretrain       | Iter: 0 | T: 13:39:37 | BS: 3392 | Batched Update FPS: 5.0733
[2026-05-28 17:21:10,505][root][INFO] - Finished replay epoch 7381/10000
[2026-05-28 17:21:14,351][root][INFO] - Finished replay epoch 7382/10000
[2026-05-28 17:21:18,164][root][INFO] - Finished replay epoch 7383/10000
[2026-05-28 17:21:22,022][root][INFO] - Finished replay epoch 7384/10000
| pretrain       | Iter: 0 | T: 13:39:52 | BS: 3392 | Batched Update FPS: 5.7612
[2026-05-28 17:21:26,213][root][INFO] - Finished replay epoch 7385/10000
[2026-05-28 17:21:29,989][root][INFO] - Finished replay epoch 7386/10000
[2026-05-28 17:21:33,810][root][INFO] - Finished replay epoch 7387/10000
[2026-05-28 17:21:37,669][root][INFO] - Finished replay epoch 7388/10000
| pretrain       | Iter: 0 | T: 13:40:07 | BS: 3392 | Batched Update FPS: 4.8645
[2026-05-28 17:21:41,499][root][INFO] - Finished replay epoch 7389/10000
[2026-05-28 17:21:45,305][root][INFO] - Finished replay epoch 7390/10000
[2026-05-28 17:21:49,073][root][INFO] - Finished replay epoch 7391/10000
[2026-05-28 17:21:52,919][root][INFO] - Finished replay epoch 7392/10000
| pretrain       | Iter: 0 | T: 13:40:21 | BS: 3392 | Batched Update FPS: 5.1051
[2026-05-28 17:21:56,786][root][INFO] - Finished replay epoch 7393/10000
[2026-05-28 17:22:00,586][root][INFO] - Finished replay epoch 7394/10000
[2026-05-28 17:22:04,419][root][INFO] - Finished replay epoch 7395/10000
[2026-05-28 17:22:08,215][root][INFO] - Finished replay epoch 7396/10000
| pretrain       | Iter: 0 | T: 13:40:36 | BS: 3392 | Batched Update FPS: 4.9878
[2026-05-28 17:22:12,065][root][INFO] - Finished replay epoch 7397/10000
[2026-05-28 17:22:15,875][root][INFO] - Finished replay epoch 7398/10000
[2026-05-28 17:22:19,687][root][INFO] - Finished replay epoch 7399/10000
[2026-05-28 17:22:23,526][root][INFO] - Finished replay epoch 7400/10000
| pretrain       | Iter: 0 | T: 13:40:51 | BS: 3392 | Batched Update FPS: 5.1505
[2026-05-28 17:22:27,398][root][INFO] - Finished replay epoch 7401/10000
[2026-05-28 17:22:31,230][root][INFO] - Finished replay epoch 7402/10000
[2026-05-28 17:22:35,031][root][INFO] - Finished replay epoch 7403/10000
| pretrain       | Iter: 0 | T: 13:41:05 | BS: 3392 | Batched Update FPS: 5.0946
wandb: WARNING `format` argument was not provided, defaulting to `gif`. This parameter will be required in v0.20.0, please specify the format explicitly.
wandb: Encoding video...
| pretrain_eval  | Iter: 0 | S: 192500 | E: 0 | L: 200 | R: 0.0000 | T: 13:42:52
[2026-05-28 17:24:29,593][root][INFO] - Finished replay epoch 7404/10000
[2026-05-28 17:24:33,491][root][INFO] - Finished replay epoch 7405/10000
[2026-05-28 17:24:37,349][root][INFO] - Finished replay epoch 7406/10000
[2026-05-28 17:24:41,286][root][INFO] - Finished replay epoch 7407/10000
| pretrain       | Iter: 0 | T: 13:43:12 | BS: 3392 | Batched Update FPS: 4.0834
[2026-05-28 17:24:46,502][root][INFO] - Finished replay epoch 7408/10000
[2026-05-28 17:24:51,721][root][INFO] - Finished replay epoch 7409/10000
[2026-05-28 17:24:56,968][root][INFO] - Finished replay epoch 7410/10000
[2026-05-28 17:25:02,212][root][INFO] - Finished replay epoch 7411/10000
| pretrain       | Iter: 0 | T: 13:43:32 | BS: 3392 | Batched Update FPS: 3.1686
[2026-05-28 17:25:07,439][root][INFO] - Finished replay epoch 7412/10000
[2026-05-28 17:25:12,662][root][INFO] - Finished replay epoch 7413/10000
[2026-05-28 17:25:17,892][root][INFO] - Finished replay epoch 7414/10000
[2026-05-28 17:25:23,125][root][INFO] - Finished replay epoch 7415/10000
| pretrain       | Iter: 0 | T: 13:43:52 | BS: 3392 | Batched Update FPS: 3.9363
[2026-05-28 17:25:28,479][root][INFO] - Finished replay epoch 7416/10000
[2026-05-28 17:25:33,722][root][INFO] - Finished replay epoch 7417/10000
[2026-05-28 17:25:38,838][root][INFO] - Finished replay epoch 7418/10000
[2026-05-28 17:25:44,076][root][INFO] - Finished replay epoch 7419/10000
| pretrain       | Iter: 0 | T: 13:44:12 | BS: 3392 | Batched Update FPS: 5.2988
[2026-05-28 17:25:49,290][root][INFO] - Finished replay epoch 7420/10000
[2026-05-28 17:25:54,494][root][INFO] - Finished replay epoch 7421/10000
[2026-05-28 17:25:59,675][root][INFO] - Finished replay epoch 7422/10000
[2026-05-28 17:26:04,846][root][INFO] - Finished replay epoch 7423/10000
| pretrain       | Iter: 0 | T: 13:44:33 | BS: 3392 | Batched Update FPS: 3.4415
[2026-05-28 17:26:10,395][root][INFO] - Finished replay epoch 7424/10000
[2026-05-28 17:26:15,603][root][INFO] - Finished replay epoch 7425/10000
[2026-05-28 17:26:20,824][root][INFO] - Finished replay epoch 7426/10000
| pretrain       | Iter: 0 | T: 13:44:53 | BS: 3392 | Batched Update FPS: 5.1739
[2026-05-28 17:26:26,100][root][INFO] - Finished replay epoch 7427/10000
[2026-05-28 17:26:31,288][root][INFO] - Finished replay epoch 7428/10000
[2026-05-28 17:26:36,489][root][INFO] - Finished replay epoch 7429/10000
[2026-05-28 17:26:41,716][root][INFO] - Finished replay epoch 7430/10000
| pretrain       | Iter: 0 | T: 13:45:13 | BS: 3392 | Batched Update FPS: 4.3898
[2026-05-28 17:26:46,920][root][INFO] - Finished replay epoch 7431/10000
[2026-05-28 17:26:52,061][root][INFO] - Finished replay epoch 7432/10000
[2026-05-28 17:26:57,236][root][INFO] - Finished replay epoch 7433/10000
[2026-05-28 17:27:02,485][root][INFO] - Finished replay epoch 7434/10000
| pretrain       | Iter: 0 | T: 13:45:33 | BS: 3392 | Batched Update FPS: 3.1053
[2026-05-28 17:27:07,772][root][INFO] - Finished replay epoch 7435/10000
[2026-05-28 17:27:12,968][root][INFO] - Finished replay epoch 7436/10000
[2026-05-28 17:27:18,186][root][INFO] - Finished replay epoch 7437/10000
[2026-05-28 17:27:23,450][root][INFO] - Finished replay epoch 7438/10000
| pretrain       | Iter: 0 | T: 13:45:53 | BS: 3392 | Batched Update FPS: 4.0053
[2026-05-28 17:27:28,708][root][INFO] - Finished replay epoch 7439/10000
[2026-05-28 17:27:33,940][root][INFO] - Finished replay epoch 7440/10000
[2026-05-28 17:27:39,162][root][INFO] - Finished replay epoch 7441/10000
[2026-05-28 17:27:44,342][root][INFO] - Finished replay epoch 7442/10000
| pretrain       | Iter: 0 | T: 13:46:13 | BS: 3392 | Batched Update FPS: 5.0333
[2026-05-28 17:27:49,615][root][INFO] - Finished replay epoch 7443/10000
[2026-05-28 17:27:54,790][root][INFO] - Finished replay epoch 7444/10000
[2026-05-28 17:28:00,036][root][INFO] - Finished replay epoch 7445/10000
[2026-05-28 17:28:05,253][root][INFO] - Finished replay epoch 7446/10000
| pretrain       | Iter: 0 | T: 13:46:33 | BS: 3392 | Batched Update FPS: 3.1198
[2026-05-28 17:28:10,550][root][INFO] - Finished replay epoch 7447/10000
[2026-05-28 17:28:15,855][root][INFO] - Finished replay epoch 7448/10000
[2026-05-28 17:28:21,105][root][INFO] - Finished replay epoch 7449/10000
[2026-05-28 17:28:26,312][root][INFO] - Finished replay epoch 7450/10000
| pretrain       | Iter: 0 | T: 13:46:53 | BS: 3392 | Batched Update FPS: 4.8121
[2026-05-28 17:28:31,545][root][INFO] - Finished replay epoch 7451/10000
[2026-05-28 17:28:36,685][root][INFO] - Finished replay epoch 7452/10000
[2026-05-28 17:28:41,909][root][INFO] - Finished replay epoch 7453/10000
| pretrain       | Iter: 0 | T: 13:47:14 | BS: 3392 | Batched Update FPS: 4.0263
[2026-05-28 17:28:47,144][root][INFO] - Finished replay epoch 7454/10000
[2026-05-28 17:28:52,404][root][INFO] - Finished replay epoch 7455/10000
[2026-05-28 17:28:57,530][root][INFO] - Finished replay epoch 7456/10000
[2026-05-28 17:29:02,798][root][INFO] - Finished replay epoch 7457/10000
| pretrain       | Iter: 0 | T: 13:47:34 | BS: 3392 | Batched Update FPS: 4.2023
[2026-05-28 17:29:08,042][root][INFO] - Finished replay epoch 7458/10000
[2026-05-28 17:29:13,262][root][INFO] - Finished replay epoch 7459/10000
[2026-05-28 17:29:18,439][root][INFO] - Finished replay epoch 7460/10000
[2026-05-28 17:29:23,690][root][INFO] - Finished replay epoch 7461/10000
| pretrain       | Iter: 0 | T: 13:47:54 | BS: 3392 | Batched Update FPS: 4.1636
[2026-05-28 17:29:29,270][root][INFO] - Finished replay epoch 7462/10000
[2026-05-28 17:29:34,490][root][INFO] - Finished replay epoch 7463/10000
[2026-05-28 17:29:39,757][root][INFO] - Finished replay epoch 7464/10000
[2026-05-28 17:29:44,918][root][INFO] - Finished replay epoch 7465/10000
| pretrain       | Iter: 0 | T: 13:48:14 | BS: 3392 | Batched Update FPS: 4.1548
[2026-05-28 17:29:50,186][root][INFO] - Finished replay epoch 7466/10000
[2026-05-28 17:29:55,377][root][INFO] - Finished replay epoch 7467/10000
[2026-05-28 17:30:00,641][root][INFO] - Finished replay epoch 7468/10000
[2026-05-28 17:30:05,786][root][INFO] - Finished replay epoch 7469/10000
| pretrain       | Iter: 0 | T: 13:48:34 | BS: 3392 | Batched Update FPS: 4.6336
[2026-05-28 17:30:11,016][root][INFO] - Finished replay epoch 7470/10000
[2026-05-28 17:30:16,173][root][INFO] - Finished replay epoch 7471/10000
[2026-05-28 17:30:21,432][root][INFO] - Finished replay epoch 7472/10000
[2026-05-28 17:30:26,627][root][INFO] - Finished replay epoch 7473/10000
| pretrain       | Iter: 0 | T: 13:48:54 | BS: 3392 | Batched Update FPS: 3.0902
[2026-05-28 17:30:31,896][root][INFO] - Finished replay epoch 7474/10000
[2026-05-28 17:30:37,118][root][INFO] - Finished replay epoch 7475/10000
[2026-05-28 17:30:42,264][root][INFO] - Finished replay epoch 7476/10000
| pretrain       | Iter: 0 | T: 13:49:14 | BS: 3392 | Batched Update FPS: 3.0537
[2026-05-28 17:30:47,543][root][INFO] - Finished replay epoch 7477/10000
[2026-05-28 17:30:52,733][root][INFO] - Finished replay epoch 7478/10000
[2026-05-28 17:30:57,909][root][INFO] - Finished replay epoch 7479/10000
[2026-05-28 17:31:03,096][root][INFO] - Finished replay epoch 7480/10000
| pretrain       | Iter: 0 | T: 13:49:35 | BS: 3392 | Batched Update FPS: 3.1255
[2026-05-28 17:31:08,476][root][INFO] - Finished replay epoch 7481/10000
[2026-05-28 17:31:13,644][root][INFO] - Finished replay epoch 7482/10000
[2026-05-28 17:31:18,811][root][INFO] - Finished replay epoch 7483/10000
[2026-05-28 17:31:24,029][root][INFO] - Finished replay epoch 7484/10000
| pretrain       | Iter: 0 | T: 13:49:55 | BS: 3392 | Batched Update FPS: 3.1907
[2026-05-28 17:31:29,234][root][INFO] - Finished replay epoch 7485/10000
[2026-05-28 17:31:34,469][root][INFO] - Finished replay epoch 7486/10000
[2026-05-28 17:31:39,670][root][INFO] - Finished replay epoch 7487/10000
[2026-05-28 17:31:44,833][root][INFO] - Finished replay epoch 7488/10000
| pretrain       | Iter: 0 | T: 13:50:14 | BS: 3392 | Batched Update FPS: 3.6928
[2026-05-28 17:31:50,046][root][INFO] - Finished replay epoch 7489/10000
[2026-05-28 17:31:55,266][root][INFO] - Finished replay epoch 7490/10000
[2026-05-28 17:32:00,388][root][INFO] - Finished replay epoch 7491/10000
[2026-05-28 17:32:05,522][root][INFO] - Finished replay epoch 7492/10000
| pretrain       | Iter: 0 | T: 13:50:34 | BS: 3392 | Batched Update FPS: 4.3701
[2026-05-28 17:32:10,759][root][INFO] - Finished replay epoch 7493/10000
[2026-05-28 17:32:16,017][root][INFO] - Finished replay epoch 7494/10000
[2026-05-28 17:32:21,224][root][INFO] - Finished replay epoch 7495/10000
[2026-05-28 17:32:26,383][root][INFO] - Finished replay epoch 7496/10000
| pretrain       | Iter: 0 | T: 13:50:54 | BS: 3392 | Batched Update FPS: 3.4212
[2026-05-28 17:32:31,644][root][INFO] - Finished replay epoch 7497/10000
[2026-05-28 17:32:36,616][root][INFO] - Finished replay epoch 7498/10000
[2026-05-28 17:32:41,406][root][INFO] - Finished replay epoch 7499/10000
[2026-05-28 17:32:46,932][root][INFO] - Finished replay epoch 7500/10000
| pretrain       | Iter: 0 | T: 13:51:14 | BS: 3392 | Batched Update FPS: 5.8042
wandb: WARNING `format` argument was not provided, defaulting to `gif`. This parameter will be required in v0.20.0, please specify the format explicitly.
wandb: Encoding video...
| pretrain_eval  | Iter: 0 | S: 195000 | E: 0 | L: 200 | R: 0.0000 | T: 13:53:36
[2026-05-28 17:35:18,576][root][INFO] - Finished replay epoch 7501/10000
[2026-05-28 17:35:23,831][root][INFO] - Finished replay epoch 7502/10000
[2026-05-28 17:35:29,019][root][INFO] - Finished replay epoch 7503/10000
| pretrain       | Iter: 0 | T: 13:54:01 | BS: 3392 | Batched Update FPS: 4.8345
[2026-05-28 17:35:34,209][root][INFO] - Finished replay epoch 7504/10000
[2026-05-28 17:35:39,422][root][INFO] - Finished replay epoch 7505/10000
[2026-05-28 17:35:44,711][root][INFO] - Finished replay epoch 7506/10000
[2026-05-28 17:35:49,913][root][INFO] - Finished replay epoch 7507/10000
| pretrain       | Iter: 0 | T: 13:54:21 | BS: 3392 | Batched Update FPS: 3.2529
[2026-05-28 17:35:55,135][root][INFO] - Finished replay epoch 7508/10000
[2026-05-28 17:36:00,382][root][INFO] - Finished replay epoch 7509/10000
[2026-05-28 17:36:05,521][root][INFO] - Finished replay epoch 7510/10000
[2026-05-28 17:36:10,706][root][INFO] - Finished replay epoch 7511/10000
| pretrain       | Iter: 0 | T: 13:54:41 | BS: 3392 | Batched Update FPS: 4.2436
[2026-05-28 17:36:15,913][root][INFO] - Finished replay epoch 7512/10000
[2026-05-28 17:36:21,119][root][INFO] - Finished replay epoch 7513/10000
[2026-05-28 17:36:26,275][root][INFO] - Finished replay epoch 7514/10000
[2026-05-28 17:36:31,472][root][INFO] - Finished replay epoch 7515/10000
| pretrain       | Iter: 0 | T: 13:55:01 | BS: 3392 | Batched Update FPS: 3.5750
[2026-05-28 17:36:36,769][root][INFO] - Finished replay epoch 7516/10000
[2026-05-28 17:36:41,979][root][INFO] - Finished replay epoch 7517/10000
[2026-05-28 17:36:47,135][root][INFO] - Finished replay epoch 7518/10000
[2026-05-28 17:36:52,308][root][INFO] - Finished replay epoch 7519/10000
| pretrain       | Iter: 0 | T: 13:55:21 | BS: 3392 | Batched Update FPS: 3.1605
[2026-05-28 17:36:57,542][root][INFO] - Finished replay epoch 7520/10000
[2026-05-28 17:37:02,660][root][INFO] - Finished replay epoch 7521/10000
[2026-05-28 17:37:07,817][root][INFO] - Finished replay epoch 7522/10000
[2026-05-28 17:37:12,972][root][INFO] - Finished replay epoch 7523/10000
| pretrain       | Iter: 0 | T: 13:55:41 | BS: 3392 | Batched Update FPS: 4.5705
[2026-05-28 17:37:18,147][root][INFO] - Finished replay epoch 7524/10000
[2026-05-28 17:37:23,347][root][INFO] - Finished replay epoch 7525/10000
[2026-05-28 17:37:28,558][root][INFO] - Finished replay epoch 7526/10000
| pretrain       | Iter: 0 | T: 13:56:00 | BS: 3392 | Batched Update FPS: 4.1627
[2026-05-28 17:37:33,716][root][INFO] - Finished replay epoch 7527/10000
[2026-05-28 17:37:38,811][root][INFO] - Finished replay epoch 7528/10000
[2026-05-28 17:37:44,005][root][INFO] - Finished replay epoch 7529/10000
[2026-05-28 17:37:49,167][root][INFO] - Finished replay epoch 7530/10000
| pretrain       | Iter: 0 | T: 13:56:20 | BS: 3392 | Batched Update FPS: 3.8984
[2026-05-28 17:37:54,402][root][INFO] - Finished replay epoch 7531/10000
[2026-05-28 17:37:59,586][root][INFO] - Finished replay epoch 7532/10000
[2026-05-28 17:38:04,723][root][INFO] - Finished replay epoch 7533/10000
[2026-05-28 17:38:09,831][root][INFO] - Finished replay epoch 7534/10000
| pretrain       | Iter: 0 | T: 13:56:40 | BS: 3392 | Batched Update FPS: 3.2762
[2026-05-28 17:38:15,103][root][INFO] - Finished replay epoch 7535/10000
[2026-05-28 17:38:20,288][root][INFO] - Finished replay epoch 7536/10000
[2026-05-28 17:38:25,481][root][INFO] - Finished replay epoch 7537/10000
[2026-05-28 17:38:30,630][root][INFO] - Finished replay epoch 7538/10000
| pretrain       | Iter: 0 | T: 13:57:01 | BS: 3392 | Batched Update FPS: 5.1005
[2026-05-28 17:38:36,105][root][INFO] - Finished replay epoch 7539/10000
[2026-05-28 17:38:41,281][root][INFO] - Finished replay epoch 7540/10000
[2026-05-28 17:38:46,460][root][INFO] - Finished replay epoch 7541/10000
[2026-05-28 17:38:51,666][root][INFO] - Finished replay epoch 7542/10000
| pretrain       | Iter: 0 | T: 13:57:21 | BS: 3392 | Batched Update FPS: 3.2654
[2026-05-28 17:38:56,899][root][INFO] - Finished replay epoch 7543/10000
[2026-05-28 17:39:02,121][root][INFO] - Finished replay epoch 7544/10000
[2026-05-28 17:39:07,347][root][INFO] - Finished replay epoch 7545/10000
[2026-05-28 17:39:12,532][root][INFO] - Finished replay epoch 7546/10000
| pretrain       | Iter: 0 | T: 13:57:41 | BS: 3392 | Batched Update FPS: 3.3228
[2026-05-28 17:39:17,689][root][INFO] - Finished replay epoch 7547/10000
[2026-05-28 17:39:22,829][root][INFO] - Finished replay epoch 7548/10000
[2026-05-28 17:39:28,093][root][INFO] - Finished replay epoch 7549/10000
[2026-05-28 17:39:33,280][root][INFO] - Finished replay epoch 7550/10000
| pretrain       | Iter: 0 | T: 13:58:01 | BS: 3392 | Batched Update FPS: 3.1771
[2026-05-28 17:39:38,557][root][INFO] - Finished replay epoch 7551/10000
[2026-05-28 17:39:43,739][root][INFO] - Finished replay epoch 7552/10000
[2026-05-28 17:39:48,926][root][INFO] - Finished replay epoch 7553/10000
| pretrain       | Iter: 0 | T: 13:58:21 | BS: 3392 | Batched Update FPS: 4.1195
[2026-05-28 17:39:54,150][root][INFO] - Finished replay epoch 7554/10000
[2026-05-28 17:39:58,765][root][INFO] - Finished replay epoch 7555/10000
[2026-05-28 17:40:03,927][root][INFO] - Finished replay epoch 7556/10000
[2026-05-28 17:40:09,023][root][INFO] - Finished replay epoch 7557/10000
| pretrain       | Iter: 0 | T: 13:58:40 | BS: 3392 | Batched Update FPS: 3.5609
[2026-05-28 17:40:14,256][root][INFO] - Finished replay epoch 7558/10000
[2026-05-28 17:40:19,545][root][INFO] - Finished replay epoch 7559/10000
[2026-05-28 17:40:24,685][root][INFO] - Finished replay epoch 7560/10000
[2026-05-28 17:40:29,880][root][INFO] - Finished replay epoch 7561/10000
| pretrain       | Iter: 0 | T: 13:59:00 | BS: 3392 | Batched Update FPS: 3.3572
[2026-05-28 17:40:35,111][root][INFO] - Finished replay epoch 7562/10000
[2026-05-28 17:40:40,275][root][INFO] - Finished replay epoch 7563/10000
[2026-05-28 17:40:45,518][root][INFO] - Finished replay epoch 7564/10000
[2026-05-28 17:40:50,686][root][INFO] - Finished replay epoch 7565/10000
| pretrain       | Iter: 0 | T: 13:59:20 | BS: 3392 | Batched Update FPS: 4.9890
[2026-05-28 17:40:55,868][root][INFO] - Finished replay epoch 7566/10000
[2026-05-28 17:41:01,025][root][INFO] - Finished replay epoch 7567/10000
[2026-05-28 17:41:06,317][root][INFO] - Finished replay epoch 7568/10000
[2026-05-28 17:41:11,483][root][INFO] - Finished replay epoch 7569/10000
| pretrain       | Iter: 0 | T: 13:59:40 | BS: 3392 | Batched Update FPS: 5.0299
[2026-05-28 17:41:16,653][root][INFO] - Finished replay epoch 7570/10000
[2026-05-28 17:41:21,833][root][INFO] - Finished replay epoch 7571/10000
[2026-05-28 17:41:26,982][root][INFO] - Finished replay epoch 7572/10000
[2026-05-28 17:41:32,188][root][INFO] - Finished replay epoch 7573/10000
| pretrain       | Iter: 0 | T: 14:00:00 | BS: 3392 | Batched Update FPS: 4.1003
[2026-05-28 17:41:37,349][root][INFO] - Finished replay epoch 7574/10000
[2026-05-28 17:41:42,477][root][INFO] - Finished replay epoch 7575/10000
[2026-05-28 17:41:47,699][root][INFO] - Finished replay epoch 7576/10000
| pretrain       | Iter: 0 | T: 14:00:20 | BS: 3392 | Batched Update FPS: 4.3100
[2026-05-28 17:41:53,128][root][INFO] - Finished replay epoch 7577/10000
[2026-05-28 17:41:58,279][root][INFO] - Finished replay epoch 7578/10000
[2026-05-28 17:42:03,519][root][INFO] - Finished replay epoch 7579/10000
[2026-05-28 17:42:08,707][root][INFO] - Finished replay epoch 7580/10000
| pretrain       | Iter: 0 | T: 14:00:40 | BS: 3392 | Batched Update FPS: 3.2962
[2026-05-28 17:42:13,902][root][INFO] - Finished replay epoch 7581/10000
[2026-05-28 17:42:19,057][root][INFO] - Finished replay epoch 7582/10000
[2026-05-28 17:42:24,235][root][INFO] - Finished replay epoch 7583/10000
[2026-05-28 17:42:29,430][root][INFO] - Finished replay epoch 7584/10000
| pretrain       | Iter: 0 | T: 14:01:00 | BS: 3392 | Batched Update FPS: 3.5618
[2026-05-28 17:42:34,636][root][INFO] - Finished replay epoch 7585/10000
[2026-05-28 17:42:39,847][root][INFO] - Finished replay epoch 7586/10000
[2026-05-28 17:42:45,071][root][INFO] - Finished replay epoch 7587/10000
[2026-05-28 17:42:50,229][root][INFO] - Finished replay epoch 7588/10000
| pretrain       | Iter: 0 | T: 14:01:20 | BS: 3392 | Batched Update FPS: 5.2077
[2026-05-28 17:42:55,384][root][INFO] - Finished replay epoch 7589/10000
[2026-05-28 17:43:00,463][root][INFO] - Finished replay epoch 7590/10000
[2026-05-28 17:43:05,651][root][INFO] - Finished replay epoch 7591/10000
[2026-05-28 17:43:10,855][root][INFO] - Finished replay epoch 7592/10000
| pretrain       | Iter: 0 | T: 14:01:40 | BS: 3392 | Batched Update FPS: 3.8882
[2026-05-28 17:43:16,079][root][INFO] - Finished replay epoch 7593/10000
[2026-05-28 17:43:21,241][root][INFO] - Finished replay epoch 7594/10000
[2026-05-28 17:43:26,193][root][INFO] - Finished replay epoch 7595/10000
[2026-05-28 17:43:31,387][root][INFO] - Finished replay epoch 7596/10000
| pretrain       | Iter: 0 | T: 14:01:59 | BS: 3392 | Batched Update FPS: 4.0405
wandb: WARNING `format` argument was not provided, defaulting to `gif`. This parameter will be required in v0.20.0, please specify the format explicitly.
wandb: Encoding video...
| pretrain_eval  | Iter: 0 | S: 197500 | E: 0 | L: 200 | R: 0.0000 | T: 14:04:21
[2026-05-28 17:46:02,523][root][INFO] - Finished replay epoch 7597/10000
[2026-05-28 17:46:07,678][root][INFO] - Finished replay epoch 7598/10000
[2026-05-28 17:46:12,911][root][INFO] - Finished replay epoch 7599/10000
[2026-05-28 17:46:18,144][root][INFO] - Finished replay epoch 7600/10000
| pretrain       | Iter: 0 | T: 14:04:45 | BS: 3392 | Batched Update FPS: 4.1277
[2026-05-28 17:46:23,335][root][INFO] - Finished replay epoch 7601/10000
[2026-05-28 17:46:28,522][root][INFO] - Finished replay epoch 7602/10000
[2026-05-28 17:46:33,734][root][INFO] - Finished replay epoch 7603/10000
| pretrain       | Iter: 0 | T: 14:05:05 | BS: 3392 | Batched Update FPS: 3.0461
[2026-05-28 17:46:38,965][root][INFO] - Finished replay epoch 7604/10000
[2026-05-28 17:46:44,162][root][INFO] - Finished replay epoch 7605/10000
[2026-05-28 17:46:49,360][root][INFO] - Finished replay epoch 7606/10000
[2026-05-28 17:46:54,574][root][INFO] - Finished replay epoch 7607/10000
| pretrain       | Iter: 0 | T: 14:05:25 | BS: 3392 | Batched Update FPS: 3.0758
[2026-05-28 17:46:59,821][root][INFO] - Finished replay epoch 7608/10000
[2026-05-28 17:47:04,938][root][INFO] - Finished replay epoch 7609/10000
[2026-05-28 17:47:10,077][root][INFO] - Finished replay epoch 7610/10000
[2026-05-28 17:47:15,282][root][INFO] - Finished replay epoch 7611/10000
| pretrain       | Iter: 0 | T: 14:05:45 | BS: 3392 | Batched Update FPS: 5.3885
[2026-05-28 17:47:19,656][root][INFO] - Finished replay epoch 7612/10000
[2026-05-28 17:47:23,483][root][INFO] - Finished replay epoch 7613/10000
[2026-05-28 17:47:27,298][root][INFO] - Finished replay epoch 7614/10000
[2026-05-28 17:47:31,167][root][INFO] - Finished replay epoch 7615/10000
| pretrain       | Iter: 0 | T: 14:06:00 | BS: 3392 | Batched Update FPS: 5.6191
[2026-05-28 17:47:35,193][root][INFO] - Finished replay epoch 7616/10000
[2026-05-28 17:47:39,004][root][INFO] - Finished replay epoch 7617/10000
[2026-05-28 17:47:42,794][root][INFO] - Finished replay epoch 7618/10000
[2026-05-28 17:47:46,661][root][INFO] - Finished replay epoch 7619/10000
| pretrain       | Iter: 0 | T: 14:06:15 | BS: 3392 | Batched Update FPS: 5.0226
[2026-05-28 17:47:50,526][root][INFO] - Finished replay epoch 7620/10000
[2026-05-28 17:47:54,387][root][INFO] - Finished replay epoch 7621/10000
[2026-05-28 17:47:58,274][root][INFO] - Finished replay epoch 7622/10000
[2026-05-28 17:48:02,126][root][INFO] - Finished replay epoch 7623/10000
| pretrain       | Iter: 0 | T: 14:06:30 | BS: 3392 | Batched Update FPS: 4.9441
[2026-05-28 17:48:05,997][root][INFO] - Finished replay epoch 7624/10000
[2026-05-28 17:48:09,864][root][INFO] - Finished replay epoch 7625/10000
[2026-05-28 17:48:13,774][root][INFO] - Finished replay epoch 7626/10000
| pretrain       | Iter: 0 | T: 14:06:44 | BS: 3392 | Batched Update FPS: 4.9245
[2026-05-28 17:48:17,614][root][INFO] - Finished replay epoch 7627/10000
[2026-05-28 17:48:21,386][root][INFO] - Finished replay epoch 7628/10000
[2026-05-28 17:48:25,274][root][INFO] - Finished replay epoch 7629/10000
[2026-05-28 17:48:29,099][root][INFO] - Finished replay epoch 7630/10000
| pretrain       | Iter: 0 | T: 14:06:59 | BS: 3392 | Batched Update FPS: 5.0756
[2026-05-28 17:48:32,989][root][INFO] - Finished replay epoch 7631/10000
[2026-05-28 17:48:36,836][root][INFO] - Finished replay epoch 7632/10000
[2026-05-28 17:48:40,677][root][INFO] - Finished replay epoch 7633/10000
[2026-05-28 17:48:44,539][root][INFO] - Finished replay epoch 7634/10000
| pretrain       | Iter: 0 | T: 14:07:14 | BS: 3392 | Batched Update FPS: 4.9877
[2026-05-28 17:48:48,383][root][INFO] - Finished replay epoch 7635/10000
[2026-05-28 17:48:52,222][root][INFO] - Finished replay epoch 7636/10000
[2026-05-28 17:48:56,019][root][INFO] - Finished replay epoch 7637/10000
[2026-05-28 17:48:59,815][root][INFO] - Finished replay epoch 7638/10000
| pretrain       | Iter: 0 | T: 14:07:29 | BS: 3392 | Batched Update FPS: 4.9212
[2026-05-28 17:49:03,692][root][INFO] - Finished replay epoch 7639/10000
[2026-05-28 17:49:07,570][root][INFO] - Finished replay epoch 7640/10000
[2026-05-28 17:49:11,395][root][INFO] - Finished replay epoch 7641/10000
[2026-05-28 17:49:15,195][root][INFO] - Finished replay epoch 7642/10000
| pretrain       | Iter: 0 | T: 14:07:44 | BS: 3392 | Batched Update FPS: 5.0172
[2026-05-28 17:49:19,032][root][INFO] - Finished replay epoch 7643/10000
[2026-05-28 17:49:22,879][root][INFO] - Finished replay epoch 7644/10000
[2026-05-28 17:49:26,757][root][INFO] - Finished replay epoch 7645/10000
[2026-05-28 17:49:30,580][root][INFO] - Finished replay epoch 7646/10000
| pretrain       | Iter: 0 | T: 14:07:58 | BS: 3392 | Batched Update FPS: 5.2294
[2026-05-28 17:49:34,445][root][INFO] - Finished replay epoch 7647/10000
[2026-05-28 17:49:38,322][root][INFO] - Finished replay epoch 7648/10000
[2026-05-28 17:49:42,172][root][INFO] - Finished replay epoch 7649/10000
[2026-05-28 17:49:45,969][root][INFO] - Finished replay epoch 7650/10000
| pretrain       | Iter: 0 | T: 14:08:13 | BS: 3392 | Batched Update FPS: 5.2833
[2026-05-28 17:49:49,820][root][INFO] - Finished replay epoch 7651/10000
[2026-05-28 17:49:53,660][root][INFO] - Finished replay epoch 7652/10000
[2026-05-28 17:49:57,459][root][INFO] - Finished replay epoch 7653/10000
| pretrain       | Iter: 0 | T: 14:08:28 | BS: 3392 | Batched Update FPS: 5.8487
[2026-05-28 17:50:01,697][root][INFO] - Finished replay epoch 7654/10000
[2026-05-28 17:50:05,485][root][INFO] - Finished replay epoch 7655/10000
[2026-05-28 17:50:09,296][root][INFO] - Finished replay epoch 7656/10000
[2026-05-28 17:50:13,145][root][INFO] - Finished replay epoch 7657/10000
| pretrain       | Iter: 0 | T: 14:08:43 | BS: 3392 | Batched Update FPS: 5.0982
[2026-05-28 17:50:16,976][root][INFO] - Finished replay epoch 7658/10000
[2026-05-28 17:50:20,813][root][INFO] - Finished replay epoch 7659/10000
[2026-05-28 17:50:24,689][root][INFO] - Finished replay epoch 7660/10000
[2026-05-28 17:50:28,542][root][INFO] - Finished replay epoch 7661/10000
| pretrain       | Iter: 0 | T: 14:08:58 | BS: 3392 | Batched Update FPS: 4.9609
[2026-05-28 17:50:32,382][root][INFO] - Finished replay epoch 7662/10000
[2026-05-28 17:50:36,222][root][INFO] - Finished replay epoch 7663/10000
[2026-05-28 17:50:40,050][root][INFO] - Finished replay epoch 7664/10000
[2026-05-28 17:50:43,915][root][INFO] - Finished replay epoch 7665/10000
| pretrain       | Iter: 0 | T: 14:09:13 | BS: 3392 | Batched Update FPS: 5.1129
[2026-05-28 17:50:47,753][root][INFO] - Finished replay epoch 7666/10000
[2026-05-28 17:50:51,596][root][INFO] - Finished replay epoch 7667/10000
[2026-05-28 17:50:55,423][root][INFO] - Finished replay epoch 7668/10000
[2026-05-28 17:50:59,258][root][INFO] - Finished replay epoch 7669/10000
| pretrain       | Iter: 0 | T: 14:09:27 | BS: 3392 | Batched Update FPS: 5.0919
[2026-05-28 17:51:03,113][root][INFO] - Finished replay epoch 7670/10000
[2026-05-28 17:51:06,900][root][INFO] - Finished replay epoch 7671/10000
[2026-05-28 17:51:10,760][root][INFO] - Finished replay epoch 7672/10000
[2026-05-28 17:51:14,639][root][INFO] - Finished replay epoch 7673/10000
| pretrain       | Iter: 0 | T: 14:09:42 | BS: 3392 | Batched Update FPS: 5.0697
[2026-05-28 17:51:18,515][root][INFO] - Finished replay epoch 7674/10000
[2026-05-28 17:51:22,385][root][INFO] - Finished replay epoch 7675/10000
[2026-05-28 17:51:26,254][root][INFO] - Finished replay epoch 7676/10000
| pretrain       | Iter: 0 | T: 14:09:57 | BS: 3392 | Batched Update FPS: 5.0323
[2026-05-28 17:51:30,064][root][INFO] - Finished replay epoch 7677/10000
[2026-05-28 17:51:33,908][root][INFO] - Finished replay epoch 7678/10000
[2026-05-28 17:51:37,771][root][INFO] - Finished replay epoch 7679/10000
[2026-05-28 17:51:41,600][root][INFO] - Finished replay epoch 7680/10000
| pretrain       | Iter: 0 | T: 14:10:12 | BS: 3392 | Batched Update FPS: 4.9494
[2026-05-28 17:51:45,424][root][INFO] - Finished replay epoch 7681/10000
[2026-05-28 17:51:49,240][root][INFO] - Finished replay epoch 7682/10000
[2026-05-28 17:51:54,426][root][INFO] - Finished replay epoch 7683/10000
[2026-05-28 17:51:59,558][root][INFO] - Finished replay epoch 7684/10000
| pretrain       | Iter: 0 | T: 14:10:30 | BS: 3392 | Batched Update FPS: 3.2285
[2026-05-28 17:52:04,799][root][INFO] - Finished replay epoch 7685/10000
[2026-05-28 17:52:09,992][root][INFO] - Finished replay epoch 7686/10000
[2026-05-28 17:52:15,174][root][INFO] - Finished replay epoch 7687/10000
[2026-05-28 17:52:20,384][root][INFO] - Finished replay epoch 7688/10000
| pretrain       | Iter: 0 | T: 14:10:50 | BS: 3392 | Batched Update FPS: 3.6110
[2026-05-28 17:52:25,611][root][INFO] - Finished replay epoch 7689/10000
[2026-05-28 17:52:30,831][root][INFO] - Finished replay epoch 7690/10000
[2026-05-28 17:52:35,927][root][INFO] - Finished replay epoch 7691/10000
[2026-05-28 17:52:41,080][root][INFO] - Finished replay epoch 7692/10000
| pretrain       | Iter: 0 | T: 14:11:10 | BS: 3392 | Batched Update FPS: 3.8974
wandb: WARNING `format` argument was not provided, defaulting to `gif`. This parameter will be required in v0.20.0, please specify the format explicitly.
wandb: Encoding video...
| pretrain_eval  | Iter: 0 | S: 200000 | E: 0 | L: 200 | R: 0.0000 | T: 14:13:31
[2026-05-28 17:55:11,950][root][INFO] - Finished replay epoch 7693/10000
[2026-05-28 17:55:17,162][root][INFO] - Finished replay epoch 7694/10000
[2026-05-28 17:55:22,366][root][INFO] - Finished replay epoch 7695/10000
[2026-05-28 17:55:27,469][root][INFO] - Finished replay epoch 7696/10000
| pretrain       | Iter: 0 | T: 14:13:56 | BS: 3392 | Batched Update FPS: 3.2371
[2026-05-28 17:55:32,684][root][INFO] - Finished replay epoch 7697/10000
[2026-05-28 17:55:37,864][root][INFO] - Finished replay epoch 7698/10000
[2026-05-28 17:55:43,049][root][INFO] - Finished replay epoch 7699/10000
[2026-05-28 17:55:48,182][root][INFO] - Finished replay epoch 7700/10000
| pretrain       | Iter: 0 | T: 14:14:15 | BS: 3392 | Batched Update FPS: 5.0004
[2026-05-28 17:55:53,322][root][INFO] - Finished replay epoch 7701/10000
[2026-05-28 17:55:58,486][root][INFO] - Finished replay epoch 7702/10000
[2026-05-28 17:56:03,711][root][INFO] - Finished replay epoch 7703/10000
| pretrain       | Iter: 0 | T: 14:14:35 | BS: 3392 | Batched Update FPS: 4.0935
[2026-05-28 17:56:08,902][root][INFO] - Finished replay epoch 7704/10000
[2026-05-28 17:56:14,041][root][INFO] - Finished replay epoch 7705/10000
[2026-05-28 17:56:19,204][root][INFO] - Finished replay epoch 7706/10000
[2026-05-28 17:56:24,425][root][INFO] - Finished replay epoch 7707/10000
| pretrain       | Iter: 0 | T: 14:14:55 | BS: 3392 | Batched Update FPS: 3.0799
[2026-05-28 17:56:29,573][root][INFO] - Finished replay epoch 7708/10000
[2026-05-28 17:56:34,769][root][INFO] - Finished replay epoch 7709/10000
[2026-05-28 17:56:39,947][root][INFO] - Finished replay epoch 7710/10000
[2026-05-28 17:56:45,145][root][INFO] - Finished replay epoch 7711/10000
| pretrain       | Iter: 0 | T: 14:15:15 | BS: 3392 | Batched Update FPS: 3.1266
[2026-05-28 17:56:50,323][root][INFO] - Finished replay epoch 7712/10000
[2026-05-28 17:56:55,508][root][INFO] - Finished replay epoch 7713/10000
[2026-05-28 17:57:00,712][root][INFO] - Finished replay epoch 7714/10000
[2026-05-28 17:57:05,889][root][INFO] - Finished replay epoch 7715/10000
| pretrain       | Iter: 0 | T: 14:15:35 | BS: 3392 | Batched Update FPS: 3.5592
[2026-05-28 17:57:11,124][root][INFO] - Finished replay epoch 7716/10000
[2026-05-28 17:57:16,338][root][INFO] - Finished replay epoch 7717/10000
[2026-05-28 17:57:21,475][root][INFO] - Finished replay epoch 7718/10000
[2026-05-28 17:57:26,647][root][INFO] - Finished replay epoch 7719/10000
| pretrain       | Iter: 0 | T: 14:15:55 | BS: 3392 | Batched Update FPS: 3.2081
[2026-05-28 17:57:31,758][root][INFO] - Finished replay epoch 7720/10000
[2026-05-28 17:57:37,035][root][INFO] - Finished replay epoch 7721/10000
[2026-05-28 17:57:42,262][root][INFO] - Finished replay epoch 7722/10000
[2026-05-28 17:57:47,439][root][INFO] - Finished replay epoch 7723/10000
| pretrain       | Iter: 0 | T: 14:16:15 | BS: 3392 | Batched Update FPS: 3.1212
[2026-05-28 17:57:52,699][root][INFO] - Finished replay epoch 7724/10000
[2026-05-28 17:57:57,842][root][INFO] - Finished replay epoch 7725/10000
[2026-05-28 17:58:03,034][root][INFO] - Finished replay epoch 7726/10000
| pretrain       | Iter: 0 | T: 14:16:35 | BS: 3392 | Batched Update FPS: 3.3190
[2026-05-28 17:58:08,240][root][INFO] - Finished replay epoch 7727/10000
[2026-05-28 17:58:13,489][root][INFO] - Finished replay epoch 7728/10000
[2026-05-28 17:58:18,636][root][INFO] - Finished replay epoch 7729/10000
[2026-05-28 17:58:23,822][root][INFO] - Finished replay epoch 7730/10000
| pretrain       | Iter: 0 | T: 14:16:55 | BS: 3392 | Batched Update FPS: 3.5593
[2026-05-28 17:58:29,313][root][INFO] - Finished replay epoch 7731/10000
[2026-05-28 17:58:34,524][root][INFO] - Finished replay epoch 7732/10000
[2026-05-28 17:58:39,747][root][INFO] - Finished replay epoch 7733/10000
[2026-05-28 17:58:44,918][root][INFO] - Finished replay epoch 7734/10000
| pretrain       | Iter: 0 | T: 14:17:15 | BS: 3392 | Batched Update FPS: 4.0053
[2026-05-28 17:58:50,187][root][INFO] - Finished replay epoch 7735/10000
[2026-05-28 17:58:55,395][root][INFO] - Finished replay epoch 7736/10000
[2026-05-28 17:59:00,612][root][INFO] - Finished replay epoch 7737/10000
[2026-05-28 17:59:05,753][root][INFO] - Finished replay epoch 7738/10000
| pretrain       | Iter: 0 | T: 14:17:35 | BS: 3392 | Batched Update FPS: 5.4807
[2026-05-28 17:59:10,298][root][INFO] - Finished replay epoch 7739/10000
[2026-05-28 17:59:15,438][root][INFO] - Finished replay epoch 7740/10000
[2026-05-28 17:59:20,665][root][INFO] - Finished replay epoch 7741/10000
[2026-05-28 17:59:25,858][root][INFO] - Finished replay epoch 7742/10000
| pretrain       | Iter: 0 | T: 14:17:55 | BS: 3392 | Batched Update FPS: 4.1090
[2026-05-28 17:59:31,001][root][INFO] - Finished replay epoch 7743/10000
[2026-05-28 17:59:36,168][root][INFO] - Finished replay epoch 7744/10000
[2026-05-28 17:59:41,401][root][INFO] - Finished replay epoch 7745/10000
[2026-05-28 17:59:46,585][root][INFO] - Finished replay epoch 7746/10000
| pretrain       | Iter: 0 | T: 14:18:15 | BS: 3392 | Batched Update FPS: 4.1709
[2026-05-28 17:59:51,799][root][INFO] - Finished replay epoch 7747/10000
[2026-05-28 17:59:56,976][root][INFO] - Finished replay epoch 7748/10000
[2026-05-28 18:00:02,077][root][INFO] - Finished replay epoch 7749/10000
[2026-05-28 18:00:07,288][root][INFO] - Finished replay epoch 7750/10000
| pretrain       | Iter: 0 | T: 14:18:34 | BS: 3392 | Batched Update FPS: 4.1959
[2026-05-28 18:00:12,468][root][INFO] - Finished replay epoch 7751/10000
[2026-05-28 18:00:17,659][root][INFO] - Finished replay epoch 7752/10000
[2026-05-28 18:00:22,784][root][INFO] - Finished replay epoch 7753/10000
| pretrain       | Iter: 0 | T: 14:18:54 | BS: 3392 | Batched Update FPS: 4.0280
[2026-05-28 18:00:28,086][root][INFO] - Finished replay epoch 7754/10000
[2026-05-28 18:00:33,292][root][INFO] - Finished replay epoch 7755/10000
[2026-05-28 18:00:38,560][root][INFO] - Finished replay epoch 7756/10000
[2026-05-28 18:00:43,719][root][INFO] - Finished replay epoch 7757/10000
| pretrain       | Iter: 0 | T: 14:19:15 | BS: 3392 | Batched Update FPS: 3.3305
[2026-05-28 18:00:48,841][root][INFO] - Finished replay epoch 7758/10000
[2026-05-28 18:00:53,909][root][INFO] - Finished replay epoch 7759/10000
[2026-05-28 18:00:59,048][root][INFO] - Finished replay epoch 7760/10000
[2026-05-28 18:01:04,154][root][INFO] - Finished replay epoch 7761/10000
| pretrain       | Iter: 0 | T: 14:19:34 | BS: 3392 | Batched Update FPS: 3.4236
[2026-05-28 18:01:09,303][root][INFO] - Finished replay epoch 7762/10000
[2026-05-28 18:01:14,405][root][INFO] - Finished replay epoch 7763/10000
[2026-05-28 18:01:19,600][root][INFO] - Finished replay epoch 7764/10000
[2026-05-28 18:01:24,758][root][INFO] - Finished replay epoch 7765/10000
| pretrain       | Iter: 0 | T: 14:19:54 | BS: 3392 | Batched Update FPS: 4.0387
[2026-05-28 18:01:29,912][root][INFO] - Finished replay epoch 7766/10000
[2026-05-28 18:01:35,043][root][INFO] - Finished replay epoch 7767/10000
[2026-05-28 18:01:40,186][root][INFO] - Finished replay epoch 7768/10000
[2026-05-28 18:01:45,350][root][INFO] - Finished replay epoch 7769/10000
| pretrain       | Iter: 0 | T: 14:20:14 | BS: 3392 | Batched Update FPS: 4.3371
[2026-05-28 18:01:50,864][root][INFO] - Finished replay epoch 7770/10000
[2026-05-28 18:01:56,058][root][INFO] - Finished replay epoch 7771/10000
[2026-05-28 18:02:01,268][root][INFO] - Finished replay epoch 7772/10000
[2026-05-28 18:02:06,447][root][INFO] - Finished replay epoch 7773/10000
| pretrain       | Iter: 0 | T: 14:20:34 | BS: 3392 | Batched Update FPS: 4.1219
[2026-05-28 18:02:11,708][root][INFO] - Finished replay epoch 7774/10000
[2026-05-28 18:02:16,910][root][INFO] - Finished replay epoch 7775/10000
[2026-05-28 18:02:22,137][root][INFO] - Finished replay epoch 7776/10000
| pretrain       | Iter: 0 | T: 14:20:54 | BS: 3392 | Batched Update FPS: 3.2235
[2026-05-28 18:02:27,348][root][INFO] - Finished replay epoch 7777/10000
[2026-05-28 18:02:32,576][root][INFO] - Finished replay epoch 7778/10000
[2026-05-28 18:02:37,786][root][INFO] - Finished replay epoch 7779/10000
[2026-05-28 18:02:43,029][root][INFO] - Finished replay epoch 7780/10000
| pretrain       | Iter: 0 | T: 14:21:14 | BS: 3392 | Batched Update FPS: 3.2393
[2026-05-28 18:02:48,223][root][INFO] - Finished replay epoch 7781/10000
[2026-05-28 18:02:53,455][root][INFO] - Finished replay epoch 7782/10000
[2026-05-28 18:02:58,669][root][INFO] - Finished replay epoch 7783/10000
[2026-05-28 18:03:03,864][root][INFO] - Finished replay epoch 7784/10000
| pretrain       | Iter: 0 | T: 14:21:34 | BS: 3392 | Batched Update FPS: 4.1246
[2026-05-28 18:03:09,120][root][INFO] - Finished replay epoch 7785/10000
[2026-05-28 18:03:14,332][root][INFO] - Finished replay epoch 7786/10000
[2026-05-28 18:03:19,497][root][INFO] - Finished replay epoch 7787/10000
[2026-05-28 18:03:24,743][root][INFO] - Finished replay epoch 7788/10000
| pretrain       | Iter: 0 | T: 14:21:54 | BS: 3392 | Batched Update FPS: 3.1015
wandb: WARNING `format` argument was not provided, defaulting to `gif`. This parameter will be required in v0.20.0, please specify the format explicitly.
wandb: Encoding video...
| pretrain_eval  | Iter: 0 | S: 202500 | E: 0 | L: 200 | R: 0.0000 | T: 14:24:16
[2026-05-28 18:05:56,340][root][INFO] - Finished replay epoch 7789/10000
[2026-05-28 18:06:01,565][root][INFO] - Finished replay epoch 7790/10000
[2026-05-28 18:06:06,742][root][INFO] - Finished replay epoch 7791/10000
[2026-05-28 18:06:11,937][root][INFO] - Finished replay epoch 7792/10000
| pretrain       | Iter: 0 | T: 14:24:41 | BS: 3392 | Batched Update FPS: 3.0466
[2026-05-28 18:06:17,180][root][INFO] - Finished replay epoch 7793/10000
[2026-05-28 18:06:22,441][root][INFO] - Finished replay epoch 7794/10000
[2026-05-28 18:06:26,787][root][INFO] - Finished replay epoch 7795/10000
[2026-05-28 18:06:30,527][root][INFO] - Finished replay epoch 7796/10000
| pretrain       | Iter: 0 | T: 14:24:58 | BS: 3392 | Batched Update FPS: 4.9456
[2026-05-28 18:06:35,094][root][INFO] - Finished replay epoch 7797/10000
[2026-05-28 18:06:40,223][root][INFO] - Finished replay epoch 7798/10000
[2026-05-28 18:06:45,682][root][INFO] - Finished replay epoch 7799/10000
[2026-05-28 18:06:51,410][root][INFO] - Finished replay epoch 7800/10000
| pretrain       | Iter: 0 | T: 14:25:19 | BS: 3392 | Batched Update FPS: 3.0779
[2026-05-28 18:06:57,081][root][INFO] - Finished replay epoch 7801/10000
[2026-05-28 18:07:02,784][root][INFO] - Finished replay epoch 7802/10000
[2026-05-28 18:07:08,345][root][INFO] - Finished replay epoch 7803/10000
| pretrain       | Iter: 0 | T: 14:25:40 | BS: 3392 | Batched Update FPS: 4.9185
[2026-05-28 18:07:13,832][root][INFO] - Finished replay epoch 7804/10000
[2026-05-28 18:07:19,608][root][INFO] - Finished replay epoch 7805/10000
[2026-05-28 18:07:24,639][root][INFO] - Finished replay epoch 7806/10000
[2026-05-28 18:07:30,034][root][INFO] - Finished replay epoch 7807/10000
| pretrain       | Iter: 0 | T: 14:26:01 | BS: 3392 | Batched Update FPS: 5.4307
[2026-05-28 18:07:35,472][root][INFO] - Finished replay epoch 7808/10000
[2026-05-28 18:07:40,699][root][INFO] - Finished replay epoch 7809/10000
[2026-05-28 18:07:45,880][root][INFO] - Finished replay epoch 7810/10000
[2026-05-28 18:07:51,409][root][INFO] - Finished replay epoch 7811/10000
| pretrain       | Iter: 0 | T: 14:26:21 | BS: 3392 | Batched Update FPS: 3.9603
[2026-05-28 18:07:56,790][root][INFO] - Finished replay epoch 7812/10000
[2026-05-28 18:08:02,450][root][INFO] - Finished replay epoch 7813/10000
[2026-05-28 18:08:08,612][root][INFO] - Finished replay epoch 7814/10000
[2026-05-28 18:08:13,746][root][INFO] - Finished replay epoch 7815/10000
| pretrain       | Iter: 0 | T: 14:26:43 | BS: 3392 | Batched Update FPS: 4.0631
[2026-05-28 18:08:18,889][root][INFO] - Finished replay epoch 7816/10000
[2026-05-28 18:08:24,257][root][INFO] - Finished replay epoch 7817/10000
[2026-05-28 18:08:30,028][root][INFO] - Finished replay epoch 7818/10000
[2026-05-28 18:08:35,582][root][INFO] - Finished replay epoch 7819/10000
| pretrain       | Iter: 0 | T: 14:27:05 | BS: 3392 | Batched Update FPS: 2.6560
[2026-05-28 18:08:42,701][root][INFO] - Finished replay epoch 7820/10000
[2026-05-28 18:08:48,107][root][INFO] - Finished replay epoch 7821/10000
[2026-05-28 18:08:53,360][root][INFO] - Finished replay epoch 7822/10000
[2026-05-28 18:08:58,237][root][INFO] - Finished replay epoch 7823/10000
| pretrain       | Iter: 0 | T: 14:27:26 | BS: 3392 | Batched Update FPS: 5.0602
[2026-05-28 18:09:02,850][root][INFO] - Finished replay epoch 7824/10000
[2026-05-28 18:09:08,463][root][INFO] - Finished replay epoch 7825/10000
[2026-05-28 18:09:13,993][root][INFO] - Finished replay epoch 7826/10000
| pretrain       | Iter: 0 | T: 14:27:46 | BS: 3392 | Batched Update FPS: 4.1865
[2026-05-28 18:09:19,276][root][INFO] - Finished replay epoch 7827/10000
[2026-05-28 18:09:23,838][root][INFO] - Finished replay epoch 7828/10000
[2026-05-28 18:09:28,941][root][INFO] - Finished replay epoch 7829/10000
[2026-05-28 18:09:34,232][root][INFO] - Finished replay epoch 7830/10000
| pretrain       | Iter: 0 | T: 14:28:06 | BS: 3392 | Batched Update FPS: 4.3073
[2026-05-28 18:09:40,312][root][INFO] - Finished replay epoch 7831/10000
[2026-05-28 18:09:46,029][root][INFO] - Finished replay epoch 7832/10000
[2026-05-28 18:09:50,586][root][INFO] - Finished replay epoch 7833/10000
[2026-05-28 18:09:56,022][root][INFO] - Finished replay epoch 7834/10000
| pretrain       | Iter: 0 | T: 14:28:27 | BS: 3392 | Batched Update FPS: 3.8762
[2026-05-28 18:10:01,398][root][INFO] - Finished replay epoch 7835/10000
[2026-05-28 18:10:06,785][root][INFO] - Finished replay epoch 7836/10000
[2026-05-28 18:10:12,209][root][INFO] - Finished replay epoch 7837/10000
[2026-05-28 18:10:17,722][root][INFO] - Finished replay epoch 7838/10000
| pretrain       | Iter: 0 | T: 14:28:47 | BS: 3392 | Batched Update FPS: 4.7860
[2026-05-28 18:10:22,622][root][INFO] - Finished replay epoch 7839/10000
[2026-05-28 18:10:27,854][root][INFO] - Finished replay epoch 7840/10000
[2026-05-28 18:10:33,472][root][INFO] - Finished replay epoch 7841/10000
[2026-05-28 18:10:38,660][root][INFO] - Finished replay epoch 7842/10000
| pretrain       | Iter: 0 | T: 14:29:08 | BS: 3392 | Batched Update FPS: 3.7307
[2026-05-28 18:10:44,956][root][INFO] - Finished replay epoch 7843/10000
[2026-05-28 18:10:50,504][root][INFO] - Finished replay epoch 7844/10000
[2026-05-28 18:10:56,152][root][INFO] - Finished replay epoch 7845/10000
[2026-05-28 18:11:01,682][root][INFO] - Finished replay epoch 7846/10000
| pretrain       | Iter: 0 | T: 14:29:30 | BS: 3392 | Batched Update FPS: 4.2074
[2026-05-28 18:11:07,786][root][INFO] - Finished replay epoch 7847/10000
[2026-05-28 18:11:13,264][root][INFO] - Finished replay epoch 7848/10000
[2026-05-28 18:11:19,230][root][INFO] - Finished replay epoch 7849/10000
[2026-05-28 18:11:24,878][root][INFO] - Finished replay epoch 7850/10000
| pretrain       | Iter: 0 | T: 14:29:52 | BS: 3392 | Batched Update FPS: 2.9482
[2026-05-28 18:11:30,203][root][INFO] - Finished replay epoch 7851/10000
[2026-05-28 18:11:35,403][root][INFO] - Finished replay epoch 7852/10000
[2026-05-28 18:11:40,523][root][INFO] - Finished replay epoch 7853/10000
| pretrain       | Iter: 0 | T: 14:30:13 | BS: 3392 | Batched Update FPS: 2.2570
[2026-05-28 18:11:47,406][root][INFO] - Finished replay epoch 7854/10000
[2026-05-28 18:11:54,632][root][INFO] - Finished replay epoch 7855/10000
[2026-05-28 18:12:01,132][root][INFO] - Finished replay epoch 7856/10000
[2026-05-28 18:12:08,640][root][INFO] - Finished replay epoch 7857/10000
| pretrain       | Iter: 0 | T: 14:30:40 | BS: 3392 | Batched Update FPS: 3.9346
[2026-05-28 18:12:15,087][root][INFO] - Finished replay epoch 7858/10000
[2026-05-28 18:12:21,992][root][INFO] - Finished replay epoch 7859/10000
[2026-05-28 18:12:29,439][root][INFO] - Finished replay epoch 7860/10000
[2026-05-28 18:12:36,624][root][INFO] - Finished replay epoch 7861/10000
| pretrain       | Iter: 0 | T: 14:31:08 | BS: 3392 | Batched Update FPS: 3.1092
[2026-05-28 18:12:44,101][root][INFO] - Finished replay epoch 7862/10000
[2026-05-28 18:12:51,129][root][INFO] - Finished replay epoch 7863/10000
[2026-05-28 18:12:57,740][root][INFO] - Finished replay epoch 7864/10000
[2026-05-28 18:13:05,051][root][INFO] - Finished replay epoch 7865/10000
| pretrain       | Iter: 0 | T: 14:31:35 | BS: 3392 | Batched Update FPS: 2.0895
[2026-05-28 18:13:12,864][root][INFO] - Finished replay epoch 7866/10000
[2026-05-28 18:13:19,808][root][INFO] - Finished replay epoch 7867/10000
[2026-05-28 18:13:27,021][root][INFO] - Finished replay epoch 7868/10000
[2026-05-28 18:13:34,035][root][INFO] - Finished replay epoch 7869/10000
| pretrain       | Iter: 0 | T: 14:32:03 | BS: 3392 | Batched Update FPS: 2.9900
[2026-05-28 18:13:40,708][root][INFO] - Finished replay epoch 7870/10000
[2026-05-28 18:13:47,598][root][INFO] - Finished replay epoch 7871/10000
[2026-05-28 18:13:54,462][root][INFO] - Finished replay epoch 7872/10000
[2026-05-28 18:14:01,613][root][INFO] - Finished replay epoch 7873/10000
| pretrain       | Iter: 0 | T: 14:32:29 | BS: 3392 | Batched Update FPS: 3.1507
[2026-05-28 18:14:08,749][root][INFO] - Finished replay epoch 7874/10000
[2026-05-28 18:14:15,127][root][INFO] - Finished replay epoch 7875/10000
[2026-05-28 18:14:21,838][root][INFO] - Finished replay epoch 7876/10000
| pretrain       | Iter: 0 | T: 14:32:55 | BS: 3392 | Batched Update FPS: 3.0814
[2026-05-28 18:14:28,617][root][INFO] - Finished replay epoch 7877/10000
[2026-05-28 18:14:35,316][root][INFO] - Finished replay epoch 7878/10000
[2026-05-28 18:14:42,220][root][INFO] - Finished replay epoch 7879/10000
[2026-05-28 18:14:48,850][root][INFO] - Finished replay epoch 7880/10000
| pretrain       | Iter: 0 | T: 14:33:22 | BS: 3392 | Batched Update FPS: 3.5948
[2026-05-28 18:14:55,849][root][INFO] - Finished replay epoch 7881/10000
[2026-05-28 18:15:03,062][root][INFO] - Finished replay epoch 7882/10000
[2026-05-28 18:15:09,547][root][INFO] - Finished replay epoch 7883/10000
[2026-05-28 18:15:16,416][root][INFO] - Finished replay epoch 7884/10000
| pretrain       | Iter: 0 | T: 14:33:48 | BS: 3392 | Batched Update FPS: 2.6202
wandb: WARNING `format` argument was not provided, defaulting to `gif`. This parameter will be required in v0.20.0, please specify the format explicitly.
wandb: Encoding video...
| pretrain_eval  | Iter: 0 | S: 205000 | E: 0 | L: 200 | R: 0.0000 | T: 14:36:22
[2026-05-28 18:18:04,321][root][INFO] - Finished replay epoch 7885/10000
[2026-05-28 18:18:11,528][root][INFO] - Finished replay epoch 7886/10000
[2026-05-28 18:18:18,721][root][INFO] - Finished replay epoch 7887/10000
[2026-05-28 18:18:25,815][root][INFO] - Finished replay epoch 7888/10000
| pretrain       | Iter: 0 | T: 14:36:56 | BS: 3392 | Batched Update FPS: 3.3047
[2026-05-28 18:18:32,695][root][INFO] - Finished replay epoch 7889/10000
[2026-05-28 18:18:39,704][root][INFO] - Finished replay epoch 7890/10000
[2026-05-28 18:18:46,799][root][INFO] - Finished replay epoch 7891/10000
[2026-05-28 18:18:53,775][root][INFO] - Finished replay epoch 7892/10000
| pretrain       | Iter: 0 | T: 14:37:23 | BS: 3392 | Batched Update FPS: 3.6726
[2026-05-28 18:19:00,685][root][INFO] - Finished replay epoch 7893/10000
[2026-05-28 18:19:07,685][root][INFO] - Finished replay epoch 7894/10000
[2026-05-28 18:19:15,124][root][INFO] - Finished replay epoch 7895/10000
[2026-05-28 18:19:21,509][root][INFO] - Finished replay epoch 7896/10000
| pretrain       | Iter: 0 | T: 14:37:50 | BS: 3392 | Batched Update FPS: 1.9472
[2026-05-28 18:19:28,362][root][INFO] - Finished replay epoch 7897/10000
[2026-05-28 18:19:35,419][root][INFO] - Finished replay epoch 7898/10000
[2026-05-28 18:19:42,945][root][INFO] - Finished replay epoch 7899/10000
[2026-05-28 18:19:51,271][root][INFO] - Finished replay epoch 7900/10000
| pretrain       | Iter: 0 | T: 14:38:19 | BS: 3392 | Batched Update FPS: 2.7946
[2026-05-28 18:19:58,335][root][INFO] - Finished replay epoch 7901/10000
[2026-05-28 18:20:05,390][root][INFO] - Finished replay epoch 7902/10000
[2026-05-28 18:20:12,870][root][INFO] - Finished replay epoch 7903/10000
| pretrain       | Iter: 0 | T: 14:38:47 | BS: 3392 | Batched Update FPS: 2.3549
[2026-05-28 18:20:20,519][root][INFO] - Finished replay epoch 7904/10000
[2026-05-28 18:20:27,833][root][INFO] - Finished replay epoch 7905/10000
[2026-05-28 18:20:34,649][root][INFO] - Finished replay epoch 7906/10000
[2026-05-28 18:20:41,965][root][INFO] - Finished replay epoch 7907/10000
| pretrain       | Iter: 0 | T: 14:39:15 | BS: 3392 | Batched Update FPS: 2.4962
[2026-05-28 18:20:49,833][root][INFO] - Finished replay epoch 7908/10000
[2026-05-28 18:20:57,198][root][INFO] - Finished replay epoch 7909/10000
[2026-05-28 18:21:04,344][root][INFO] - Finished replay epoch 7910/10000
[2026-05-28 18:21:11,627][root][INFO] - Finished replay epoch 7911/10000
| pretrain       | Iter: 0 | T: 14:39:43 | BS: 3392 | Batched Update FPS: 3.3415
[2026-05-28 18:21:19,559][root][INFO] - Finished replay epoch 7912/10000
[2026-05-28 18:21:26,264][root][INFO] - Finished replay epoch 7913/10000
[2026-05-28 18:21:33,933][root][INFO] - Finished replay epoch 7914/10000
[2026-05-28 18:21:41,207][root][INFO] - Finished replay epoch 7915/10000
| pretrain       | Iter: 0 | T: 14:40:11 | BS: 3392 | Batched Update FPS: 3.4107
[2026-05-28 18:21:48,359][root][INFO] - Finished replay epoch 7916/10000
[2026-05-28 18:21:56,707][root][INFO] - Finished replay epoch 7917/10000
[2026-05-28 18:22:05,969][root][INFO] - Finished replay epoch 7918/10000
[2026-05-28 18:22:14,996][root][INFO] - Finished replay epoch 7919/10000
| pretrain       | Iter: 0 | T: 14:40:45 | BS: 3392 | Batched Update FPS: 3.3460
[2026-05-28 18:22:25,610][root][INFO] - Finished replay epoch 7920/10000
[2026-05-28 18:22:35,083][root][INFO] - Finished replay epoch 7921/10000
[2026-05-28 18:22:44,744][root][INFO] - Finished replay epoch 7922/10000
[2026-05-28 18:22:54,346][root][INFO] - Finished replay epoch 7923/10000
| pretrain       | Iter: 0 | T: 14:41:23 | BS: 3392 | Batched Update FPS: 2.1559
[2026-05-28 18:23:04,199][root][INFO] - Finished replay epoch 7924/10000
[2026-05-28 18:23:12,834][root][INFO] - Finished replay epoch 7925/10000
[2026-05-28 18:23:22,101][root][INFO] - Finished replay epoch 7926/10000
| pretrain       | Iter: 0 | T: 14:41:57 | BS: 3392 | Batched Update FPS: 2.6095
[2026-05-28 18:23:30,721][root][INFO] - Finished replay epoch 7927/10000
[2026-05-28 18:23:39,511][root][INFO] - Finished replay epoch 7928/10000
[2026-05-28 18:23:48,017][root][INFO] - Finished replay epoch 7929/10000
[2026-05-28 18:23:56,029][root][INFO] - Finished replay epoch 7930/10000
| pretrain       | Iter: 0 | T: 14:42:30 | BS: 3392 | Batched Update FPS: 2.5513
[2026-05-28 18:24:04,556][root][INFO] - Finished replay epoch 7931/10000
[2026-05-28 18:24:13,348][root][INFO] - Finished replay epoch 7932/10000
[2026-05-28 18:24:22,270][root][INFO] - Finished replay epoch 7933/10000
[2026-05-28 18:24:30,568][root][INFO] - Finished replay epoch 7934/10000
| pretrain       | Iter: 0 | T: 14:43:04 | BS: 3392 | Batched Update FPS: 2.2039
[2026-05-28 18:24:39,996][root][INFO] - Finished replay epoch 7935/10000
[2026-05-28 18:24:48,601][root][INFO] - Finished replay epoch 7936/10000
[2026-05-28 18:24:56,918][root][INFO] - Finished replay epoch 7937/10000
[2026-05-28 18:25:05,149][root][INFO] - Finished replay epoch 7938/10000
| pretrain       | Iter: 0 | T: 14:43:36 | BS: 3392 | Batched Update FPS: 3.5137
[2026-05-28 18:25:13,218][root][INFO] - Finished replay epoch 7939/10000
[2026-05-28 18:25:21,888][root][INFO] - Finished replay epoch 7940/10000
[2026-05-28 18:25:30,258][root][INFO] - Finished replay epoch 7941/10000
[2026-05-28 18:25:38,691][root][INFO] - Finished replay epoch 7942/10000
| pretrain       | Iter: 0 | T: 14:44:09 | BS: 3392 | Batched Update FPS: 3.1867
[2026-05-28 18:25:47,260][root][INFO] - Finished replay epoch 7943/10000
[2026-05-28 18:25:56,355][root][INFO] - Finished replay epoch 7944/10000
[2026-05-28 18:26:04,613][root][INFO] - Finished replay epoch 7945/10000
[2026-05-28 18:26:13,033][root][INFO] - Finished replay epoch 7946/10000
| pretrain       | Iter: 0 | T: 14:44:42 | BS: 3392 | Batched Update FPS: 3.3636
[2026-05-28 18:26:21,246][root][INFO] - Finished replay epoch 7947/10000
[2026-05-28 18:26:29,244][root][INFO] - Finished replay epoch 7948/10000
[2026-05-28 18:26:36,990][root][INFO] - Finished replay epoch 7949/10000
[2026-05-28 18:26:45,129][root][INFO] - Finished replay epoch 7950/10000
| pretrain       | Iter: 0 | T: 14:45:12 | BS: 3392 | Batched Update FPS: 3.4584
[2026-05-28 18:26:53,650][root][INFO] - Finished replay epoch 7951/10000
[2026-05-28 18:27:03,247][root][INFO] - Finished replay epoch 7952/10000
[2026-05-28 18:27:12,856][root][INFO] - Finished replay epoch 7953/10000
| pretrain       | Iter: 0 | T: 14:45:48 | BS: 3392 | Batched Update FPS: 2.2944
[2026-05-28 18:27:22,208][root][INFO] - Finished replay epoch 7954/10000
[2026-05-28 18:27:30,777][root][INFO] - Finished replay epoch 7955/10000
[2026-05-28 18:27:39,370][root][INFO] - Finished replay epoch 7956/10000
[2026-05-28 18:27:46,280][root][INFO] - Finished replay epoch 7957/10000
| pretrain       | Iter: 0 | T: 14:46:18 | BS: 3392 | Batched Update FPS: 3.6620
[2026-05-28 18:27:52,703][root][INFO] - Finished replay epoch 7958/10000
[2026-05-28 18:27:59,711][root][INFO] - Finished replay epoch 7959/10000
[2026-05-28 18:28:05,694][root][INFO] - Finished replay epoch 7960/10000
[2026-05-28 18:28:12,089][root][INFO] - Finished replay epoch 7961/10000
| pretrain       | Iter: 0 | T: 14:46:43 | BS: 3392 | Batched Update FPS: 4.1210
[2026-05-28 18:28:18,627][root][INFO] - Finished replay epoch 7962/10000
[2026-05-28 18:28:25,936][root][INFO] - Finished replay epoch 7963/10000
[2026-05-28 18:28:32,528][root][INFO] - Finished replay epoch 7964/10000
[2026-05-28 18:28:38,656][root][INFO] - Finished replay epoch 7965/10000
| pretrain       | Iter: 0 | T: 14:47:09 | BS: 3392 | Batched Update FPS: 2.8653
[2026-05-28 18:28:45,527][root][INFO] - Finished replay epoch 7966/10000
[2026-05-28 18:28:51,787][root][INFO] - Finished replay epoch 7967/10000
[2026-05-28 18:28:58,218][root][INFO] - Finished replay epoch 7968/10000
[2026-05-28 18:29:04,343][root][INFO] - Finished replay epoch 7969/10000
| pretrain       | Iter: 0 | T: 14:47:33 | BS: 3392 | Batched Update FPS: 4.4180
[2026-05-28 18:29:11,186][root][INFO] - Finished replay epoch 7970/10000
[2026-05-28 18:29:16,619][root][INFO] - Finished replay epoch 7971/10000
[2026-05-28 18:29:23,369][root][INFO] - Finished replay epoch 7972/10000
[2026-05-28 18:29:29,777][root][INFO] - Finished replay epoch 7973/10000
| pretrain       | Iter: 0 | T: 14:47:57 | BS: 3392 | Batched Update FPS: 3.6617
[2026-05-28 18:29:36,792][root][INFO] - Finished replay epoch 7974/10000
[2026-05-28 18:29:42,773][root][INFO] - Finished replay epoch 7975/10000
[2026-05-28 18:29:49,634][root][INFO] - Finished replay epoch 7976/10000
| pretrain       | Iter: 0 | T: 14:48:23 | BS: 3392 | Batched Update FPS: 4.3844
[2026-05-28 18:29:56,436][root][INFO] - Finished replay epoch 7977/10000
[2026-05-28 18:30:04,175][root][INFO] - Finished replay epoch 7978/10000
[2026-05-28 18:30:10,126][root][INFO] - Finished replay epoch 7979/10000
[2026-05-28 18:30:18,433][root][INFO] - Finished replay epoch 7980/10000
| pretrain       | Iter: 0 | T: 14:48:52 | BS: 3392 | Batched Update FPS: 3.4614
wandb: WARNING `format` argument was not provided, defaulting to `gif`. This parameter will be required in v0.20.0, please specify the format explicitly.
wandb: Encoding video...
| pretrain_eval  | Iter: 0 | S: 207500 | E: 0 | L: 200 | R: 0.0000 | T: 14:51:45
[2026-05-28 18:33:26,091][root][INFO] - Finished replay epoch 7981/10000
[2026-05-28 18:33:33,649][root][INFO] - Finished replay epoch 7982/10000
[2026-05-28 18:33:41,126][root][INFO] - Finished replay epoch 7983/10000
[2026-05-28 18:33:48,974][root][INFO] - Finished replay epoch 7984/10000
| pretrain       | Iter: 0 | T: 14:52:21 | BS: 3392 | Batched Update FPS: 3.1768
[2026-05-28 18:33:56,890][root][INFO] - Finished replay epoch 7985/10000
[2026-05-28 18:34:04,017][root][INFO] - Finished replay epoch 7986/10000
[2026-05-28 18:34:11,583][root][INFO] - Finished replay epoch 7987/10000
[2026-05-28 18:34:19,135][root][INFO] - Finished replay epoch 7988/10000
| pretrain       | Iter: 0 | T: 14:52:50 | BS: 3392 | Batched Update FPS: 4.2014
[2026-05-28 18:34:26,185][root][INFO] - Finished replay epoch 7989/10000
[2026-05-28 18:34:32,889][root][INFO] - Finished replay epoch 7990/10000
[2026-05-28 18:34:40,702][root][INFO] - Finished replay epoch 7991/10000
[2026-05-28 18:34:48,205][root][INFO] - Finished replay epoch 7992/10000
| pretrain       | Iter: 0 | T: 14:53:18 | BS: 3392 | Batched Update FPS: 2.2845
[2026-05-28 18:34:55,393][root][INFO] - Finished replay epoch 7993/10000
[2026-05-28 18:35:03,636][root][INFO] - Finished replay epoch 7994/10000
[2026-05-28 18:35:11,744][root][INFO] - Finished replay epoch 7995/10000
[2026-05-28 18:35:19,451][root][INFO] - Finished replay epoch 7996/10000
| pretrain       | Iter: 0 | T: 14:53:48 | BS: 3392 | Batched Update FPS: 3.7367
[2026-05-28 18:35:26,502][root][INFO] - Finished replay epoch 7997/10000
[2026-05-28 18:35:33,808][root][INFO] - Finished replay epoch 7998/10000
[2026-05-28 18:35:41,303][root][INFO] - Finished replay epoch 7999/10000
[2026-05-28 18:35:49,357][root][INFO] - Finished replay epoch 8000/10000
| pretrain       | Iter: 0 | T: 14:54:17 | BS: 3392 | Batched Update FPS: 2.8164
[2026-05-28 18:35:57,157][root][INFO] - Finished replay epoch 8001/10000
[2026-05-28 18:36:04,570][root][INFO] - Finished replay epoch 8002/10000
[2026-05-28 18:36:12,431][root][INFO] - Finished replay epoch 8003/10000
| pretrain       | Iter: 0 | T: 14:54:46 | BS: 3392 | Batched Update FPS: 3.2957
[2026-05-28 18:36:19,587][root][INFO] - Finished replay epoch 8004/10000
[2026-05-28 18:36:27,017][root][INFO] - Finished replay epoch 8005/10000
[2026-05-28 18:36:34,157][root][INFO] - Finished replay epoch 8006/10000
[2026-05-28 18:36:41,263][root][INFO] - Finished replay epoch 8007/10000
| pretrain       | Iter: 0 | T: 14:55:13 | BS: 3392 | Batched Update FPS: 2.1977
[2026-05-28 18:36:47,905][root][INFO] - Finished replay epoch 8008/10000
[2026-05-28 18:36:54,750][root][INFO] - Finished replay epoch 8009/10000
[2026-05-28 18:37:01,569][root][INFO] - Finished replay epoch 8010/10000
[2026-05-28 18:37:08,036][root][INFO] - Finished replay epoch 8011/10000
| pretrain       | Iter: 0 | T: 14:55:39 | BS: 3392 | Batched Update FPS: 2.5431
[2026-05-28 18:37:14,861][root][INFO] - Finished replay epoch 8012/10000
[2026-05-28 18:37:21,298][root][INFO] - Finished replay epoch 8013/10000
[2026-05-28 18:37:28,224][root][INFO] - Finished replay epoch 8014/10000
[2026-05-28 18:37:34,831][root][INFO] - Finished replay epoch 8015/10000
| pretrain       | Iter: 0 | T: 14:56:05 | BS: 3392 | Batched Update FPS: 2.3322
[2026-05-28 18:37:41,318][root][INFO] - Finished replay epoch 8016/10000
[2026-05-28 18:37:47,960][root][INFO] - Finished replay epoch 8017/10000
[2026-05-28 18:37:54,507][root][INFO] - Finished replay epoch 8018/10000
[2026-05-28 18:38:01,536][root][INFO] - Finished replay epoch 8019/10000
| pretrain       | Iter: 0 | T: 14:56:30 | BS: 3392 | Batched Update FPS: 3.1577
[2026-05-28 18:38:08,241][root][INFO] - Finished replay epoch 8020/10000
[2026-05-28 18:38:14,784][root][INFO] - Finished replay epoch 8021/10000
[2026-05-28 18:38:21,955][root][INFO] - Finished replay epoch 8022/10000
[2026-05-28 18:38:28,650][root][INFO] - Finished replay epoch 8023/10000
| pretrain       | Iter: 0 | T: 14:56:56 | BS: 3392 | Batched Update FPS: 3.3728
[2026-05-28 18:38:35,510][root][INFO] - Finished replay epoch 8024/10000
[2026-05-28 18:38:42,447][root][INFO] - Finished replay epoch 8025/10000
[2026-05-28 18:38:48,748][root][INFO] - Finished replay epoch 8026/10000
| pretrain       | Iter: 0 | T: 14:57:23 | BS: 3392 | Batched Update FPS: 2.5058
[2026-05-28 18:38:56,154][root][INFO] - Finished replay epoch 8027/10000
[2026-05-28 18:39:02,841][root][INFO] - Finished replay epoch 8028/10000
[2026-05-28 18:39:09,440][root][INFO] - Finished replay epoch 8029/10000
[2026-05-28 18:39:16,247][root][INFO] - Finished replay epoch 8030/10000
| pretrain       | Iter: 0 | T: 14:57:49 | BS: 3392 | Batched Update FPS: 3.2492
[2026-05-28 18:39:22,828][root][INFO] - Finished replay epoch 8031/10000
[2026-05-28 18:39:29,390][root][INFO] - Finished replay epoch 8032/10000
[2026-05-28 18:39:36,156][root][INFO] - Finished replay epoch 8033/10000
[2026-05-28 18:39:42,627][root][INFO] - Finished replay epoch 8034/10000
| pretrain       | Iter: 0 | T: 14:58:15 | BS: 3392 | Batched Update FPS: 2.3343
[2026-05-28 18:39:50,135][root][INFO] - Finished replay epoch 8035/10000
[2026-05-28 18:39:56,347][root][INFO] - Finished replay epoch 8036/10000
[2026-05-28 18:40:03,472][root][INFO] - Finished replay epoch 8037/10000
[2026-05-28 18:40:10,164][root][INFO] - Finished replay epoch 8038/10000
| pretrain       | Iter: 0 | T: 14:58:41 | BS: 3392 | Batched Update FPS: 4.3031
[2026-05-28 18:40:17,081][root][INFO] - Finished replay epoch 8039/10000
[2026-05-28 18:40:23,541][root][INFO] - Finished replay epoch 8040/10000
[2026-05-28 18:40:30,726][root][INFO] - Finished replay epoch 8041/10000
[2026-05-28 18:40:37,633][root][INFO] - Finished replay epoch 8042/10000
| pretrain       | Iter: 0 | T: 14:59:07 | BS: 3392 | Batched Update FPS: 2.8895
[2026-05-28 18:40:44,876][root][INFO] - Finished replay epoch 8043/10000
[2026-05-28 18:40:50,394][root][INFO] - Finished replay epoch 8044/10000
[2026-05-28 18:40:55,648][root][INFO] - Finished replay epoch 8045/10000
[2026-05-28 18:41:00,913][root][INFO] - Finished replay epoch 8046/10000
| pretrain       | Iter: 0 | T: 14:59:29 | BS: 3392 | Batched Update FPS: 3.1140
[2026-05-28 18:41:06,245][root][INFO] - Finished replay epoch 8047/10000
[2026-05-28 18:41:11,484][root][INFO] - Finished replay epoch 8048/10000
[2026-05-28 18:41:16,709][root][INFO] - Finished replay epoch 8049/10000
[2026-05-28 18:41:21,918][root][INFO] - Finished replay epoch 8050/10000
| pretrain       | Iter: 0 | T: 14:59:49 | BS: 3392 | Batched Update FPS: 5.1452
[2026-05-28 18:41:27,124][root][INFO] - Finished replay epoch 8051/10000
[2026-05-28 18:41:32,342][root][INFO] - Finished replay epoch 8052/10000
[2026-05-28 18:41:37,557][root][INFO] - Finished replay epoch 8053/10000
| pretrain       | Iter: 0 | T: 15:00:09 | BS: 3392 | Batched Update FPS: 3.0519
[2026-05-28 18:41:42,779][root][INFO] - Finished replay epoch 8054/10000
[2026-05-28 18:41:47,943][root][INFO] - Finished replay epoch 8055/10000
[2026-05-28 18:41:53,157][root][INFO] - Finished replay epoch 8056/10000
[2026-05-28 18:41:58,426][root][INFO] - Finished replay epoch 8057/10000
| pretrain       | Iter: 0 | T: 15:00:29 | BS: 3392 | Batched Update FPS: 3.9228
[2026-05-28 18:42:03,738][root][INFO] - Finished replay epoch 8058/10000
[2026-05-28 18:42:09,001][root][INFO] - Finished replay epoch 8059/10000
[2026-05-28 18:42:14,196][root][INFO] - Finished replay epoch 8060/10000
[2026-05-28 18:42:19,471][root][INFO] - Finished replay epoch 8061/10000
| pretrain       | Iter: 0 | T: 15:00:49 | BS: 3392 | Batched Update FPS: 4.0829
[2026-05-28 18:42:24,599][root][INFO] - Finished replay epoch 8062/10000
[2026-05-28 18:42:29,718][root][INFO] - Finished replay epoch 8063/10000
[2026-05-28 18:42:34,954][root][INFO] - Finished replay epoch 8064/10000
[2026-05-28 18:42:40,202][root][INFO] - Finished replay epoch 8065/10000
| pretrain       | Iter: 0 | T: 15:01:09 | BS: 3392 | Batched Update FPS: 4.0122
[2026-05-28 18:42:45,442][root][INFO] - Finished replay epoch 8066/10000
[2026-05-28 18:42:50,697][root][INFO] - Finished replay epoch 8067/10000
[2026-05-28 18:42:55,920][root][INFO] - Finished replay epoch 8068/10000
[2026-05-28 18:43:01,090][root][INFO] - Finished replay epoch 8069/10000
| pretrain       | Iter: 0 | T: 15:01:30 | BS: 3392 | Batched Update FPS: 3.1234
[2026-05-28 18:43:06,224][root][INFO] - Finished replay epoch 8070/10000
[2026-05-28 18:43:11,513][root][INFO] - Finished replay epoch 8071/10000
[2026-05-28 18:43:16,691][root][INFO] - Finished replay epoch 8072/10000
[2026-05-28 18:43:21,929][root][INFO] - Finished replay epoch 8073/10000
| pretrain       | Iter: 0 | T: 15:01:50 | BS: 3392 | Batched Update FPS: 3.5713
[2026-05-28 18:43:27,069][root][INFO] - Finished replay epoch 8074/10000
[2026-05-28 18:43:32,279][root][INFO] - Finished replay epoch 8075/10000
[2026-05-28 18:43:37,487][root][INFO] - Finished replay epoch 8076/10000
| pretrain       | Iter: 0 | T: 15:02:10 | BS: 3392 | Batched Update FPS: 3.8435
wandb: WARNING `format` argument was not provided, defaulting to `gif`. This parameter will be required in v0.20.0, please specify the format explicitly.
wandb: Encoding video...
| pretrain_eval  | Iter: 0 | S: 210000 | E: 0 | L: 200 | R: 0.0000 | T: 15:04:32
[2026-05-28 18:46:09,903][root][INFO] - Finished replay epoch 8077/10000
[2026-05-28 18:46:15,110][root][INFO] - Finished replay epoch 8078/10000
[2026-05-28 18:46:20,328][root][INFO] - Finished replay epoch 8079/10000
[2026-05-28 18:46:25,272][root][INFO] - Finished replay epoch 8080/10000
| pretrain       | Iter: 0 | T: 15:04:56 | BS: 3392 | Batched Update FPS: 4.0732
[2026-05-28 18:46:30,078][root][INFO] - Finished replay epoch 8081/10000
[2026-05-28 18:46:35,262][root][INFO] - Finished replay epoch 8082/10000
[2026-05-28 18:46:40,477][root][INFO] - Finished replay epoch 8083/10000
[2026-05-28 18:46:45,719][root][INFO] - Finished replay epoch 8084/10000
| pretrain       | Iter: 0 | T: 15:05:16 | BS: 3392 | Batched Update FPS: 3.1901
[2026-05-28 18:46:50,952][root][INFO] - Finished replay epoch 8085/10000
[2026-05-28 18:46:56,133][root][INFO] - Finished replay epoch 8086/10000
[2026-05-28 18:47:01,309][root][INFO] - Finished replay epoch 8087/10000
[2026-05-28 18:47:06,494][root][INFO] - Finished replay epoch 8088/10000
| pretrain       | Iter: 0 | T: 15:05:36 | BS: 3392 | Batched Update FPS: 3.1141
[2026-05-28 18:47:11,671][root][INFO] - Finished replay epoch 8089/10000
[2026-05-28 18:47:16,881][root][INFO] - Finished replay epoch 8090/10000
[2026-05-28 18:47:22,093][root][INFO] - Finished replay epoch 8091/10000
[2026-05-28 18:47:27,369][root][INFO] - Finished replay epoch 8092/10000
| pretrain       | Iter: 0 | T: 15:05:56 | BS: 3392 | Batched Update FPS: 4.0038
[2026-05-28 18:47:32,591][root][INFO] - Finished replay epoch 8093/10000
[2026-05-28 18:47:37,820][root][INFO] - Finished replay epoch 8094/10000
[2026-05-28 18:47:43,075][root][INFO] - Finished replay epoch 8095/10000
[2026-05-28 18:47:48,268][root][INFO] - Finished replay epoch 8096/10000
| pretrain       | Iter: 0 | T: 15:06:16 | BS: 3392 | Batched Update FPS: 3.8381
[2026-05-28 18:47:53,484][root][INFO] - Finished replay epoch 8097/10000
[2026-05-28 18:47:58,749][root][INFO] - Finished replay epoch 8098/10000
[2026-05-28 18:48:04,005][root][INFO] - Finished replay epoch 8099/10000
[2026-05-28 18:48:09,173][root][INFO] - Finished replay epoch 8100/10000
| pretrain       | Iter: 0 | T: 15:06:36 | BS: 3392 | Batched Update FPS: 4.0000
[2026-05-28 18:48:14,447][root][INFO] - Finished replay epoch 8101/10000
[2026-05-28 18:48:19,637][root][INFO] - Finished replay epoch 8102/10000
[2026-05-28 18:48:24,834][root][INFO] - Finished replay epoch 8103/10000
| pretrain       | Iter: 0 | T: 15:06:57 | BS: 3392 | Batched Update FPS: 3.5100
[2026-05-28 18:48:30,062][root][INFO] - Finished replay epoch 8104/10000
[2026-05-28 18:48:35,239][root][INFO] - Finished replay epoch 8105/10000
[2026-05-28 18:48:40,341][root][INFO] - Finished replay epoch 8106/10000
[2026-05-28 18:48:45,563][root][INFO] - Finished replay epoch 8107/10000
| pretrain       | Iter: 0 | T: 15:07:16 | BS: 3392 | Batched Update FPS: 3.1414
[2026-05-28 18:48:50,795][root][INFO] - Finished replay epoch 8108/10000
[2026-05-28 18:48:56,013][root][INFO] - Finished replay epoch 8109/10000
[2026-05-28 18:49:01,227][root][INFO] - Finished replay epoch 8110/10000
[2026-05-28 18:49:06,429][root][INFO] - Finished replay epoch 8111/10000
| pretrain       | Iter: 0 | T: 15:07:36 | BS: 3392 | Batched Update FPS: 3.0473
[2026-05-28 18:49:11,585][root][INFO] - Finished replay epoch 8112/10000
[2026-05-28 18:49:16,764][root][INFO] - Finished replay epoch 8113/10000
[2026-05-28 18:49:21,955][root][INFO] - Finished replay epoch 8114/10000
[2026-05-28 18:49:27,128][root][INFO] - Finished replay epoch 8115/10000
| pretrain       | Iter: 0 | T: 15:07:57 | BS: 3392 | Batched Update FPS: 3.1925
[2026-05-28 18:49:32,639][root][INFO] - Finished replay epoch 8116/10000
[2026-05-28 18:49:37,742][root][INFO] - Finished replay epoch 8117/10000
[2026-05-28 18:49:42,464][root][INFO] - Finished replay epoch 8118/10000
[2026-05-28 18:49:46,264][root][INFO] - Finished replay epoch 8119/10000
| pretrain       | Iter: 0 | T: 15:08:14 | BS: 3392 | Batched Update FPS: 4.8507
[2026-05-28 18:49:50,125][root][INFO] - Finished replay epoch 8120/10000
[2026-05-28 18:49:53,931][root][INFO] - Finished replay epoch 8121/10000
[2026-05-28 18:49:57,767][root][INFO] - Finished replay epoch 8122/10000
[2026-05-28 18:50:01,612][root][INFO] - Finished replay epoch 8123/10000
| pretrain       | Iter: 0 | T: 15:08:29 | BS: 3392 | Batched Update FPS: 4.9319
[2026-05-28 18:50:05,437][root][INFO] - Finished replay epoch 8124/10000
[2026-05-28 18:50:09,313][root][INFO] - Finished replay epoch 8125/10000
[2026-05-28 18:50:13,182][root][INFO] - Finished replay epoch 8126/10000
| pretrain       | Iter: 0 | T: 15:08:44 | BS: 3392 | Batched Update FPS: 4.8607
[2026-05-28 18:50:17,035][root][INFO] - Finished replay epoch 8127/10000
[2026-05-28 18:50:20,915][root][INFO] - Finished replay epoch 8128/10000
[2026-05-28 18:50:24,837][root][INFO] - Finished replay epoch 8129/10000
[2026-05-28 18:50:28,669][root][INFO] - Finished replay epoch 8130/10000
| pretrain       | Iter: 0 | T: 15:08:59 | BS: 3392 | Batched Update FPS: 5.2857
[2026-05-28 18:50:32,575][root][INFO] - Finished replay epoch 8131/10000
[2026-05-28 18:50:36,468][root][INFO] - Finished replay epoch 8132/10000
[2026-05-28 18:50:40,323][root][INFO] - Finished replay epoch 8133/10000
[2026-05-28 18:50:44,185][root][INFO] - Finished replay epoch 8134/10000
| pretrain       | Iter: 0 | T: 15:09:14 | BS: 3392 | Batched Update FPS: 5.1240
[2026-05-28 18:50:48,029][root][INFO] - Finished replay epoch 8135/10000
[2026-05-28 18:50:51,903][root][INFO] - Finished replay epoch 8136/10000
[2026-05-28 18:50:55,792][root][INFO] - Finished replay epoch 8137/10000
[2026-05-28 18:50:59,646][root][INFO] - Finished replay epoch 8138/10000
| pretrain       | Iter: 0 | T: 15:09:29 | BS: 3392 | Batched Update FPS: 4.9736
[2026-05-28 18:51:03,542][root][INFO] - Finished replay epoch 8139/10000
[2026-05-28 18:51:07,359][root][INFO] - Finished replay epoch 8140/10000
[2026-05-28 18:51:11,232][root][INFO] - Finished replay epoch 8141/10000
[2026-05-28 18:51:15,063][root][INFO] - Finished replay epoch 8142/10000
| pretrain       | Iter: 0 | T: 15:09:43 | BS: 3392 | Batched Update FPS: 5.0241
[2026-05-28 18:51:18,912][root][INFO] - Finished replay epoch 8143/10000
[2026-05-28 18:51:22,755][root][INFO] - Finished replay epoch 8144/10000
[2026-05-28 18:51:26,648][root][INFO] - Finished replay epoch 8145/10000
[2026-05-28 18:51:30,453][root][INFO] - Finished replay epoch 8146/10000
| pretrain       | Iter: 0 | T: 15:09:58 | BS: 3392 | Batched Update FPS: 5.1759
[2026-05-28 18:51:35,569][root][INFO] - Finished replay epoch 8147/10000
[2026-05-28 18:51:40,842][root][INFO] - Finished replay epoch 8148/10000
[2026-05-28 18:51:46,058][root][INFO] - Finished replay epoch 8149/10000
[2026-05-28 18:51:51,276][root][INFO] - Finished replay epoch 8150/10000
| pretrain       | Iter: 0 | T: 15:10:19 | BS: 3392 | Batched Update FPS: 3.2948
[2026-05-28 18:51:56,477][root][INFO] - Finished replay epoch 8151/10000
[2026-05-28 18:52:01,639][root][INFO] - Finished replay epoch 8152/10000
[2026-05-28 18:52:06,871][root][INFO] - Finished replay epoch 8153/10000
| pretrain       | Iter: 0 | T: 15:10:39 | BS: 3392 | Batched Update FPS: 4.6135
[2026-05-28 18:52:12,477][root][INFO] - Finished replay epoch 8154/10000
[2026-05-28 18:52:17,656][root][INFO] - Finished replay epoch 8155/10000
[2026-05-28 18:52:22,846][root][INFO] - Finished replay epoch 8156/10000
[2026-05-28 18:52:28,071][root][INFO] - Finished replay epoch 8157/10000
| pretrain       | Iter: 0 | T: 15:10:59 | BS: 3392 | Batched Update FPS: 4.0891
[2026-05-28 18:52:33,301][root][INFO] - Finished replay epoch 8158/10000
[2026-05-28 18:52:38,545][root][INFO] - Finished replay epoch 8159/10000
[2026-05-28 18:52:43,731][root][INFO] - Finished replay epoch 8160/10000
[2026-05-28 18:52:48,970][root][INFO] - Finished replay epoch 8161/10000
| pretrain       | Iter: 0 | T: 15:11:19 | BS: 3392 | Batched Update FPS: 3.6343
[2026-05-28 18:52:54,152][root][INFO] - Finished replay epoch 8162/10000
[2026-05-28 18:52:59,345][root][INFO] - Finished replay epoch 8163/10000
[2026-05-28 18:53:04,571][root][INFO] - Finished replay epoch 8164/10000
[2026-05-28 18:53:09,818][root][INFO] - Finished replay epoch 8165/10000
| pretrain       | Iter: 0 | T: 15:11:39 | BS: 3392 | Batched Update FPS: 4.9115
[2026-05-28 18:53:15,253][root][INFO] - Finished replay epoch 8166/10000
[2026-05-28 18:53:20,303][root][INFO] - Finished replay epoch 8167/10000
[2026-05-28 18:53:25,510][root][INFO] - Finished replay epoch 8168/10000
[2026-05-28 18:53:30,822][root][INFO] - Finished replay epoch 8169/10000
| pretrain       | Iter: 0 | T: 15:11:59 | BS: 3392 | Batched Update FPS: 3.1158
[2026-05-28 18:53:36,037][root][INFO] - Finished replay epoch 8170/10000
[2026-05-28 18:53:41,281][root][INFO] - Finished replay epoch 8171/10000
[2026-05-28 18:53:46,508][root][INFO] - Finished replay epoch 8172/10000
[2026-05-28 18:53:51,712][root][INFO] - Finished replay epoch 8173/10000
| pretrain       | Iter: 0 | T: 15:12:19 | BS: 3392 | Batched Update FPS: 3.2260
wandb: WARNING `format` argument was not provided, defaulting to `gif`. This parameter will be required in v0.20.0, please specify the format explicitly.
wandb: Encoding video...
| pretrain_eval  | Iter: 0 | S: 212500 | E: 0 | L: 200 | R: 0.0000 | T: 15:14:39
[2026-05-28 18:56:20,904][root][INFO] - Finished replay epoch 8174/10000
[2026-05-28 18:56:26,103][root][INFO] - Finished replay epoch 8175/10000
[2026-05-28 18:56:31,345][root][INFO] - Finished replay epoch 8176/10000
| pretrain       | Iter: 0 | T: 15:15:03 | BS: 3392 | Batched Update FPS: 4.6379
[2026-05-28 18:56:36,465][root][INFO] - Finished replay epoch 8177/10000
[2026-05-28 18:56:41,713][root][INFO] - Finished replay epoch 8178/10000
[2026-05-28 18:56:46,814][root][INFO] - Finished replay epoch 8179/10000
[2026-05-28 18:56:51,975][root][INFO] - Finished replay epoch 8180/10000
| pretrain       | Iter: 0 | T: 15:15:23 | BS: 3392 | Batched Update FPS: 4.4422
[2026-05-28 18:56:57,188][root][INFO] - Finished replay epoch 8181/10000
[2026-05-28 18:57:02,363][root][INFO] - Finished replay epoch 8182/10000
[2026-05-28 18:57:07,545][root][INFO] - Finished replay epoch 8183/10000
[2026-05-28 18:57:12,760][root][INFO] - Finished replay epoch 8184/10000
| pretrain       | Iter: 0 | T: 15:15:43 | BS: 3392 | Batched Update FPS: 3.0917
[2026-05-28 18:57:18,024][root][INFO] - Finished replay epoch 8185/10000
[2026-05-28 18:57:23,257][root][INFO] - Finished replay epoch 8186/10000
[2026-05-28 18:57:28,458][root][INFO] - Finished replay epoch 8187/10000
[2026-05-28 18:57:33,760][root][INFO] - Finished replay epoch 8188/10000
| pretrain       | Iter: 0 | T: 15:16:03 | BS: 3392 | Batched Update FPS: 3.9989
[2026-05-28 18:57:38,985][root][INFO] - Finished replay epoch 8189/10000
[2026-05-28 18:57:43,957][root][INFO] - Finished replay epoch 8190/10000
[2026-05-28 18:57:49,048][root][INFO] - Finished replay epoch 8191/10000
[2026-05-28 18:57:54,362][root][INFO] - Finished replay epoch 8192/10000
| pretrain       | Iter: 0 | T: 15:16:23 | BS: 3392 | Batched Update FPS: 6.2220
[2026-05-28 18:57:59,756][root][INFO] - Finished replay epoch 8193/10000
[2026-05-28 18:58:04,950][root][INFO] - Finished replay epoch 8194/10000
[2026-05-28 18:58:10,133][root][INFO] - Finished replay epoch 8195/10000
[2026-05-28 18:58:15,353][root][INFO] - Finished replay epoch 8196/10000
| pretrain       | Iter: 0 | T: 15:16:43 | BS: 3392 | Batched Update FPS: 3.5773
[2026-05-28 18:58:20,568][root][INFO] - Finished replay epoch 8197/10000
[2026-05-28 18:58:25,774][root][INFO] - Finished replay epoch 8198/10000
[2026-05-28 18:58:31,029][root][INFO] - Finished replay epoch 8199/10000
[2026-05-28 18:58:36,238][root][INFO] - Finished replay epoch 8200/10000
| pretrain       | Iter: 0 | T: 15:17:03 | BS: 3392 | Batched Update FPS: 3.9576
[2026-05-28 18:58:41,457][root][INFO] - Finished replay epoch 8201/10000
[2026-05-28 18:58:46,570][root][INFO] - Finished replay epoch 8202/10000
[2026-05-28 18:58:51,813][root][INFO] - Finished replay epoch 8203/10000
| pretrain       | Iter: 0 | T: 15:17:23 | BS: 3392 | Batched Update FPS: 4.4328
[2026-05-28 18:58:57,046][root][INFO] - Finished replay epoch 8204/10000
[2026-05-28 18:59:02,217][root][INFO] - Finished replay epoch 8205/10000
[2026-05-28 18:59:07,453][root][INFO] - Finished replay epoch 8206/10000
[2026-05-28 18:59:12,622][root][INFO] - Finished replay epoch 8207/10000
| pretrain       | Iter: 0 | T: 15:17:43 | BS: 3392 | Batched Update FPS: 3.2360
[2026-05-28 18:59:17,898][root][INFO] - Finished replay epoch 8208/10000
[2026-05-28 18:59:23,008][root][INFO] - Finished replay epoch 8209/10000
[2026-05-28 18:59:28,175][root][INFO] - Finished replay epoch 8210/10000
[2026-05-28 18:59:33,439][root][INFO] - Finished replay epoch 8211/10000
| pretrain       | Iter: 0 | T: 15:18:03 | BS: 3392 | Batched Update FPS: 3.0720
[2026-05-28 18:59:38,595][root][INFO] - Finished replay epoch 8212/10000
[2026-05-28 18:59:43,780][root][INFO] - Finished replay epoch 8213/10000
[2026-05-28 18:59:49,020][root][INFO] - Finished replay epoch 8214/10000
[2026-05-28 18:59:54,196][root][INFO] - Finished replay epoch 8215/10000
| pretrain       | Iter: 0 | T: 15:18:23 | BS: 3392 | Batched Update FPS: 3.0977
[2026-05-28 18:59:59,417][root][INFO] - Finished replay epoch 8216/10000
[2026-05-28 19:00:04,626][root][INFO] - Finished replay epoch 8217/10000
[2026-05-28 19:00:09,782][root][INFO] - Finished replay epoch 8218/10000
[2026-05-28 19:00:14,726][root][INFO] - Finished replay epoch 8219/10000
| pretrain       | Iter: 0 | T: 15:18:43 | BS: 3392 | Batched Update FPS: 4.1551
[2026-05-28 19:00:19,903][root][INFO] - Finished replay epoch 8220/10000
[2026-05-28 19:00:25,146][root][INFO] - Finished replay epoch 8221/10000
[2026-05-28 19:00:30,262][root][INFO] - Finished replay epoch 8222/10000
[2026-05-28 19:00:35,439][root][INFO] - Finished replay epoch 8223/10000
| pretrain       | Iter: 0 | T: 15:19:03 | BS: 3392 | Batched Update FPS: 3.2957
[2026-05-28 19:00:40,645][root][INFO] - Finished replay epoch 8224/10000
[2026-05-28 19:00:45,826][root][INFO] - Finished replay epoch 8225/10000
[2026-05-28 19:00:51,044][root][INFO] - Finished replay epoch 8226/10000
| pretrain       | Iter: 0 | T: 15:19:23 | BS: 3392 | Batched Update FPS: 3.1529
[2026-05-28 19:00:56,277][root][INFO] - Finished replay epoch 8227/10000
[2026-05-28 19:01:01,481][root][INFO] - Finished replay epoch 8228/10000
[2026-05-28 19:01:06,708][root][INFO] - Finished replay epoch 8229/10000
[2026-05-28 19:01:11,932][root][INFO] - Finished replay epoch 8230/10000
| pretrain       | Iter: 0 | T: 15:19:43 | BS: 3392 | Batched Update FPS: 6.2398
[2026-05-28 19:01:17,408][root][INFO] - Finished replay epoch 8231/10000
[2026-05-28 19:01:22,643][root][INFO] - Finished replay epoch 8232/10000
[2026-05-28 19:01:27,809][root][INFO] - Finished replay epoch 8233/10000
[2026-05-28 19:01:33,002][root][INFO] - Finished replay epoch 8234/10000
| pretrain       | Iter: 0 | T: 15:20:03 | BS: 3392 | Batched Update FPS: 4.2088
[2026-05-28 19:01:38,196][root][INFO] - Finished replay epoch 8235/10000
[2026-05-28 19:01:43,369][root][INFO] - Finished replay epoch 8236/10000
[2026-05-28 19:01:48,528][root][INFO] - Finished replay epoch 8237/10000
[2026-05-28 19:01:53,707][root][INFO] - Finished replay epoch 8238/10000
| pretrain       | Iter: 0 | T: 15:20:23 | BS: 3392 | Batched Update FPS: 3.6172
[2026-05-28 19:01:58,898][root][INFO] - Finished replay epoch 8239/10000
[2026-05-28 19:02:04,123][root][INFO] - Finished replay epoch 8240/10000
[2026-05-28 19:02:09,302][root][INFO] - Finished replay epoch 8241/10000
[2026-05-28 19:02:14,480][root][INFO] - Finished replay epoch 8242/10000
| pretrain       | Iter: 0 | T: 15:20:43 | BS: 3392 | Batched Update FPS: 3.1501
[2026-05-28 19:02:19,694][root][INFO] - Finished replay epoch 8243/10000
[2026-05-28 19:02:24,935][root][INFO] - Finished replay epoch 8244/10000
[2026-05-28 19:02:29,891][root][INFO] - Finished replay epoch 8245/10000
[2026-05-28 19:02:35,027][root][INFO] - Finished replay epoch 8246/10000
| pretrain       | Iter: 0 | T: 15:21:03 | BS: 3392 | Batched Update FPS: 3.1575
[2026-05-28 19:02:40,295][root][INFO] - Finished replay epoch 8247/10000
[2026-05-28 19:02:45,477][root][INFO] - Finished replay epoch 8248/10000
[2026-05-28 19:02:50,700][root][INFO] - Finished replay epoch 8249/10000
[2026-05-28 19:02:55,892][root][INFO] - Finished replay epoch 8250/10000
| pretrain       | Iter: 0 | T: 15:21:23 | BS: 3392 | Batched Update FPS: 3.2795
[2026-05-28 19:03:01,065][root][INFO] - Finished replay epoch 8251/10000
[2026-05-28 19:03:06,236][root][INFO] - Finished replay epoch 8252/10000
[2026-05-28 19:03:11,428][root][INFO] - Finished replay epoch 8253/10000
| pretrain       | Iter: 0 | T: 15:21:43 | BS: 3392 | Batched Update FPS: 3.1599
[2026-05-28 19:03:16,605][root][INFO] - Finished replay epoch 8254/10000
[2026-05-28 19:03:21,801][root][INFO] - Finished replay epoch 8255/10000
[2026-05-28 19:03:27,015][root][INFO] - Finished replay epoch 8256/10000
[2026-05-28 19:03:32,248][root][INFO] - Finished replay epoch 8257/10000
| pretrain       | Iter: 0 | T: 15:22:03 | BS: 3392 | Batched Update FPS: 4.0070
[2026-05-28 19:03:37,481][root][INFO] - Finished replay epoch 8258/10000
[2026-05-28 19:03:42,742][root][INFO] - Finished replay epoch 8259/10000
[2026-05-28 19:03:47,912][root][INFO] - Finished replay epoch 8260/10000
[2026-05-28 19:03:53,061][root][INFO] - Finished replay epoch 8261/10000
| pretrain       | Iter: 0 | T: 15:22:23 | BS: 3392 | Batched Update FPS: 3.9296
[2026-05-28 19:03:58,190][root][INFO] - Finished replay epoch 8262/10000
[2026-05-28 19:04:03,432][root][INFO] - Finished replay epoch 8263/10000
[2026-05-28 19:04:08,647][root][INFO] - Finished replay epoch 8264/10000
[2026-05-28 19:04:13,895][root][INFO] - Finished replay epoch 8265/10000
| pretrain       | Iter: 0 | T: 15:22:43 | BS: 3392 | Batched Update FPS: 3.1349
[2026-05-28 19:04:19,113][root][INFO] - Finished replay epoch 8266/10000
[2026-05-28 19:04:24,309][root][INFO] - Finished replay epoch 8267/10000
[2026-05-28 19:04:29,491][root][INFO] - Finished replay epoch 8268/10000
[2026-05-28 19:04:34,675][root][INFO] - Finished replay epoch 8269/10000
| pretrain       | Iter: 0 | T: 15:23:03 | BS: 3392 | Batched Update FPS: 3.7597
wandb: WARNING `format` argument was not provided, defaulting to `gif`. This parameter will be required in v0.20.0, please specify the format explicitly.
wandb: Encoding video...
| pretrain_eval  | Iter: 0 | S: 215000 | E: 0 | L: 200 | R: 0.0000 | T: 15:25:22
[2026-05-28 19:07:03,270][root][INFO] - Finished replay epoch 8270/10000
[2026-05-28 19:07:08,485][root][INFO] - Finished replay epoch 8271/10000
[2026-05-28 19:07:13,667][root][INFO] - Finished replay epoch 8272/10000
[2026-05-28 19:07:18,814][root][INFO] - Finished replay epoch 8273/10000
| pretrain       | Iter: 0 | T: 15:25:46 | BS: 3392 | Batched Update FPS: 4.1422
[2026-05-28 19:07:24,053][root][INFO] - Finished replay epoch 8274/10000
[2026-05-28 19:07:29,275][root][INFO] - Finished replay epoch 8275/10000
[2026-05-28 19:07:34,438][root][INFO] - Finished replay epoch 8276/10000
| pretrain       | Iter: 0 | T: 15:26:06 | BS: 3392 | Batched Update FPS: 3.9761
[2026-05-28 19:07:39,754][root][INFO] - Finished replay epoch 8277/10000
[2026-05-28 19:07:44,964][root][INFO] - Finished replay epoch 8278/10000
[2026-05-28 19:07:50,122][root][INFO] - Finished replay epoch 8279/10000
[2026-05-28 19:07:55,357][root][INFO] - Finished replay epoch 8280/10000
| pretrain       | Iter: 0 | T: 15:26:27 | BS: 3392 | Batched Update FPS: 3.3474
[2026-05-28 19:08:00,623][root][INFO] - Finished replay epoch 8281/10000
[2026-05-28 19:08:05,860][root][INFO] - Finished replay epoch 8282/10000
[2026-05-28 19:08:11,081][root][INFO] - Finished replay epoch 8283/10000
[2026-05-28 19:08:16,306][root][INFO] - Finished replay epoch 8284/10000
| pretrain       | Iter: 0 | T: 15:26:47 | BS: 3392 | Batched Update FPS: 4.8208
[2026-05-28 19:08:21,491][root][INFO] - Finished replay epoch 8285/10000
[2026-05-28 19:08:26,436][root][INFO] - Finished replay epoch 8286/10000
[2026-05-28 19:08:31,642][root][INFO] - Finished replay epoch 8287/10000
[2026-05-28 19:08:36,884][root][INFO] - Finished replay epoch 8288/10000
| pretrain       | Iter: 0 | T: 15:27:06 | BS: 3392 | Batched Update FPS: 4.0649
[2026-05-28 19:08:42,077][root][INFO] - Finished replay epoch 8289/10000
[2026-05-28 19:08:47,315][root][INFO] - Finished replay epoch 8290/10000
[2026-05-28 19:08:52,554][root][INFO] - Finished replay epoch 8291/10000
[2026-05-28 19:08:57,780][root][INFO] - Finished replay epoch 8292/10000
| pretrain       | Iter: 0 | T: 15:27:27 | BS: 3392 | Batched Update FPS: 3.1662
[2026-05-28 19:09:03,001][root][INFO] - Finished replay epoch 8293/10000
[2026-05-28 19:09:08,209][root][INFO] - Finished replay epoch 8294/10000
[2026-05-28 19:09:13,418][root][INFO] - Finished replay epoch 8295/10000
[2026-05-28 19:09:18,649][root][INFO] - Finished replay epoch 8296/10000
| pretrain       | Iter: 0 | T: 15:27:47 | BS: 3392 | Batched Update FPS: 4.0534
[2026-05-28 19:09:23,915][root][INFO] - Finished replay epoch 8297/10000
[2026-05-28 19:09:29,148][root][INFO] - Finished replay epoch 8298/10000
[2026-05-28 19:09:34,369][root][INFO] - Finished replay epoch 8299/10000
[2026-05-28 19:09:39,583][root][INFO] - Finished replay epoch 8300/10000
| pretrain       | Iter: 0 | T: 15:28:07 | BS: 3392 | Batched Update FPS: 3.4515
[2026-05-28 19:09:44,824][root][INFO] - Finished replay epoch 8301/10000
[2026-05-28 19:09:50,021][root][INFO] - Finished replay epoch 8302/10000
[2026-05-28 19:09:55,254][root][INFO] - Finished replay epoch 8303/10000
| pretrain       | Iter: 0 | T: 15:28:27 | BS: 3392 | Batched Update FPS: 4.0256
[2026-05-28 19:10:00,384][root][INFO] - Finished replay epoch 8304/10000
[2026-05-28 19:10:05,562][root][INFO] - Finished replay epoch 8305/10000
[2026-05-28 19:10:10,792][root][INFO] - Finished replay epoch 8306/10000
[2026-05-28 19:10:15,928][root][INFO] - Finished replay epoch 8307/10000
| pretrain       | Iter: 0 | T: 15:28:47 | BS: 3392 | Batched Update FPS: 5.9932
[2026-05-28 19:10:21,349][root][INFO] - Finished replay epoch 8308/10000
[2026-05-28 19:10:26,560][root][INFO] - Finished replay epoch 8309/10000
[2026-05-28 19:10:31,749][root][INFO] - Finished replay epoch 8310/10000
[2026-05-28 19:10:36,924][root][INFO] - Finished replay epoch 8311/10000
| pretrain       | Iter: 0 | T: 15:29:07 | BS: 3392 | Batched Update FPS: 5.0591
[2026-05-28 19:10:42,161][root][INFO] - Finished replay epoch 8312/10000
[2026-05-28 19:10:47,419][root][INFO] - Finished replay epoch 8313/10000
[2026-05-28 19:10:52,012][root][INFO] - Finished replay epoch 8314/10000
[2026-05-28 19:10:55,823][root][INFO] - Finished replay epoch 8315/10000
| pretrain       | Iter: 0 | T: 15:29:24 | BS: 3392 | Batched Update FPS: 5.0675
[2026-05-28 19:10:59,659][root][INFO] - Finished replay epoch 8316/10000
[2026-05-28 19:11:03,488][root][INFO] - Finished replay epoch 8317/10000
[2026-05-28 19:11:07,349][root][INFO] - Finished replay epoch 8318/10000
[2026-05-28 19:11:11,214][root][INFO] - Finished replay epoch 8319/10000
| pretrain       | Iter: 0 | T: 15:29:39 | BS: 3392 | Batched Update FPS: 5.1090
[2026-05-28 19:11:15,099][root][INFO] - Finished replay epoch 8320/10000
[2026-05-28 19:11:18,962][root][INFO] - Finished replay epoch 8321/10000
[2026-05-28 19:11:22,827][root][INFO] - Finished replay epoch 8322/10000
[2026-05-28 19:11:26,643][root][INFO] - Finished replay epoch 8323/10000
| pretrain       | Iter: 0 | T: 15:29:54 | BS: 3392 | Batched Update FPS: 5.0041
[2026-05-28 19:11:30,521][root][INFO] - Finished replay epoch 8324/10000
[2026-05-28 19:11:34,350][root][INFO] - Finished replay epoch 8325/10000
[2026-05-28 19:11:38,214][root][INFO] - Finished replay epoch 8326/10000
| pretrain       | Iter: 0 | T: 15:30:09 | BS: 3392 | Batched Update FPS: 4.9537
[2026-05-28 19:11:42,119][root][INFO] - Finished replay epoch 8327/10000
[2026-05-28 19:11:45,989][root][INFO] - Finished replay epoch 8328/10000
[2026-05-28 19:11:49,814][root][INFO] - Finished replay epoch 8329/10000
[2026-05-28 19:11:53,690][root][INFO] - Finished replay epoch 8330/10000
| pretrain       | Iter: 0 | T: 15:30:24 | BS: 3392 | Batched Update FPS: 5.1232
[2026-05-28 19:11:57,557][root][INFO] - Finished replay epoch 8331/10000
[2026-05-28 19:12:01,418][root][INFO] - Finished replay epoch 8332/10000
[2026-05-28 19:12:05,322][root][INFO] - Finished replay epoch 8333/10000
[2026-05-28 19:12:09,109][root][INFO] - Finished replay epoch 8334/10000
| pretrain       | Iter: 0 | T: 15:30:39 | BS: 3392 | Batched Update FPS: 5.4162
[2026-05-28 19:12:13,153][root][INFO] - Finished replay epoch 8335/10000
[2026-05-28 19:12:18,397][root][INFO] - Finished replay epoch 8336/10000
[2026-05-28 19:12:23,601][root][INFO] - Finished replay epoch 8337/10000
[2026-05-28 19:12:28,878][root][INFO] - Finished replay epoch 8338/10000
| pretrain       | Iter: 0 | T: 15:30:59 | BS: 3392 | Batched Update FPS: 3.3434
[2026-05-28 19:12:34,095][root][INFO] - Finished replay epoch 8339/10000
[2026-05-28 19:12:39,249][root][INFO] - Finished replay epoch 8340/10000
[2026-05-28 19:12:44,417][root][INFO] - Finished replay epoch 8341/10000
[2026-05-28 19:12:49,600][root][INFO] - Finished replay epoch 8342/10000
| pretrain       | Iter: 0 | T: 15:31:18 | BS: 3392 | Batched Update FPS: 4.0232
[2026-05-28 19:12:54,756][root][INFO] - Finished replay epoch 8343/10000
[2026-05-28 19:12:59,887][root][INFO] - Finished replay epoch 8344/10000
[2026-05-28 19:13:05,065][root][INFO] - Finished replay epoch 8345/10000
[2026-05-28 19:13:10,196][root][INFO] - Finished replay epoch 8346/10000
| pretrain       | Iter: 0 | T: 15:31:38 | BS: 3392 | Batched Update FPS: 6.0169
[2026-05-28 19:13:15,624][root][INFO] - Finished replay epoch 8347/10000
[2026-05-28 19:13:20,805][root][INFO] - Finished replay epoch 8348/10000
[2026-05-28 19:13:25,964][root][INFO] - Finished replay epoch 8349/10000
[2026-05-28 19:13:31,177][root][INFO] - Finished replay epoch 8350/10000
| pretrain       | Iter: 0 | T: 15:31:58 | BS: 3392 | Batched Update FPS: 4.8667
[2026-05-28 19:13:36,339][root][INFO] - Finished replay epoch 8351/10000
[2026-05-28 19:13:41,558][root][INFO] - Finished replay epoch 8352/10000
[2026-05-28 19:13:46,705][root][INFO] - Finished replay epoch 8353/10000
| pretrain       | Iter: 0 | T: 15:32:18 | BS: 3392 | Batched Update FPS: 4.2302
[2026-05-28 19:13:51,915][root][INFO] - Finished replay epoch 8354/10000
[2026-05-28 19:13:57,138][root][INFO] - Finished replay epoch 8355/10000
[2026-05-28 19:14:02,366][root][INFO] - Finished replay epoch 8356/10000
[2026-05-28 19:14:07,545][root][INFO] - Finished replay epoch 8357/10000
| pretrain       | Iter: 0 | T: 15:32:38 | BS: 3392 | Batched Update FPS: 3.2388
[2026-05-28 19:14:12,804][root][INFO] - Finished replay epoch 8358/10000
[2026-05-28 19:14:17,891][root][INFO] - Finished replay epoch 8359/10000
[2026-05-28 19:14:23,096][root][INFO] - Finished replay epoch 8360/10000
[2026-05-28 19:14:28,066][root][INFO] - Finished replay epoch 8361/10000
| pretrain       | Iter: 0 | T: 15:32:58 | BS: 3392 | Batched Update FPS: 4.8339
[2026-05-28 19:14:33,285][root][INFO] - Finished replay epoch 8362/10000
[2026-05-28 19:14:38,513][root][INFO] - Finished replay epoch 8363/10000
[2026-05-28 19:14:43,653][root][INFO] - Finished replay epoch 8364/10000
[2026-05-28 19:14:48,877][root][INFO] - Finished replay epoch 8365/10000
| pretrain       | Iter: 0 | T: 15:33:18 | BS: 3392 | Batched Update FPS: 3.7274
wandb: WARNING `format` argument was not provided, defaulting to `gif`. This parameter will be required in v0.20.0, please specify the format explicitly.
wandb: Encoding video...
| pretrain_eval  | Iter: 0 | S: 217500 | E: 0 | L: 200 | R: 0.0000 | T: 15:35:38
[2026-05-28 19:17:18,779][root][INFO] - Finished replay epoch 8366/10000
[2026-05-28 19:17:23,883][root][INFO] - Finished replay epoch 8367/10000
[2026-05-28 19:17:29,062][root][INFO] - Finished replay epoch 8368/10000
[2026-05-28 19:17:34,321][root][INFO] - Finished replay epoch 8369/10000
| pretrain       | Iter: 0 | T: 15:36:03 | BS: 3392 | Batched Update FPS: 3.2723
[2026-05-28 19:17:39,631][root][INFO] - Finished replay epoch 8370/10000
[2026-05-28 19:17:44,814][root][INFO] - Finished replay epoch 8371/10000
[2026-05-28 19:17:49,954][root][INFO] - Finished replay epoch 8372/10000
[2026-05-28 19:17:55,173][root][INFO] - Finished replay epoch 8373/10000
| pretrain       | Iter: 0 | T: 15:36:23 | BS: 3392 | Batched Update FPS: 3.9929
[2026-05-28 19:18:00,406][root][INFO] - Finished replay epoch 8374/10000
[2026-05-28 19:18:05,679][root][INFO] - Finished replay epoch 8375/10000
[2026-05-28 19:18:10,855][root][INFO] - Finished replay epoch 8376/10000
| pretrain       | Iter: 0 | T: 15:36:43 | BS: 3392 | Batched Update FPS: 4.0224
[2026-05-28 19:18:16,124][root][INFO] - Finished replay epoch 8377/10000
[2026-05-28 19:18:21,346][root][INFO] - Finished replay epoch 8378/10000
[2026-05-28 19:18:26,512][root][INFO] - Finished replay epoch 8379/10000
[2026-05-28 19:18:31,699][root][INFO] - Finished replay epoch 8380/10000
| pretrain       | Iter: 0 | T: 15:37:03 | BS: 3392 | Batched Update FPS: 4.0967
[2026-05-28 19:18:36,723][root][INFO] - Finished replay epoch 8381/10000
[2026-05-28 19:18:41,803][root][INFO] - Finished replay epoch 8382/10000
[2026-05-28 19:18:46,849][root][INFO] - Finished replay epoch 8383/10000
[2026-05-28 19:18:51,916][root][INFO] - Finished replay epoch 8384/10000
| pretrain       | Iter: 0 | T: 15:37:23 | BS: 3392 | Batched Update FPS: 3.8543
[2026-05-28 19:18:57,276][root][INFO] - Finished replay epoch 8385/10000
[2026-05-28 19:19:02,369][root][INFO] - Finished replay epoch 8386/10000
[2026-05-28 19:19:07,512][root][INFO] - Finished replay epoch 8387/10000
[2026-05-28 19:19:12,570][root][INFO] - Finished replay epoch 8388/10000
| pretrain       | Iter: 0 | T: 15:37:42 | BS: 3392 | Batched Update FPS: 4.2940
[2026-05-28 19:19:17,465][root][INFO] - Finished replay epoch 8389/10000
[2026-05-28 19:19:22,694][root][INFO] - Finished replay epoch 8390/10000
[2026-05-28 19:19:27,848][root][INFO] - Finished replay epoch 8391/10000
[2026-05-28 19:19:33,026][root][INFO] - Finished replay epoch 8392/10000
| pretrain       | Iter: 0 | T: 15:38:02 | BS: 3392 | Batched Update FPS: 3.1554
[2026-05-28 19:19:38,182][root][INFO] - Finished replay epoch 8393/10000
[2026-05-28 19:19:43,430][root][INFO] - Finished replay epoch 8394/10000
[2026-05-28 19:19:48,651][root][INFO] - Finished replay epoch 8395/10000
[2026-05-28 19:19:53,849][root][INFO] - Finished replay epoch 8396/10000
| pretrain       | Iter: 0 | T: 15:38:22 | BS: 3392 | Batched Update FPS: 3.0593
[2026-05-28 19:19:59,049][root][INFO] - Finished replay epoch 8397/10000
[2026-05-28 19:20:04,214][root][INFO] - Finished replay epoch 8398/10000
[2026-05-28 19:20:09,409][root][INFO] - Finished replay epoch 8399/10000
[2026-05-28 19:20:14,645][root][INFO] - Finished replay epoch 8400/10000
| pretrain       | Iter: 0 | T: 15:38:42 | BS: 3392 | Batched Update FPS: 3.2433
[2026-05-28 19:20:19,863][root][INFO] - Finished replay epoch 8401/10000
[2026-05-28 19:20:25,051][root][INFO] - Finished replay epoch 8402/10000
[2026-05-28 19:20:30,202][root][INFO] - Finished replay epoch 8403/10000
| pretrain       | Iter: 0 | T: 15:39:02 | BS: 3392 | Batched Update FPS: 3.2688
[2026-05-28 19:20:35,454][root][INFO] - Finished replay epoch 8404/10000
[2026-05-28 19:20:40,664][root][INFO] - Finished replay epoch 8405/10000
[2026-05-28 19:20:45,859][root][INFO] - Finished replay epoch 8406/10000
[2026-05-28 19:20:51,005][root][INFO] - Finished replay epoch 8407/10000
| pretrain       | Iter: 0 | T: 15:39:22 | BS: 3392 | Batched Update FPS: 3.0566
[2026-05-28 19:20:56,283][root][INFO] - Finished replay epoch 8408/10000
[2026-05-28 19:21:01,474][root][INFO] - Finished replay epoch 8409/10000
[2026-05-28 19:21:06,646][root][INFO] - Finished replay epoch 8410/10000
[2026-05-28 19:21:11,772][root][INFO] - Finished replay epoch 8411/10000
| pretrain       | Iter: 0 | T: 15:39:42 | BS: 3392 | Batched Update FPS: 3.2949
[2026-05-28 19:21:17,039][root][INFO] - Finished replay epoch 8412/10000
[2026-05-28 19:21:22,190][root][INFO] - Finished replay epoch 8413/10000
[2026-05-28 19:21:27,373][root][INFO] - Finished replay epoch 8414/10000
[2026-05-28 19:21:32,264][root][INFO] - Finished replay epoch 8415/10000
| pretrain       | Iter: 0 | T: 15:40:01 | BS: 3392 | Batched Update FPS: 4.0150
[2026-05-28 19:21:37,463][root][INFO] - Finished replay epoch 8416/10000
[2026-05-28 19:21:42,651][root][INFO] - Finished replay epoch 8417/10000
[2026-05-28 19:21:47,836][root][INFO] - Finished replay epoch 8418/10000
[2026-05-28 19:21:53,072][root][INFO] - Finished replay epoch 8419/10000
| pretrain       | Iter: 0 | T: 15:40:22 | BS: 3392 | Batched Update FPS: 3.2402
[2026-05-28 19:21:58,225][root][INFO] - Finished replay epoch 8420/10000
[2026-05-28 19:22:03,399][root][INFO] - Finished replay epoch 8421/10000
[2026-05-28 19:22:08,626][root][INFO] - Finished replay epoch 8422/10000
[2026-05-28 19:22:13,806][root][INFO] - Finished replay epoch 8423/10000
| pretrain       | Iter: 0 | T: 15:40:42 | BS: 3392 | Batched Update FPS: 6.4248
[2026-05-28 19:22:19,248][root][INFO] - Finished replay epoch 8424/10000
[2026-05-28 19:22:24,426][root][INFO] - Finished replay epoch 8425/10000
[2026-05-28 19:22:29,595][root][INFO] - Finished replay epoch 8426/10000
| pretrain       | Iter: 0 | T: 15:41:02 | BS: 3392 | Batched Update FPS: 4.2457
[2026-05-28 19:22:34,790][root][INFO] - Finished replay epoch 8427/10000
[2026-05-28 19:22:39,889][root][INFO] - Finished replay epoch 8428/10000
[2026-05-28 19:22:45,106][root][INFO] - Finished replay epoch 8429/10000
[2026-05-28 19:22:50,302][root][INFO] - Finished replay epoch 8430/10000
| pretrain       | Iter: 0 | T: 15:41:22 | BS: 3392 | Batched Update FPS: 3.9167
[2026-05-28 19:22:55,528][root][INFO] - Finished replay epoch 8431/10000
[2026-05-28 19:23:00,794][root][INFO] - Finished replay epoch 8432/10000
[2026-05-28 19:23:05,941][root][INFO] - Finished replay epoch 8433/10000
[2026-05-28 19:23:11,198][root][INFO] - Finished replay epoch 8434/10000
| pretrain       | Iter: 0 | T: 15:41:42 | BS: 3392 | Batched Update FPS: 4.2002
[2026-05-28 19:23:16,395][root][INFO] - Finished replay epoch 8435/10000
[2026-05-28 19:23:21,613][root][INFO] - Finished replay epoch 8436/10000
[2026-05-28 19:23:26,772][root][INFO] - Finished replay epoch 8437/10000
[2026-05-28 19:23:31,958][root][INFO] - Finished replay epoch 8438/10000
| pretrain       | Iter: 0 | T: 15:42:02 | BS: 3392 | Batched Update FPS: 4.4074
[2026-05-28 19:23:37,181][root][INFO] - Finished replay epoch 8439/10000
[2026-05-28 19:23:42,379][root][INFO] - Finished replay epoch 8440/10000
[2026-05-28 19:23:47,586][root][INFO] - Finished replay epoch 8441/10000
[2026-05-28 19:23:52,826][root][INFO] - Finished replay epoch 8442/10000
| pretrain       | Iter: 0 | T: 15:42:22 | BS: 3392 | Batched Update FPS: 3.2011
[2026-05-28 19:23:57,966][root][INFO] - Finished replay epoch 8443/10000
[2026-05-28 19:24:03,205][root][INFO] - Finished replay epoch 8444/10000
[2026-05-28 19:24:08,373][root][INFO] - Finished replay epoch 8445/10000
[2026-05-28 19:24:13,595][root][INFO] - Finished replay epoch 8446/10000
| pretrain       | Iter: 0 | T: 15:42:42 | BS: 3392 | Batched Update FPS: 3.2383
[2026-05-28 19:24:18,813][root][INFO] - Finished replay epoch 8447/10000
[2026-05-28 19:24:24,037][root][INFO] - Finished replay epoch 8448/10000
[2026-05-28 19:24:29,275][root][INFO] - Finished replay epoch 8449/10000
[2026-05-28 19:24:34,438][root][INFO] - Finished replay epoch 8450/10000
| pretrain       | Iter: 0 | T: 15:43:02 | BS: 3392 | Batched Update FPS: 3.4388
[2026-05-28 19:24:39,745][root][INFO] - Finished replay epoch 8451/10000
[2026-05-28 19:24:44,956][root][INFO] - Finished replay epoch 8452/10000
[2026-05-28 19:24:50,159][root][INFO] - Finished replay epoch 8453/10000
| pretrain       | Iter: 0 | T: 15:43:22 | BS: 3392 | Batched Update FPS: 3.4124
[2026-05-28 19:24:55,405][root][INFO] - Finished replay epoch 8454/10000
[2026-05-28 19:25:00,664][root][INFO] - Finished replay epoch 8455/10000
[2026-05-28 19:25:05,821][root][INFO] - Finished replay epoch 8456/10000
[2026-05-28 19:25:11,000][root][INFO] - Finished replay epoch 8457/10000
| pretrain       | Iter: 0 | T: 15:43:42 | BS: 3392 | Batched Update FPS: 3.2573
[2026-05-28 19:25:16,267][root][INFO] - Finished replay epoch 8458/10000
[2026-05-28 19:25:21,451][root][INFO] - Finished replay epoch 8459/10000
[2026-05-28 19:25:26,768][root][INFO] - Finished replay epoch 8460/10000
[2026-05-28 19:25:31,917][root][INFO] - Finished replay epoch 8461/10000
| pretrain       | Iter: 0 | T: 15:44:02 | BS: 3392 | Batched Update FPS: 5.0026
wandb: WARNING `format` argument was not provided, defaulting to `gif`. This parameter will be required in v0.20.0, please specify the format explicitly.
wandb: Encoding video...
| pretrain_eval  | Iter: 0 | S: 220000 | E: 0 | L: 200 | R: 0.0000 | T: 15:46:22
[2026-05-28 19:28:01,572][root][INFO] - Finished replay epoch 8462/10000
[2026-05-28 19:28:06,739][root][INFO] - Finished replay epoch 8463/10000
[2026-05-28 19:28:11,950][root][INFO] - Finished replay epoch 8464/10000
[2026-05-28 19:28:17,178][root][INFO] - Finished replay epoch 8465/10000
| pretrain       | Iter: 0 | T: 15:46:46 | BS: 3392 | Batched Update FPS: 3.0964
[2026-05-28 19:28:22,441][root][INFO] - Finished replay epoch 8466/10000
[2026-05-28 19:28:27,637][root][INFO] - Finished replay epoch 8467/10000
[2026-05-28 19:28:32,874][root][INFO] - Finished replay epoch 8468/10000
[2026-05-28 19:28:38,080][root][INFO] - Finished replay epoch 8469/10000
| pretrain       | Iter: 0 | T: 15:47:06 | BS: 3392 | Batched Update FPS: 3.3236
[2026-05-28 19:28:43,292][root][INFO] - Finished replay epoch 8470/10000
[2026-05-28 19:28:47,926][root][INFO] - Finished replay epoch 8471/10000
[2026-05-28 19:28:51,759][root][INFO] - Finished replay epoch 8472/10000
[2026-05-28 19:28:55,580][root][INFO] - Finished replay epoch 8473/10000
| pretrain       | Iter: 0 | T: 15:47:23 | BS: 3392 | Batched Update FPS: 5.1509
[2026-05-28 19:28:59,407][root][INFO] - Finished replay epoch 8474/10000
[2026-05-28 19:29:03,204][root][INFO] - Finished replay epoch 8475/10000
[2026-05-28 19:29:07,035][root][INFO] - Finished replay epoch 8476/10000
| pretrain       | Iter: 0 | T: 15:47:38 | BS: 3392 | Batched Update FPS: 4.9567
[2026-05-28 19:29:10,941][root][INFO] - Finished replay epoch 8477/10000
[2026-05-28 19:29:14,778][root][INFO] - Finished replay epoch 8478/10000
[2026-05-28 19:29:18,634][root][INFO] - Finished replay epoch 8479/10000
[2026-05-28 19:29:22,510][root][INFO] - Finished replay epoch 8480/10000
| pretrain       | Iter: 0 | T: 15:47:53 | BS: 3392 | Batched Update FPS: 4.9686
[2026-05-28 19:29:26,408][root][INFO] - Finished replay epoch 8481/10000
[2026-05-28 19:29:30,282][root][INFO] - Finished replay epoch 8482/10000
[2026-05-28 19:29:34,070][root][INFO] - Finished replay epoch 8483/10000
[2026-05-28 19:29:37,898][root][INFO] - Finished replay epoch 8484/10000
| pretrain       | Iter: 0 | T: 15:48:07 | BS: 3392 | Batched Update FPS: 5.1389
[2026-05-28 19:29:41,769][root][INFO] - Finished replay epoch 8485/10000
[2026-05-28 19:29:45,644][root][INFO] - Finished replay epoch 8486/10000
[2026-05-28 19:29:49,522][root][INFO] - Finished replay epoch 8487/10000
[2026-05-28 19:29:53,321][root][INFO] - Finished replay epoch 8488/10000
| pretrain       | Iter: 0 | T: 15:48:22 | BS: 3392 | Batched Update FPS: 4.8459
[2026-05-28 19:29:57,180][root][INFO] - Finished replay epoch 8489/10000
[2026-05-28 19:30:00,977][root][INFO] - Finished replay epoch 8490/10000
[2026-05-28 19:30:04,822][root][INFO] - Finished replay epoch 8491/10000
[2026-05-28 19:30:08,679][root][INFO] - Finished replay epoch 8492/10000
| pretrain       | Iter: 0 | T: 15:48:37 | BS: 3392 | Batched Update FPS: 5.0479
[2026-05-28 19:30:12,559][root][INFO] - Finished replay epoch 8493/10000
[2026-05-28 19:30:16,465][root][INFO] - Finished replay epoch 8494/10000
[2026-05-28 19:30:21,578][root][INFO] - Finished replay epoch 8495/10000
[2026-05-28 19:30:26,760][root][INFO] - Finished replay epoch 8496/10000
| pretrain       | Iter: 0 | T: 15:48:55 | BS: 3392 | Batched Update FPS: 3.0672
[2026-05-28 19:30:31,983][root][INFO] - Finished replay epoch 8497/10000
[2026-05-28 19:30:37,182][root][INFO] - Finished replay epoch 8498/10000
[2026-05-28 19:30:42,374][root][INFO] - Finished replay epoch 8499/10000
[2026-05-28 19:30:47,778][root][INFO] - Finished replay epoch 8500/10000
| pretrain       | Iter: 0 | T: 15:49:15 | BS: 3392 | Batched Update FPS: 4.9993
[2026-05-28 19:30:52,879][root][INFO] - Finished replay epoch 8501/10000
[2026-05-28 19:30:58,073][root][INFO] - Finished replay epoch 8502/10000
[2026-05-28 19:31:03,164][root][INFO] - Finished replay epoch 8503/10000
| pretrain       | Iter: 0 | T: 15:49:35 | BS: 3392 | Batched Update FPS: 4.0737
[2026-05-28 19:31:08,390][root][INFO] - Finished replay epoch 8504/10000
[2026-05-28 19:31:13,708][root][INFO] - Finished replay epoch 8505/10000
[2026-05-28 19:31:18,838][root][INFO] - Finished replay epoch 8506/10000
[2026-05-28 19:31:24,087][root][INFO] - Finished replay epoch 8507/10000
| pretrain       | Iter: 0 | T: 15:49:55 | BS: 3392 | Batched Update FPS: 4.1220
[2026-05-28 19:31:29,294][root][INFO] - Finished replay epoch 8508/10000
[2026-05-28 19:31:34,528][root][INFO] - Finished replay epoch 8509/10000
[2026-05-28 19:31:39,660][root][INFO] - Finished replay epoch 8510/10000
[2026-05-28 19:31:44,857][root][INFO] - Finished replay epoch 8511/10000
| pretrain       | Iter: 0 | T: 15:50:15 | BS: 3392 | Batched Update FPS: 3.9293
[2026-05-28 19:31:50,223][root][INFO] - Finished replay epoch 8512/10000
[2026-05-28 19:31:55,257][root][INFO] - Finished replay epoch 8513/10000
[2026-05-28 19:32:00,396][root][INFO] - Finished replay epoch 8514/10000
[2026-05-28 19:32:05,587][root][INFO] - Finished replay epoch 8515/10000
| pretrain       | Iter: 0 | T: 15:50:35 | BS: 3392 | Batched Update FPS: 3.2305
[2026-05-28 19:32:10,791][root][INFO] - Finished replay epoch 8516/10000
[2026-05-28 19:32:15,926][root][INFO] - Finished replay epoch 8517/10000
[2026-05-28 19:32:21,155][root][INFO] - Finished replay epoch 8518/10000
[2026-05-28 19:32:26,327][root][INFO] - Finished replay epoch 8519/10000
| pretrain       | Iter: 0 | T: 15:50:55 | BS: 3392 | Batched Update FPS: 4.3872
[2026-05-28 19:32:31,488][root][INFO] - Finished replay epoch 8520/10000
[2026-05-28 19:32:36,720][root][INFO] - Finished replay epoch 8521/10000
[2026-05-28 19:32:41,919][root][INFO] - Finished replay epoch 8522/10000
[2026-05-28 19:32:47,177][root][INFO] - Finished replay epoch 8523/10000
| pretrain       | Iter: 0 | T: 15:51:15 | BS: 3392 | Batched Update FPS: 3.1607
[2026-05-28 19:32:52,361][root][INFO] - Finished replay epoch 8524/10000
[2026-05-28 19:32:57,222][root][INFO] - Finished replay epoch 8525/10000
[2026-05-28 19:33:02,475][root][INFO] - Finished replay epoch 8526/10000
| pretrain       | Iter: 0 | T: 15:51:35 | BS: 3392 | Batched Update FPS: 3.1731
[2026-05-28 19:33:07,695][root][INFO] - Finished replay epoch 8527/10000
[2026-05-28 19:33:12,856][root][INFO] - Finished replay epoch 8528/10000
[2026-05-28 19:33:18,075][root][INFO] - Finished replay epoch 8529/10000
[2026-05-28 19:33:23,224][root][INFO] - Finished replay epoch 8530/10000
| pretrain       | Iter: 0 | T: 15:51:54 | BS: 3392 | Batched Update FPS: 3.1838
[2026-05-28 19:33:28,430][root][INFO] - Finished replay epoch 8531/10000
[2026-05-28 19:33:33,626][root][INFO] - Finished replay epoch 8532/10000
[2026-05-28 19:33:38,817][root][INFO] - Finished replay epoch 8533/10000
[2026-05-28 19:33:43,991][root][INFO] - Finished replay epoch 8534/10000
| pretrain       | Iter: 0 | T: 15:52:14 | BS: 3392 | Batched Update FPS: 3.8777
[2026-05-28 19:33:49,238][root][INFO] - Finished replay epoch 8535/10000
[2026-05-28 19:33:54,388][root][INFO] - Finished replay epoch 8536/10000
[2026-05-28 19:33:59,600][root][INFO] - Finished replay epoch 8537/10000
[2026-05-28 19:34:04,815][root][INFO] - Finished replay epoch 8538/10000
| pretrain       | Iter: 0 | T: 15:52:35 | BS: 3392 | Batched Update FPS: 6.1169
[2026-05-28 19:34:10,899][root][INFO] - Finished replay epoch 8539/10000
[2026-05-28 19:34:16,109][root][INFO] - Finished replay epoch 8540/10000
[2026-05-28 19:34:21,359][root][INFO] - Finished replay epoch 8541/10000
[2026-05-28 19:34:26,617][root][INFO] - Finished replay epoch 8542/10000
| pretrain       | Iter: 0 | T: 15:52:55 | BS: 3392 | Batched Update FPS: 3.0458
[2026-05-28 19:34:31,758][root][INFO] - Finished replay epoch 8543/10000
[2026-05-28 19:34:36,984][root][INFO] - Finished replay epoch 8544/10000
[2026-05-28 19:34:42,101][root][INFO] - Finished replay epoch 8545/10000
[2026-05-28 19:34:47,370][root][INFO] - Finished replay epoch 8546/10000
| pretrain       | Iter: 0 | T: 15:53:15 | BS: 3392 | Batched Update FPS: 3.1824
[2026-05-28 19:34:52,552][root][INFO] - Finished replay epoch 8547/10000
[2026-05-28 19:34:57,768][root][INFO] - Finished replay epoch 8548/10000
[2026-05-28 19:35:03,095][root][INFO] - Finished replay epoch 8549/10000
[2026-05-28 19:35:08,308][root][INFO] - Finished replay epoch 8550/10000
| pretrain       | Iter: 0 | T: 15:53:36 | BS: 3392 | Batched Update FPS: 2.8054
[2026-05-28 19:35:13,771][root][INFO] - Finished replay epoch 8551/10000
[2026-05-28 19:35:20,542][root][INFO] - Finished replay epoch 8552/10000
[2026-05-28 19:35:27,983][root][INFO] - Finished replay epoch 8553/10000
| pretrain       | Iter: 0 | T: 15:54:02 | BS: 3392 | Batched Update FPS: 2.9089
[2026-05-28 19:35:35,364][root][INFO] - Finished replay epoch 8554/10000
[2026-05-28 19:35:42,699][root][INFO] - Finished replay epoch 8555/10000
[2026-05-28 19:35:49,569][root][INFO] - Finished replay epoch 8556/10000
[2026-05-28 19:35:57,381][root][INFO] - Finished replay epoch 8557/10000
| pretrain       | Iter: 0 | T: 15:54:30 | BS: 3392 | Batched Update FPS: 2.0354
wandb: WARNING `format` argument was not provided, defaulting to `gif`. This parameter will be required in v0.20.0, please specify the format explicitly.
wandb: Encoding video...
| pretrain_eval  | Iter: 0 | S: 222500 | E: 0 | L: 200 | R: 0.0000 | T: 15:56:42
[2026-05-28 19:38:20,552][root][INFO] - Finished replay epoch 8558/10000
[2026-05-28 19:38:24,371][root][INFO] - Finished replay epoch 8559/10000
[2026-05-28 19:38:28,298][root][INFO] - Finished replay epoch 8560/10000
[2026-05-28 19:38:32,237][root][INFO] - Finished replay epoch 8561/10000
| pretrain       | Iter: 0 | T: 15:57:01 | BS: 3392 | Batched Update FPS: 5.5849
[2026-05-28 19:38:35,887][root][INFO] - Finished replay epoch 8562/10000
[2026-05-28 19:38:40,720][root][INFO] - Finished replay epoch 8563/10000
[2026-05-28 19:38:46,004][root][INFO] - Finished replay epoch 8564/10000
[2026-05-28 19:38:51,210][root][INFO] - Finished replay epoch 8565/10000
| pretrain       | Iter: 0 | T: 15:57:21 | BS: 3392 | Batched Update FPS: 3.3284
[2026-05-28 19:38:56,547][root][INFO] - Finished replay epoch 8566/10000
[2026-05-28 19:39:01,983][root][INFO] - Finished replay epoch 8567/10000
[2026-05-28 19:39:07,243][root][INFO] - Finished replay epoch 8568/10000
[2026-05-28 19:39:12,588][root][INFO] - Finished replay epoch 8569/10000
| pretrain       | Iter: 0 | T: 15:57:41 | BS: 3392 | Batched Update FPS: 4.1618
[2026-05-28 19:39:17,973][root][INFO] - Finished replay epoch 8570/10000
[2026-05-28 19:39:23,265][root][INFO] - Finished replay epoch 8571/10000
[2026-05-28 19:39:28,536][root][INFO] - Finished replay epoch 8572/10000
[2026-05-28 19:39:33,917][root][INFO] - Finished replay epoch 8573/10000
| pretrain       | Iter: 0 | T: 15:58:02 | BS: 3392 | Batched Update FPS: 3.1858
[2026-05-28 19:39:39,223][root][INFO] - Finished replay epoch 8574/10000
[2026-05-28 19:39:44,407][root][INFO] - Finished replay epoch 8575/10000
[2026-05-28 19:39:49,682][root][INFO] - Finished replay epoch 8576/10000
| pretrain       | Iter: 0 | T: 15:58:22 | BS: 3392 | Batched Update FPS: 3.4659
[2026-05-28 19:39:55,359][root][INFO] - Finished replay epoch 8577/10000
[2026-05-28 19:40:01,021][root][INFO] - Finished replay epoch 8578/10000
[2026-05-28 19:40:08,285][root][INFO] - Finished replay epoch 8579/10000
[2026-05-28 19:40:15,916][root][INFO] - Finished replay epoch 8580/10000
| pretrain       | Iter: 0 | T: 15:58:49 | BS: 3392 | Batched Update FPS: 3.3045
[2026-05-28 19:40:22,863][root][INFO] - Finished replay epoch 8581/10000
[2026-05-28 19:40:30,232][root][INFO] - Finished replay epoch 8582/10000
[2026-05-28 19:40:37,515][root][INFO] - Finished replay epoch 8583/10000
[2026-05-28 19:40:44,841][root][INFO] - Finished replay epoch 8584/10000
| pretrain       | Iter: 0 | T: 15:59:17 | BS: 3392 | Batched Update FPS: 3.1739
[2026-05-28 19:40:52,351][root][INFO] - Finished replay epoch 8585/10000
[2026-05-28 19:40:59,142][root][INFO] - Finished replay epoch 8586/10000
[2026-05-28 19:41:06,215][root][INFO] - Finished replay epoch 8587/10000
[2026-05-28 19:41:13,886][root][INFO] - Finished replay epoch 8588/10000
| pretrain       | Iter: 0 | T: 15:59:45 | BS: 3392 | Batched Update FPS: 2.3942
[2026-05-28 19:41:21,487][root][INFO] - Finished replay epoch 8589/10000
[2026-05-28 19:41:28,800][root][INFO] - Finished replay epoch 8590/10000
[2026-05-28 19:41:36,626][root][INFO] - Finished replay epoch 8591/10000
[2026-05-28 19:41:43,903][root][INFO] - Finished replay epoch 8592/10000
| pretrain       | Iter: 0 | T: 16:00:13 | BS: 3392 | Batched Update FPS: 3.0945
[2026-05-28 19:41:51,484][root][INFO] - Finished replay epoch 8593/10000
[2026-05-28 19:41:58,852][root][INFO] - Finished replay epoch 8594/10000
[2026-05-28 19:42:06,591][root][INFO] - Finished replay epoch 8595/10000
[2026-05-28 19:42:14,222][root][INFO] - Finished replay epoch 8596/10000
| pretrain       | Iter: 0 | T: 16:00:43 | BS: 3392 | Batched Update FPS: 2.7939
[2026-05-28 19:42:21,737][root][INFO] - Finished replay epoch 8597/10000
[2026-05-28 19:42:29,550][root][INFO] - Finished replay epoch 8598/10000
[2026-05-28 19:42:36,937][root][INFO] - Finished replay epoch 8599/10000
[2026-05-28 19:42:44,510][root][INFO] - Finished replay epoch 8600/10000
| pretrain       | Iter: 0 | T: 16:01:12 | BS: 3392 | Batched Update FPS: 3.3494
[2026-05-28 19:42:51,229][root][INFO] - Finished replay epoch 8601/10000
[2026-05-28 19:42:59,108][root][INFO] - Finished replay epoch 8602/10000
[2026-05-28 19:43:06,462][root][INFO] - Finished replay epoch 8603/10000
| pretrain       | Iter: 0 | T: 16:01:40 | BS: 3392 | Batched Update FPS: 2.3277
[2026-05-28 19:43:14,151][root][INFO] - Finished replay epoch 8604/10000
[2026-05-28 19:43:21,498][root][INFO] - Finished replay epoch 8605/10000
[2026-05-28 19:43:29,656][root][INFO] - Finished replay epoch 8606/10000
[2026-05-28 19:43:37,197][root][INFO] - Finished replay epoch 8607/10000
| pretrain       | Iter: 0 | T: 16:02:10 | BS: 3392 | Batched Update FPS: 2.4828
[2026-05-28 19:43:45,489][root][INFO] - Finished replay epoch 8608/10000
[2026-05-28 19:43:52,550][root][INFO] - Finished replay epoch 8609/10000
[2026-05-28 19:43:59,756][root][INFO] - Finished replay epoch 8610/10000
[2026-05-28 19:44:07,345][root][INFO] - Finished replay epoch 8611/10000
| pretrain       | Iter: 0 | T: 16:02:39 | BS: 3392 | Batched Update FPS: 2.9203
[2026-05-28 19:44:14,787][root][INFO] - Finished replay epoch 8612/10000
[2026-05-28 19:44:22,544][root][INFO] - Finished replay epoch 8613/10000
[2026-05-28 19:44:29,513][root][INFO] - Finished replay epoch 8614/10000
[2026-05-28 19:44:36,831][root][INFO] - Finished replay epoch 8615/10000
| pretrain       | Iter: 0 | T: 16:03:07 | BS: 3392 | Batched Update FPS: 3.0122
[2026-05-28 19:44:44,910][root][INFO] - Finished replay epoch 8616/10000
[2026-05-28 19:44:52,079][root][INFO] - Finished replay epoch 8617/10000
[2026-05-28 19:44:59,400][root][INFO] - Finished replay epoch 8618/10000
[2026-05-28 19:45:06,753][root][INFO] - Finished replay epoch 8619/10000
| pretrain       | Iter: 0 | T: 16:03:36 | BS: 3392 | Batched Update FPS: 3.9354
[2026-05-28 19:45:14,035][root][INFO] - Finished replay epoch 8620/10000
[2026-05-28 19:45:21,930][root][INFO] - Finished replay epoch 8621/10000
[2026-05-28 19:45:29,591][root][INFO] - Finished replay epoch 8622/10000
[2026-05-28 19:45:36,472][root][INFO] - Finished replay epoch 8623/10000
| pretrain       | Iter: 0 | T: 16:04:04 | BS: 3392 | Batched Update FPS: 2.9665
[2026-05-28 19:45:44,476][root][INFO] - Finished replay epoch 8624/10000
[2026-05-28 19:45:51,679][root][INFO] - Finished replay epoch 8625/10000
[2026-05-28 19:45:58,912][root][INFO] - Finished replay epoch 8626/10000
| pretrain       | Iter: 0 | T: 16:04:33 | BS: 3392 | Batched Update FPS: 1.6164
[2026-05-28 19:46:06,448][root][INFO] - Finished replay epoch 8627/10000
[2026-05-28 19:46:13,763][root][INFO] - Finished replay epoch 8628/10000
[2026-05-28 19:46:21,019][root][INFO] - Finished replay epoch 8629/10000
[2026-05-28 19:46:28,519][root][INFO] - Finished replay epoch 8630/10000
| pretrain       | Iter: 0 | T: 16:05:02 | BS: 3392 | Batched Update FPS: 2.9629
[2026-05-28 19:46:36,682][root][INFO] - Finished replay epoch 8631/10000
[2026-05-28 19:46:43,998][root][INFO] - Finished replay epoch 8632/10000
[2026-05-28 19:46:51,149][root][INFO] - Finished replay epoch 8633/10000
[2026-05-28 19:46:58,611][root][INFO] - Finished replay epoch 8634/10000
| pretrain       | Iter: 0 | T: 16:05:30 | BS: 3392 | Batched Update FPS: 2.7526
[2026-05-28 19:47:05,733][root][INFO] - Finished replay epoch 8635/10000
[2026-05-28 19:47:13,101][root][INFO] - Finished replay epoch 8636/10000
[2026-05-28 19:47:20,566][root][INFO] - Finished replay epoch 8637/10000
[2026-05-28 19:47:27,805][root][INFO] - Finished replay epoch 8638/10000
| pretrain       | Iter: 0 | T: 16:05:59 | BS: 3392 | Batched Update FPS: 2.3517
[2026-05-28 19:47:35,552][root][INFO] - Finished replay epoch 8639/10000
[2026-05-28 19:47:43,053][root][INFO] - Finished replay epoch 8640/10000
[2026-05-28 19:47:50,852][root][INFO] - Finished replay epoch 8641/10000
[2026-05-28 19:47:58,069][root][INFO] - Finished replay epoch 8642/10000
| pretrain       | Iter: 0 | T: 16:06:28 | BS: 3392 | Batched Update FPS: 3.4221
[2026-05-28 19:48:05,392][root][INFO] - Finished replay epoch 8643/10000
[2026-05-28 19:48:12,565][root][INFO] - Finished replay epoch 8644/10000
[2026-05-28 19:48:19,520][root][INFO] - Finished replay epoch 8645/10000
[2026-05-28 19:48:27,138][root][INFO] - Finished replay epoch 8646/10000
| pretrain       | Iter: 0 | T: 16:06:56 | BS: 3392 | Batched Update FPS: 2.6563
[2026-05-28 19:48:34,770][root][INFO] - Finished replay epoch 8647/10000
[2026-05-28 19:48:41,985][root][INFO] - Finished replay epoch 8648/10000
[2026-05-28 19:48:49,531][root][INFO] - Finished replay epoch 8649/10000
[2026-05-28 19:48:57,293][root][INFO] - Finished replay epoch 8650/10000
| pretrain       | Iter: 0 | T: 16:07:25 | BS: 3392 | Batched Update FPS: 2.2801
[2026-05-28 19:49:05,212][root][INFO] - Finished replay epoch 8651/10000
[2026-05-28 19:49:12,908][root][INFO] - Finished replay epoch 8652/10000
[2026-05-28 19:49:20,081][root][INFO] - Finished replay epoch 8653/10000
| pretrain       | Iter: 0 | T: 16:07:55 | BS: 3392 | Batched Update FPS: 2.5542
wandb: WARNING `format` argument was not provided, defaulting to `gif`. This parameter will be required in v0.20.0, please specify the format explicitly.
wandb: Encoding video...
| pretrain_eval  | Iter: 0 | S: 225000 | E: 0 | L: 200 | R: 0.0000 | T: 16:10:31
[2026-05-28 19:52:11,806][root][INFO] - Finished replay epoch 8654/10000
[2026-05-28 19:52:19,629][root][INFO] - Finished replay epoch 8655/10000
[2026-05-28 19:52:26,858][root][INFO] - Finished replay epoch 8656/10000
[2026-05-28 19:52:34,832][root][INFO] - Finished replay epoch 8657/10000
| pretrain       | Iter: 0 | T: 16:11:07 | BS: 3392 | Batched Update FPS: 2.1442
[2026-05-28 19:52:42,535][root][INFO] - Finished replay epoch 8658/10000
[2026-05-28 19:52:49,967][root][INFO] - Finished replay epoch 8659/10000
[2026-05-28 19:52:57,229][root][INFO] - Finished replay epoch 8660/10000
[2026-05-28 19:53:04,012][root][INFO] - Finished replay epoch 8661/10000
| pretrain       | Iter: 0 | T: 16:11:34 | BS: 3392 | Batched Update FPS: 3.1322
[2026-05-28 19:53:09,791][root][INFO] - Finished replay epoch 8662/10000
[2026-05-28 19:53:15,589][root][INFO] - Finished replay epoch 8663/10000
[2026-05-28 19:53:21,090][root][INFO] - Finished replay epoch 8664/10000
[2026-05-28 19:53:27,593][root][INFO] - Finished replay epoch 8665/10000
| pretrain       | Iter: 0 | T: 16:11:57 | BS: 3392 | Batched Update FPS: 3.4316
[2026-05-28 19:53:33,509][root][INFO] - Finished replay epoch 8666/10000
[2026-05-28 19:53:39,122][root][INFO] - Finished replay epoch 8667/10000
[2026-05-28 19:53:45,039][root][INFO] - Finished replay epoch 8668/10000
[2026-05-28 19:53:51,548][root][INFO] - Finished replay epoch 8669/10000
| pretrain       | Iter: 0 | T: 16:12:20 | BS: 3392 | Batched Update FPS: 3.6611
[2026-05-28 19:53:57,717][root][INFO] - Finished replay epoch 8670/10000
[2026-05-28 19:54:04,188][root][INFO] - Finished replay epoch 8671/10000
[2026-05-28 19:54:10,227][root][INFO] - Finished replay epoch 8672/10000
[2026-05-28 19:54:16,253][root][INFO] - Finished replay epoch 8673/10000
| pretrain       | Iter: 0 | T: 16:12:44 | BS: 3392 | Batched Update FPS: 3.5421
[2026-05-28 19:54:22,044][root][INFO] - Finished replay epoch 8674/10000
[2026-05-28 19:54:27,362][root][INFO] - Finished replay epoch 8675/10000
[2026-05-28 19:54:32,843][root][INFO] - Finished replay epoch 8676/10000
| pretrain       | Iter: 0 | T: 16:13:06 | BS: 3392 | Batched Update FPS: 4.7293
[2026-05-28 19:54:39,355][root][INFO] - Finished replay epoch 8677/10000
[2026-05-28 19:54:45,784][root][INFO] - Finished replay epoch 8678/10000
[2026-05-28 19:54:51,437][root][INFO] - Finished replay epoch 8679/10000
[2026-05-28 19:54:56,978][root][INFO] - Finished replay epoch 8680/10000
| pretrain       | Iter: 0 | T: 16:13:29 | BS: 3392 | Batched Update FPS: 4.0618
[2026-05-28 19:55:03,429][root][INFO] - Finished replay epoch 8681/10000
[2026-05-28 19:55:09,183][root][INFO] - Finished replay epoch 8682/10000
[2026-05-28 19:55:14,850][root][INFO] - Finished replay epoch 8683/10000
[2026-05-28 19:55:20,308][root][INFO] - Finished replay epoch 8684/10000
| pretrain       | Iter: 0 | T: 16:13:52 | BS: 3392 | Batched Update FPS: 2.9870
[2026-05-28 19:55:26,570][root][INFO] - Finished replay epoch 8685/10000
[2026-05-28 19:55:31,902][root][INFO] - Finished replay epoch 8686/10000
[2026-05-28 19:55:38,723][root][INFO] - Finished replay epoch 8687/10000
[2026-05-28 19:55:45,104][root][INFO] - Finished replay epoch 8688/10000
| pretrain       | Iter: 0 | T: 16:14:16 | BS: 3392 | Batched Update FPS: 3.5236
[2026-05-28 19:55:51,781][root][INFO] - Finished replay epoch 8689/10000
[2026-05-28 19:55:57,618][root][INFO] - Finished replay epoch 8690/10000
[2026-05-28 19:56:02,623][root][INFO] - Finished replay epoch 8691/10000
[2026-05-28 19:56:08,188][root][INFO] - Finished replay epoch 8692/10000
| pretrain       | Iter: 0 | T: 16:14:37 | BS: 3392 | Batched Update FPS: 3.9215
[2026-05-28 19:56:13,829][root][INFO] - Finished replay epoch 8693/10000
[2026-05-28 19:56:19,839][root][INFO] - Finished replay epoch 8694/10000
[2026-05-28 19:56:25,818][root][INFO] - Finished replay epoch 8695/10000
[2026-05-28 19:56:31,518][root][INFO] - Finished replay epoch 8696/10000
| pretrain       | Iter: 0 | T: 16:15:00 | BS: 3392 | Batched Update FPS: 4.0828
[2026-05-28 19:56:37,303][root][INFO] - Finished replay epoch 8697/10000
[2026-05-28 19:56:43,455][root][INFO] - Finished replay epoch 8698/10000
[2026-05-28 19:56:49,466][root][INFO] - Finished replay epoch 8699/10000
[2026-05-28 19:56:55,942][root][INFO] - Finished replay epoch 8700/10000
| pretrain       | Iter: 0 | T: 16:15:23 | BS: 3392 | Batched Update FPS: 4.0495
[2026-05-28 19:57:01,913][root][INFO] - Finished replay epoch 8701/10000
[2026-05-28 19:57:08,083][root][INFO] - Finished replay epoch 8702/10000
[2026-05-28 19:57:13,482][root][INFO] - Finished replay epoch 8703/10000
| pretrain       | Iter: 0 | T: 16:15:45 | BS: 3392 | Batched Update FPS: 3.7674
[2026-05-28 19:57:18,854][root][INFO] - Finished replay epoch 8704/10000
[2026-05-28 19:57:24,865][root][INFO] - Finished replay epoch 8705/10000
[2026-05-28 19:57:30,828][root][INFO] - Finished replay epoch 8706/10000
[2026-05-28 19:57:36,702][root][INFO] - Finished replay epoch 8707/10000
| pretrain       | Iter: 0 | T: 16:16:08 | BS: 3392 | Batched Update FPS: 5.3758
[2026-05-28 19:57:43,284][root][INFO] - Finished replay epoch 8708/10000
[2026-05-28 19:57:51,506][root][INFO] - Finished replay epoch 8709/10000
[2026-05-28 19:57:59,082][root][INFO] - Finished replay epoch 8710/10000
[2026-05-28 19:58:07,132][root][INFO] - Finished replay epoch 8711/10000
| pretrain       | Iter: 0 | T: 16:16:38 | BS: 3392 | Batched Update FPS: 2.6230
[2026-05-28 19:58:14,654][root][INFO] - Finished replay epoch 8712/10000
[2026-05-28 19:58:22,532][root][INFO] - Finished replay epoch 8713/10000
[2026-05-28 19:58:30,453][root][INFO] - Finished replay epoch 8714/10000
[2026-05-28 19:58:36,779][root][INFO] - Finished replay epoch 8715/10000
| pretrain       | Iter: 0 | T: 16:17:06 | BS: 3392 | Batched Update FPS: 3.0311
[2026-05-28 19:58:42,098][root][INFO] - Finished replay epoch 8716/10000
[2026-05-28 19:58:47,417][root][INFO] - Finished replay epoch 8717/10000
[2026-05-28 19:58:52,727][root][INFO] - Finished replay epoch 8718/10000
[2026-05-28 19:58:57,974][root][INFO] - Finished replay epoch 8719/10000
| pretrain       | Iter: 0 | T: 16:17:26 | BS: 3392 | Batched Update FPS: 3.3197
[2026-05-28 19:59:03,280][root][INFO] - Finished replay epoch 8720/10000
[2026-05-28 19:59:08,615][root][INFO] - Finished replay epoch 8721/10000
[2026-05-28 19:59:13,826][root][INFO] - Finished replay epoch 8722/10000
[2026-05-28 19:59:19,073][root][INFO] - Finished replay epoch 8723/10000
| pretrain       | Iter: 0 | T: 16:17:47 | BS: 3392 | Batched Update FPS: 3.9034
[2026-05-28 19:59:24,396][root][INFO] - Finished replay epoch 8724/10000
[2026-05-28 19:59:29,725][root][INFO] - Finished replay epoch 8725/10000
[2026-05-28 19:59:34,997][root][INFO] - Finished replay epoch 8726/10000
| pretrain       | Iter: 0 | T: 16:18:07 | BS: 3392 | Batched Update FPS: 3.3979
[2026-05-28 19:59:40,345][root][INFO] - Finished replay epoch 8727/10000
[2026-05-28 19:59:45,748][root][INFO] - Finished replay epoch 8728/10000
[2026-05-28 19:59:51,063][root][INFO] - Finished replay epoch 8729/10000
[2026-05-28 19:59:56,261][root][INFO] - Finished replay epoch 8730/10000
| pretrain       | Iter: 0 | T: 16:18:28 | BS: 3392 | Batched Update FPS: 4.2439
[2026-05-28 20:00:01,776][root][INFO] - Finished replay epoch 8731/10000
[2026-05-28 20:00:07,005][root][INFO] - Finished replay epoch 8732/10000
[2026-05-28 20:00:12,340][root][INFO] - Finished replay epoch 8733/10000
[2026-05-28 20:00:17,614][root][INFO] - Finished replay epoch 8734/10000
| pretrain       | Iter: 0 | T: 16:18:48 | BS: 3392 | Batched Update FPS: 4.4087
[2026-05-28 20:00:22,881][root][INFO] - Finished replay epoch 8735/10000
[2026-05-28 20:00:28,187][root][INFO] - Finished replay epoch 8736/10000
[2026-05-28 20:00:33,444][root][INFO] - Finished replay epoch 8737/10000
[2026-05-28 20:00:38,819][root][INFO] - Finished replay epoch 8738/10000
| pretrain       | Iter: 0 | T: 16:19:08 | BS: 3392 | Batched Update FPS: 3.9940
[2026-05-28 20:00:44,128][root][INFO] - Finished replay epoch 8739/10000
[2026-05-28 20:00:49,441][root][INFO] - Finished replay epoch 8740/10000
[2026-05-28 20:00:54,788][root][INFO] - Finished replay epoch 8741/10000
[2026-05-28 20:01:00,062][root][INFO] - Finished replay epoch 8742/10000
| pretrain       | Iter: 0 | T: 16:19:29 | BS: 3392 | Batched Update FPS: 4.1896
[2026-05-28 20:01:05,451][root][INFO] - Finished replay epoch 8743/10000
[2026-05-28 20:01:10,688][root][INFO] - Finished replay epoch 8744/10000
[2026-05-28 20:01:15,966][root][INFO] - Finished replay epoch 8745/10000
[2026-05-28 20:01:21,185][root][INFO] - Finished replay epoch 8746/10000
| pretrain       | Iter: 0 | T: 16:19:49 | BS: 3392 | Batched Update FPS: 3.6639
[2026-05-28 20:01:26,536][root][INFO] - Finished replay epoch 8747/10000
[2026-05-28 20:01:31,844][root][INFO] - Finished replay epoch 8748/10000
[2026-05-28 20:01:37,140][root][INFO] - Finished replay epoch 8749/10000
[2026-05-28 20:01:42,520][root][INFO] - Finished replay epoch 8750/10000
| pretrain       | Iter: 0 | T: 16:20:10 | BS: 3392 | Batched Update FPS: 3.1232
wandb: WARNING `format` argument was not provided, defaulting to `gif`. This parameter will be required in v0.20.0, please specify the format explicitly.
wandb: Encoding video...
| pretrain_eval  | Iter: 0 | S: 227500 | E: 0 | L: 200 | R: 0.0000 | T: 16:22:34
[2026-05-28 20:04:16,461][root][INFO] - Finished replay epoch 8751/10000
[2026-05-28 20:04:21,845][root][INFO] - Finished replay epoch 8752/10000
[2026-05-28 20:04:27,071][root][INFO] - Finished replay epoch 8753/10000
| pretrain       | Iter: 0 | T: 16:22:59 | BS: 3392 | Batched Update FPS: 3.0878
[2026-05-28 20:04:32,416][root][INFO] - Finished replay epoch 8754/10000
[2026-05-28 20:04:37,336][root][INFO] - Finished replay epoch 8755/10000
[2026-05-28 20:04:42,629][root][INFO] - Finished replay epoch 8756/10000
[2026-05-28 20:04:47,869][root][INFO] - Finished replay epoch 8757/10000
| pretrain       | Iter: 0 | T: 16:23:19 | BS: 3392 | Batched Update FPS: 3.5868
[2026-05-28 20:04:53,267][root][INFO] - Finished replay epoch 8758/10000
[2026-05-28 20:04:58,662][root][INFO] - Finished replay epoch 8759/10000
[2026-05-28 20:05:03,960][root][INFO] - Finished replay epoch 8760/10000
[2026-05-28 20:05:09,253][root][INFO] - Finished replay epoch 8761/10000
| pretrain       | Iter: 0 | T: 16:23:39 | BS: 3392 | Batched Update FPS: 4.8330
[2026-05-28 20:05:14,483][root][INFO] - Finished replay epoch 8762/10000
[2026-05-28 20:05:19,875][root][INFO] - Finished replay epoch 8763/10000
[2026-05-28 20:05:25,226][root][INFO] - Finished replay epoch 8764/10000
[2026-05-28 20:05:30,507][root][INFO] - Finished replay epoch 8765/10000
| pretrain       | Iter: 0 | T: 16:24:00 | BS: 3392 | Batched Update FPS: 4.6497
[2026-05-28 20:05:35,724][root][INFO] - Finished replay epoch 8766/10000
[2026-05-28 20:05:41,101][root][INFO] - Finished replay epoch 8767/10000
[2026-05-28 20:05:46,442][root][INFO] - Finished replay epoch 8768/10000
[2026-05-28 20:05:51,743][root][INFO] - Finished replay epoch 8769/10000
| pretrain       | Iter: 0 | T: 16:24:21 | BS: 3392 | Batched Update FPS: 3.3452
[2026-05-28 20:05:57,507][root][INFO] - Finished replay epoch 8770/10000
[2026-05-28 20:06:02,861][root][INFO] - Finished replay epoch 8771/10000
[2026-05-28 20:06:08,162][root][INFO] - Finished replay epoch 8772/10000
[2026-05-28 20:06:13,472][root][INFO] - Finished replay epoch 8773/10000
| pretrain       | Iter: 0 | T: 16:24:41 | BS: 3392 | Batched Update FPS: 3.1568
[2026-05-28 20:06:18,847][root][INFO] - Finished replay epoch 8774/10000
[2026-05-28 20:06:24,250][root][INFO] - Finished replay epoch 8775/10000
[2026-05-28 20:06:29,556][root][INFO] - Finished replay epoch 8776/10000
| pretrain       | Iter: 0 | T: 16:25:02 | BS: 3392 | Batched Update FPS: 3.9428
[2026-05-28 20:06:34,994][root][INFO] - Finished replay epoch 8777/10000
[2026-05-28 20:06:40,260][root][INFO] - Finished replay epoch 8778/10000
[2026-05-28 20:06:45,582][root][INFO] - Finished replay epoch 8779/10000
[2026-05-28 20:06:50,873][root][INFO] - Finished replay epoch 8780/10000
| pretrain       | Iter: 0 | T: 16:25:22 | BS: 3392 | Batched Update FPS: 3.3612
[2026-05-28 20:06:56,265][root][INFO] - Finished replay epoch 8781/10000
[2026-05-28 20:07:01,640][root][INFO] - Finished replay epoch 8782/10000
[2026-05-28 20:07:06,912][root][INFO] - Finished replay epoch 8783/10000
[2026-05-28 20:07:12,334][root][INFO] - Finished replay epoch 8784/10000
| pretrain       | Iter: 0 | T: 16:25:43 | BS: 3392 | Batched Update FPS: 3.3715
[2026-05-28 20:07:17,742][root][INFO] - Finished replay epoch 8785/10000
[2026-05-28 20:07:23,148][root][INFO] - Finished replay epoch 8786/10000
[2026-05-28 20:07:28,441][root][INFO] - Finished replay epoch 8787/10000
[2026-05-28 20:07:33,752][root][INFO] - Finished replay epoch 8788/10000
| pretrain       | Iter: 0 | T: 16:26:03 | BS: 3392 | Batched Update FPS: 3.3691
[2026-05-28 20:07:39,105][root][INFO] - Finished replay epoch 8789/10000
[2026-05-28 20:07:44,479][root][INFO] - Finished replay epoch 8790/10000
[2026-05-28 20:07:49,716][root][INFO] - Finished replay epoch 8791/10000
[2026-05-28 20:07:55,036][root][INFO] - Finished replay epoch 8792/10000
| pretrain       | Iter: 0 | T: 16:26:24 | BS: 3392 | Batched Update FPS: 4.0548
[2026-05-28 20:08:00,427][root][INFO] - Finished replay epoch 8793/10000
[2026-05-28 20:08:05,750][root][INFO] - Finished replay epoch 8794/10000
[2026-05-28 20:08:11,073][root][INFO] - Finished replay epoch 8795/10000
[2026-05-28 20:08:16,379][root][INFO] - Finished replay epoch 8796/10000
| pretrain       | Iter: 0 | T: 16:26:44 | BS: 3392 | Batched Update FPS: 4.5222
[2026-05-28 20:08:21,754][root][INFO] - Finished replay epoch 8797/10000
[2026-05-28 20:08:26,988][root][INFO] - Finished replay epoch 8798/10000
[2026-05-28 20:08:32,331][root][INFO] - Finished replay epoch 8799/10000
[2026-05-28 20:08:37,741][root][INFO] - Finished replay epoch 8800/10000
| pretrain       | Iter: 0 | T: 16:27:05 | BS: 3392 | Batched Update FPS: 4.3729
[2026-05-28 20:08:43,137][root][INFO] - Finished replay epoch 8801/10000
[2026-05-28 20:08:48,443][root][INFO] - Finished replay epoch 8802/10000
[2026-05-28 20:08:53,724][root][INFO] - Finished replay epoch 8803/10000
| pretrain       | Iter: 0 | T: 16:27:26 | BS: 3392 | Batched Update FPS: 3.0426
[2026-05-28 20:08:59,119][root][INFO] - Finished replay epoch 8804/10000
[2026-05-28 20:09:04,445][root][INFO] - Finished replay epoch 8805/10000
[2026-05-28 20:09:09,694][root][INFO] - Finished replay epoch 8806/10000
[2026-05-28 20:09:15,032][root][INFO] - Finished replay epoch 8807/10000
| pretrain       | Iter: 0 | T: 16:27:46 | BS: 3392 | Batched Update FPS: 6.1280
[2026-05-28 20:09:20,937][root][INFO] - Finished replay epoch 8808/10000
[2026-05-28 20:09:26,234][root][INFO] - Finished replay epoch 8809/10000
[2026-05-28 20:09:31,558][root][INFO] - Finished replay epoch 8810/10000
[2026-05-28 20:09:36,780][root][INFO] - Finished replay epoch 8811/10000
| pretrain       | Iter: 0 | T: 16:28:07 | BS: 3392 | Batched Update FPS: 3.9940
[2026-05-28 20:09:42,147][root][INFO] - Finished replay epoch 8812/10000
[2026-05-28 20:09:47,380][root][INFO] - Finished replay epoch 8813/10000
[2026-05-28 20:09:52,705][root][INFO] - Finished replay epoch 8814/10000
[2026-05-28 20:09:57,953][root][INFO] - Finished replay epoch 8815/10000
| pretrain       | Iter: 0 | T: 16:28:27 | BS: 3392 | Batched Update FPS: 3.0149
[2026-05-28 20:10:03,348][root][INFO] - Finished replay epoch 8816/10000
[2026-05-28 20:10:08,685][root][INFO] - Finished replay epoch 8817/10000
[2026-05-28 20:10:14,039][root][INFO] - Finished replay epoch 8818/10000
[2026-05-28 20:10:19,337][root][INFO] - Finished replay epoch 8819/10000
| pretrain       | Iter: 0 | T: 16:28:48 | BS: 3392 | Batched Update FPS: 3.2457
[2026-05-28 20:10:24,629][root][INFO] - Finished replay epoch 8820/10000
[2026-05-28 20:10:29,919][root][INFO] - Finished replay epoch 8821/10000
[2026-05-28 20:10:35,207][root][INFO] - Finished replay epoch 8822/10000
[2026-05-28 20:10:40,582][root][INFO] - Finished replay epoch 8823/10000
| pretrain       | Iter: 0 | T: 16:29:08 | BS: 3392 | Batched Update FPS: 2.9538
[2026-05-28 20:10:46,016][root][INFO] - Finished replay epoch 8824/10000
[2026-05-28 20:10:51,329][root][INFO] - Finished replay epoch 8825/10000
[2026-05-28 20:10:56,586][root][INFO] - Finished replay epoch 8826/10000
| pretrain       | Iter: 0 | T: 16:29:29 | BS: 3392 | Batched Update FPS: 4.0722
[2026-05-28 20:11:01,825][root][INFO] - Finished replay epoch 8827/10000
[2026-05-28 20:11:07,139][root][INFO] - Finished replay epoch 8828/10000
[2026-05-28 20:11:12,478][root][INFO] - Finished replay epoch 8829/10000
[2026-05-28 20:11:17,805][root][INFO] - Finished replay epoch 8830/10000
| pretrain       | Iter: 0 | T: 16:29:49 | BS: 3392 | Batched Update FPS: 4.0896
[2026-05-28 20:11:23,111][root][INFO] - Finished replay epoch 8831/10000
[2026-05-28 20:11:28,423][root][INFO] - Finished replay epoch 8832/10000
[2026-05-28 20:11:33,699][root][INFO] - Finished replay epoch 8833/10000
[2026-05-28 20:11:39,030][root][INFO] - Finished replay epoch 8834/10000
| pretrain       | Iter: 0 | T: 16:30:10 | BS: 3392 | Batched Update FPS: 3.0543
[2026-05-28 20:11:44,371][root][INFO] - Finished replay epoch 8835/10000
[2026-05-28 20:11:49,693][root][INFO] - Finished replay epoch 8836/10000
[2026-05-28 20:11:55,030][root][INFO] - Finished replay epoch 8837/10000
[2026-05-28 20:12:00,430][root][INFO] - Finished replay epoch 8838/10000
| pretrain       | Iter: 0 | T: 16:30:30 | BS: 3392 | Batched Update FPS: 4.1224
[2026-05-28 20:12:06,560][root][INFO] - Finished replay epoch 8839/10000
[2026-05-28 20:12:13,151][root][INFO] - Finished replay epoch 8840/10000
[2026-05-28 20:12:20,310][root][INFO] - Finished replay epoch 8841/10000
[2026-05-28 20:12:27,667][root][INFO] - Finished replay epoch 8842/10000
| pretrain       | Iter: 0 | T: 16:30:57 | BS: 3392 | Batched Update FPS: 3.0049
[2026-05-28 20:12:34,786][root][INFO] - Finished replay epoch 8843/10000
[2026-05-28 20:12:41,951][root][INFO] - Finished replay epoch 8844/10000
[2026-05-28 20:12:48,994][root][INFO] - Finished replay epoch 8845/10000
[2026-05-28 20:12:56,304][root][INFO] - Finished replay epoch 8846/10000
| pretrain       | Iter: 0 | T: 16:31:25 | BS: 3392 | Batched Update FPS: 2.7494
wandb: WARNING `format` argument was not provided, defaulting to `gif`. This parameter will be required in v0.20.0, please specify the format explicitly.
wandb: Encoding video...
| pretrain_eval  | Iter: 0 | S: 230000 | E: 0 | L: 200 | R: 0.0000 | T: 16:34:04
[2026-05-28 20:15:46,410][root][INFO] - Finished replay epoch 8847/10000
[2026-05-28 20:15:52,011][root][INFO] - Finished replay epoch 8848/10000
[2026-05-28 20:15:57,818][root][INFO] - Finished replay epoch 8849/10000
[2026-05-28 20:16:03,598][root][INFO] - Finished replay epoch 8850/10000
| pretrain       | Iter: 0 | T: 16:34:31 | BS: 3392 | Batched Update FPS: 3.3856
[2026-05-28 20:16:09,380][root][INFO] - Finished replay epoch 8851/10000
[2026-05-28 20:16:15,150][root][INFO] - Finished replay epoch 8852/10000
[2026-05-28 20:16:20,966][root][INFO] - Finished replay epoch 8853/10000
| pretrain       | Iter: 0 | T: 16:34:53 | BS: 3392 | Batched Update FPS: 3.0699
[2026-05-28 20:16:26,806][root][INFO] - Finished replay epoch 8854/10000
[2026-05-28 20:16:32,607][root][INFO] - Finished replay epoch 8855/10000
[2026-05-28 20:16:38,468][root][INFO] - Finished replay epoch 8856/10000
[2026-05-28 20:16:44,313][root][INFO] - Finished replay epoch 8857/10000
| pretrain       | Iter: 0 | T: 16:35:16 | BS: 3392 | Batched Update FPS: 4.0690
[2026-05-28 20:16:50,056][root][INFO] - Finished replay epoch 8858/10000
[2026-05-28 20:16:55,798][root][INFO] - Finished replay epoch 8859/10000
[2026-05-28 20:17:01,502][root][INFO] - Finished replay epoch 8860/10000
[2026-05-28 20:17:07,337][root][INFO] - Finished replay epoch 8861/10000
| pretrain       | Iter: 0 | T: 16:35:38 | BS: 3392 | Batched Update FPS: 2.9493
[2026-05-28 20:17:13,183][root][INFO] - Finished replay epoch 8862/10000
[2026-05-28 20:17:18,876][root][INFO] - Finished replay epoch 8863/10000
[2026-05-28 20:17:24,712][root][INFO] - Finished replay epoch 8864/10000
[2026-05-28 20:17:30,356][root][INFO] - Finished replay epoch 8865/10000
| pretrain       | Iter: 0 | T: 16:36:00 | BS: 3392 | Batched Update FPS: 3.8921
[2026-05-28 20:17:36,128][root][INFO] - Finished replay epoch 8866/10000
[2026-05-28 20:17:41,938][root][INFO] - Finished replay epoch 8867/10000
[2026-05-28 20:17:47,757][root][INFO] - Finished replay epoch 8868/10000
[2026-05-28 20:17:53,543][root][INFO] - Finished replay epoch 8869/10000
| pretrain       | Iter: 0 | T: 16:36:22 | BS: 3392 | Batched Update FPS: 3.8564
[2026-05-28 20:17:59,273][root][INFO] - Finished replay epoch 8870/10000
[2026-05-28 20:18:05,071][root][INFO] - Finished replay epoch 8871/10000
[2026-05-28 20:18:10,919][root][INFO] - Finished replay epoch 8872/10000
[2026-05-28 20:18:16,558][root][INFO] - Finished replay epoch 8873/10000
| pretrain       | Iter: 0 | T: 16:36:44 | BS: 3392 | Batched Update FPS: 3.2057
[2026-05-28 20:18:22,427][root][INFO] - Finished replay epoch 8874/10000
[2026-05-28 20:18:28,237][root][INFO] - Finished replay epoch 8875/10000
[2026-05-28 20:18:34,049][root][INFO] - Finished replay epoch 8876/10000
| pretrain       | Iter: 0 | T: 16:37:07 | BS: 3392 | Batched Update FPS: 3.7031
[2026-05-28 20:18:39,841][root][INFO] - Finished replay epoch 8877/10000
[2026-05-28 20:18:45,659][root][INFO] - Finished replay epoch 8878/10000
[2026-05-28 20:18:51,330][root][INFO] - Finished replay epoch 8879/10000
[2026-05-28 20:18:57,044][root][INFO] - Finished replay epoch 8880/10000
| pretrain       | Iter: 0 | T: 16:37:29 | BS: 3392 | Batched Update FPS: 2.9760
[2026-05-28 20:19:03,106][root][INFO] - Finished replay epoch 8881/10000
[2026-05-28 20:19:08,937][root][INFO] - Finished replay epoch 8882/10000
[2026-05-28 20:19:14,636][root][INFO] - Finished replay epoch 8883/10000
[2026-05-28 20:19:19,366][root][INFO] - Finished replay epoch 8884/10000
| pretrain       | Iter: 0 | T: 16:37:49 | BS: 3392 | Batched Update FPS: 5.2086
[2026-05-28 20:19:23,907][root][INFO] - Finished replay epoch 8885/10000
[2026-05-28 20:19:28,239][root][INFO] - Finished replay epoch 8886/10000
[2026-05-28 20:19:32,389][root][INFO] - Finished replay epoch 8887/10000
[2026-05-28 20:19:36,395][root][INFO] - Finished replay epoch 8888/10000
| pretrain       | Iter: 0 | T: 16:38:05 | BS: 3392 | Batched Update FPS: 5.2191
[2026-05-28 20:19:40,490][root][INFO] - Finished replay epoch 8889/10000
[2026-05-28 20:19:44,650][root][INFO] - Finished replay epoch 8890/10000
[2026-05-28 20:19:48,852][root][INFO] - Finished replay epoch 8891/10000
[2026-05-28 20:19:53,032][root][INFO] - Finished replay epoch 8892/10000
| pretrain       | Iter: 0 | T: 16:38:22 | BS: 3392 | Batched Update FPS: 4.6188
[2026-05-28 20:19:57,291][root][INFO] - Finished replay epoch 8893/10000
[2026-05-28 20:20:01,422][root][INFO] - Finished replay epoch 8894/10000
[2026-05-28 20:20:05,515][root][INFO] - Finished replay epoch 8895/10000
[2026-05-28 20:20:09,784][root][INFO] - Finished replay epoch 8896/10000
| pretrain       | Iter: 0 | T: 16:38:38 | BS: 3392 | Batched Update FPS: 4.9538
[2026-05-28 20:20:13,892][root][INFO] - Finished replay epoch 8897/10000
[2026-05-28 20:20:17,965][root][INFO] - Finished replay epoch 8898/10000
[2026-05-28 20:20:22,114][root][INFO] - Finished replay epoch 8899/10000
[2026-05-28 20:20:26,249][root][INFO] - Finished replay epoch 8900/10000
| pretrain       | Iter: 0 | T: 16:38:53 | BS: 3392 | Batched Update FPS: 4.4612
[2026-05-28 20:20:30,352][root][INFO] - Finished replay epoch 8901/10000
[2026-05-28 20:20:34,417][root][INFO] - Finished replay epoch 8902/10000
[2026-05-28 20:20:38,608][root][INFO] - Finished replay epoch 8903/10000
| pretrain       | Iter: 0 | T: 16:39:09 | BS: 3392 | Batched Update FPS: 4.4390
[2026-05-28 20:20:42,815][root][INFO] - Finished replay epoch 8904/10000
[2026-05-28 20:20:47,011][root][INFO] - Finished replay epoch 8905/10000
[2026-05-28 20:20:51,114][root][INFO] - Finished replay epoch 8906/10000
[2026-05-28 20:20:55,215][root][INFO] - Finished replay epoch 8907/10000
| pretrain       | Iter: 0 | T: 16:39:25 | BS: 3392 | Batched Update FPS: 4.5882
[2026-05-28 20:20:59,397][root][INFO] - Finished replay epoch 8908/10000
[2026-05-28 20:21:03,478][root][INFO] - Finished replay epoch 8909/10000
[2026-05-28 20:21:07,674][root][INFO] - Finished replay epoch 8910/10000
[2026-05-28 20:21:12,075][root][INFO] - Finished replay epoch 8911/10000
| pretrain       | Iter: 0 | T: 16:39:42 | BS: 3392 | Batched Update FPS: 4.8172
[2026-05-28 20:21:16,458][root][INFO] - Finished replay epoch 8912/10000
[2026-05-28 20:21:20,629][root][INFO] - Finished replay epoch 8913/10000
[2026-05-28 20:21:24,787][root][INFO] - Finished replay epoch 8914/10000
[2026-05-28 20:21:28,999][root][INFO] - Finished replay epoch 8915/10000
| pretrain       | Iter: 0 | T: 16:39:58 | BS: 3392 | Batched Update FPS: 5.1265
[2026-05-28 20:21:33,228][root][INFO] - Finished replay epoch 8916/10000
[2026-05-28 20:21:37,362][root][INFO] - Finished replay epoch 8917/10000
[2026-05-28 20:21:41,581][root][INFO] - Finished replay epoch 8918/10000
[2026-05-28 20:21:45,744][root][INFO] - Finished replay epoch 8919/10000
| pretrain       | Iter: 0 | T: 16:40:14 | BS: 3392 | Batched Update FPS: 4.6781
[2026-05-28 20:21:50,004][root][INFO] - Finished replay epoch 8920/10000
[2026-05-28 20:21:54,248][root][INFO] - Finished replay epoch 8921/10000
[2026-05-28 20:21:58,357][root][INFO] - Finished replay epoch 8922/10000
[2026-05-28 20:22:02,468][root][INFO] - Finished replay epoch 8923/10000
| pretrain       | Iter: 0 | T: 16:40:30 | BS: 3392 | Batched Update FPS: 5.1006
[2026-05-28 20:22:07,056][root][INFO] - Finished replay epoch 8924/10000
[2026-05-28 20:22:11,266][root][INFO] - Finished replay epoch 8925/10000
[2026-05-28 20:22:15,438][root][INFO] - Finished replay epoch 8926/10000
| pretrain       | Iter: 0 | T: 16:40:47 | BS: 3392 | Batched Update FPS: 4.2260
[2026-05-28 20:22:19,728][root][INFO] - Finished replay epoch 8927/10000
[2026-05-28 20:22:23,929][root][INFO] - Finished replay epoch 8928/10000
[2026-05-28 20:22:28,057][root][INFO] - Finished replay epoch 8929/10000
[2026-05-28 20:22:32,195][root][INFO] - Finished replay epoch 8930/10000
| pretrain       | Iter: 0 | T: 16:41:03 | BS: 3392 | Batched Update FPS: 4.9888
[2026-05-28 20:22:36,373][root][INFO] - Finished replay epoch 8931/10000
[2026-05-28 20:22:40,537][root][INFO] - Finished replay epoch 8932/10000
[2026-05-28 20:22:44,708][root][INFO] - Finished replay epoch 8933/10000
[2026-05-28 20:22:48,830][root][INFO] - Finished replay epoch 8934/10000
| pretrain       | Iter: 0 | T: 16:41:19 | BS: 3392 | Batched Update FPS: 4.5393
[2026-05-28 20:22:53,068][root][INFO] - Finished replay epoch 8935/10000
[2026-05-28 20:22:57,200][root][INFO] - Finished replay epoch 8936/10000
[2026-05-28 20:23:01,399][root][INFO] - Finished replay epoch 8937/10000
[2026-05-28 20:23:05,645][root][INFO] - Finished replay epoch 8938/10000
| pretrain       | Iter: 0 | T: 16:41:35 | BS: 3392 | Batched Update FPS: 4.7851
[2026-05-28 20:23:09,884][root][INFO] - Finished replay epoch 8939/10000
[2026-05-28 20:23:14,579][root][INFO] - Finished replay epoch 8940/10000
[2026-05-28 20:23:20,354][root][INFO] - Finished replay epoch 8941/10000
[2026-05-28 20:23:26,107][root][INFO] - Finished replay epoch 8942/10000
| pretrain       | Iter: 0 | T: 16:41:55 | BS: 3392 | Batched Update FPS: 4.0741
wandb: WARNING `format` argument was not provided, defaulting to `gif`. This parameter will be required in v0.20.0, please specify the format explicitly.
wandb: Encoding video...
| pretrain_eval  | Iter: 0 | S: 232500 | E: 0 | L: 200 | R: 0.0000 | T: 16:44:22
[2026-05-28 20:26:02,849][root][INFO] - Finished replay epoch 8943/10000
[2026-05-28 20:26:08,054][root][INFO] - Finished replay epoch 8944/10000
[2026-05-28 20:26:13,308][root][INFO] - Finished replay epoch 8945/10000
[2026-05-28 20:26:18,594][root][INFO] - Finished replay epoch 8946/10000
| pretrain       | Iter: 0 | T: 16:44:47 | BS: 3392 | Batched Update FPS: 4.1436
[2026-05-28 20:26:23,899][root][INFO] - Finished replay epoch 8947/10000
[2026-05-28 20:26:29,249][root][INFO] - Finished replay epoch 8948/10000
[2026-05-28 20:26:34,526][root][INFO] - Finished replay epoch 8949/10000
[2026-05-28 20:26:39,830][root][INFO] - Finished replay epoch 8950/10000
| pretrain       | Iter: 0 | T: 16:45:07 | BS: 3392 | Batched Update FPS: 4.1422
[2026-05-28 20:26:45,113][root][INFO] - Finished replay epoch 8951/10000
[2026-05-28 20:26:50,451][root][INFO] - Finished replay epoch 8952/10000
[2026-05-28 20:26:55,729][root][INFO] - Finished replay epoch 8953/10000
| pretrain       | Iter: 0 | T: 16:45:27 | BS: 3392 | Batched Update FPS: 4.3383
[2026-05-28 20:27:00,999][root][INFO] - Finished replay epoch 8954/10000
[2026-05-28 20:27:06,300][root][INFO] - Finished replay epoch 8955/10000
[2026-05-28 20:27:11,637][root][INFO] - Finished replay epoch 8956/10000
[2026-05-28 20:27:16,948][root][INFO] - Finished replay epoch 8957/10000
| pretrain       | Iter: 0 | T: 16:45:48 | BS: 3392 | Batched Update FPS: 3.5853
[2026-05-28 20:27:22,199][root][INFO] - Finished replay epoch 8958/10000
[2026-05-28 20:27:27,478][root][INFO] - Finished replay epoch 8959/10000
[2026-05-28 20:27:32,809][root][INFO] - Finished replay epoch 8960/10000
[2026-05-28 20:27:38,112][root][INFO] - Finished replay epoch 8961/10000
| pretrain       | Iter: 0 | T: 16:46:08 | BS: 3392 | Batched Update FPS: 5.8639
[2026-05-28 20:27:43,637][root][INFO] - Finished replay epoch 8962/10000
[2026-05-28 20:27:48,959][root][INFO] - Finished replay epoch 8963/10000
[2026-05-28 20:27:54,234][root][INFO] - Finished replay epoch 8964/10000
[2026-05-28 20:27:59,560][root][INFO] - Finished replay epoch 8965/10000
| pretrain       | Iter: 0 | T: 16:46:29 | BS: 3392 | Batched Update FPS: 3.1223
[2026-05-28 20:28:04,882][root][INFO] - Finished replay epoch 8966/10000
[2026-05-28 20:28:10,200][root][INFO] - Finished replay epoch 8967/10000
[2026-05-28 20:28:15,464][root][INFO] - Finished replay epoch 8968/10000
[2026-05-28 20:28:20,806][root][INFO] - Finished replay epoch 8969/10000
| pretrain       | Iter: 0 | T: 16:46:49 | BS: 3392 | Batched Update FPS: 3.5941
[2026-05-28 20:28:26,109][root][INFO] - Finished replay epoch 8970/10000
[2026-05-28 20:28:31,450][root][INFO] - Finished replay epoch 8971/10000
[2026-05-28 20:28:36,704][root][INFO] - Finished replay epoch 8972/10000
[2026-05-28 20:28:42,103][root][INFO] - Finished replay epoch 8973/10000
| pretrain       | Iter: 0 | T: 16:47:10 | BS: 3392 | Batched Update FPS: 3.4639
[2026-05-28 20:28:47,403][root][INFO] - Finished replay epoch 8974/10000
[2026-05-28 20:28:52,592][root][INFO] - Finished replay epoch 8975/10000
[2026-05-28 20:28:57,916][root][INFO] - Finished replay epoch 8976/10000
| pretrain       | Iter: 0 | T: 16:47:30 | BS: 3392 | Batched Update FPS: 3.5331
[2026-05-28 20:29:03,249][root][INFO] - Finished replay epoch 8977/10000
[2026-05-28 20:29:08,467][root][INFO] - Finished replay epoch 8978/10000
[2026-05-28 20:29:13,813][root][INFO] - Finished replay epoch 8979/10000
[2026-05-28 20:29:19,158][root][INFO] - Finished replay epoch 8980/10000
| pretrain       | Iter: 0 | T: 16:47:51 | BS: 3392 | Batched Update FPS: 3.0689
[2026-05-28 20:29:24,543][root][INFO] - Finished replay epoch 8981/10000
[2026-05-28 20:29:29,765][root][INFO] - Finished replay epoch 8982/10000
[2026-05-28 20:29:35,073][root][INFO] - Finished replay epoch 8983/10000
[2026-05-28 20:29:40,390][root][INFO] - Finished replay epoch 8984/10000
| pretrain       | Iter: 0 | T: 16:48:11 | BS: 3392 | Batched Update FPS: 3.2787
[2026-05-28 20:29:45,696][root][INFO] - Finished replay epoch 8985/10000
[2026-05-28 20:29:50,954][root][INFO] - Finished replay epoch 8986/10000
[2026-05-28 20:29:56,236][root][INFO] - Finished replay epoch 8987/10000
[2026-05-28 20:30:01,539][root][INFO] - Finished replay epoch 8988/10000
| pretrain       | Iter: 0 | T: 16:48:31 | BS: 3392 | Batched Update FPS: 3.1253
[2026-05-28 20:30:06,470][root][INFO] - Finished replay epoch 8989/10000
[2026-05-28 20:30:11,747][root][INFO] - Finished replay epoch 8990/10000
[2026-05-28 20:30:17,004][root][INFO] - Finished replay epoch 8991/10000
[2026-05-28 20:30:22,306][root][INFO] - Finished replay epoch 8992/10000
| pretrain       | Iter: 0 | T: 16:48:51 | BS: 3392 | Batched Update FPS: 4.0769
[2026-05-28 20:30:27,557][root][INFO] - Finished replay epoch 8993/10000
[2026-05-28 20:30:32,828][root][INFO] - Finished replay epoch 8994/10000
[2026-05-28 20:30:38,182][root][INFO] - Finished replay epoch 8995/10000
[2026-05-28 20:30:43,441][root][INFO] - Finished replay epoch 8996/10000
| pretrain       | Iter: 0 | T: 16:49:11 | BS: 3392 | Batched Update FPS: 3.3373
[2026-05-28 20:30:48,730][root][INFO] - Finished replay epoch 8997/10000
[2026-05-28 20:30:54,040][root][INFO] - Finished replay epoch 8998/10000
[2026-05-28 20:30:59,295][root][INFO] - Finished replay epoch 8999/10000
[2026-05-28 20:31:05,049][root][INFO] - Finished replay epoch 9000/10000
| pretrain       | Iter: 0 | T: 16:49:32 | BS: 3392 | Batched Update FPS: 6.1283
[2026-05-28 20:31:10,333][root][INFO] - Finished replay epoch 9001/10000
[2026-05-28 20:31:15,595][root][INFO] - Finished replay epoch 9002/10000
[2026-05-28 20:31:20,957][root][INFO] - Finished replay epoch 9003/10000
| pretrain       | Iter: 0 | T: 16:49:53 | BS: 3392 | Batched Update FPS: 4.5796
[2026-05-28 20:31:26,162][root][INFO] - Finished replay epoch 9004/10000
[2026-05-28 20:31:31,444][root][INFO] - Finished replay epoch 9005/10000
[2026-05-28 20:31:36,738][root][INFO] - Finished replay epoch 9006/10000
[2026-05-28 20:31:42,082][root][INFO] - Finished replay epoch 9007/10000
| pretrain       | Iter: 0 | T: 16:50:13 | BS: 3392 | Batched Update FPS: 3.2755
[2026-05-28 20:31:47,348][root][INFO] - Finished replay epoch 9008/10000
[2026-05-28 20:31:52,670][root][INFO] - Finished replay epoch 9009/10000
[2026-05-28 20:31:58,012][root][INFO] - Finished replay epoch 9010/10000
[2026-05-28 20:32:03,325][root][INFO] - Finished replay epoch 9011/10000
| pretrain       | Iter: 0 | T: 16:50:33 | BS: 3392 | Batched Update FPS: 3.1459
[2026-05-28 20:32:08,584][root][INFO] - Finished replay epoch 9012/10000
[2026-05-28 20:32:13,916][root][INFO] - Finished replay epoch 9013/10000
[2026-05-28 20:32:19,207][root][INFO] - Finished replay epoch 9014/10000
[2026-05-28 20:32:24,439][root][INFO] - Finished replay epoch 9015/10000
| pretrain       | Iter: 0 | T: 16:50:54 | BS: 3392 | Batched Update FPS: 3.1651
[2026-05-28 20:32:29,819][root][INFO] - Finished replay epoch 9016/10000
[2026-05-28 20:32:35,283][root][INFO] - Finished replay epoch 9017/10000
[2026-05-28 20:32:40,534][root][INFO] - Finished replay epoch 9018/10000
[2026-05-28 20:32:45,785][root][INFO] - Finished replay epoch 9019/10000
| pretrain       | Iter: 0 | T: 16:51:14 | BS: 3392 | Batched Update FPS: 3.3689
[2026-05-28 20:32:51,018][root][INFO] - Finished replay epoch 9020/10000
[2026-05-28 20:32:56,368][root][INFO] - Finished replay epoch 9021/10000
[2026-05-28 20:33:01,607][root][INFO] - Finished replay epoch 9022/10000
[2026-05-28 20:33:06,887][root][INFO] - Finished replay epoch 9023/10000
| pretrain       | Iter: 0 | T: 16:51:35 | BS: 3392 | Batched Update FPS: 3.2447
[2026-05-28 20:33:12,187][root][INFO] - Finished replay epoch 9024/10000
[2026-05-28 20:33:17,501][root][INFO] - Finished replay epoch 9025/10000
[2026-05-28 20:33:22,895][root][INFO] - Finished replay epoch 9026/10000
| pretrain       | Iter: 0 | T: 16:51:55 | BS: 3392 | Batched Update FPS: 4.0087
[2026-05-28 20:33:28,197][root][INFO] - Finished replay epoch 9027/10000
[2026-05-28 20:33:33,439][root][INFO] - Finished replay epoch 9028/10000
[2026-05-28 20:33:38,750][root][INFO] - Finished replay epoch 9029/10000
[2026-05-28 20:33:44,006][root][INFO] - Finished replay epoch 9030/10000
| pretrain       | Iter: 0 | T: 16:52:15 | BS: 3392 | Batched Update FPS: 3.1652
[2026-05-28 20:33:49,302][root][INFO] - Finished replay epoch 9031/10000
[2026-05-28 20:33:54,611][root][INFO] - Finished replay epoch 9032/10000
[2026-05-28 20:33:59,924][root][INFO] - Finished replay epoch 9033/10000
[2026-05-28 20:34:05,199][root][INFO] - Finished replay epoch 9034/10000
| pretrain       | Iter: 0 | T: 16:52:36 | BS: 3392 | Batched Update FPS: 3.2698
[2026-05-28 20:34:10,583][root][INFO] - Finished replay epoch 9035/10000
[2026-05-28 20:34:15,881][root][INFO] - Finished replay epoch 9036/10000
[2026-05-28 20:34:21,200][root][INFO] - Finished replay epoch 9037/10000
[2026-05-28 20:34:26,450][root][INFO] - Finished replay epoch 9038/10000
| pretrain       | Iter: 0 | T: 16:52:56 | BS: 3392 | Batched Update FPS: 4.8201
wandb: WARNING `format` argument was not provided, defaulting to `gif`. This parameter will be required in v0.20.0, please specify the format explicitly.
wandb: Encoding video...
| pretrain_eval  | Iter: 0 | S: 235000 | E: 0 | L: 200 | R: 0.0000 | T: 16:55:19
[2026-05-28 20:36:59,076][root][INFO] - Finished replay epoch 9039/10000
[2026-05-28 20:37:02,867][root][INFO] - Finished replay epoch 9040/10000
[2026-05-28 20:37:06,707][root][INFO] - Finished replay epoch 9041/10000
[2026-05-28 20:37:10,554][root][INFO] - Finished replay epoch 9042/10000
| pretrain       | Iter: 0 | T: 16:55:39 | BS: 3392 | Batched Update FPS: 4.8839
[2026-05-28 20:37:14,454][root][INFO] - Finished replay epoch 9043/10000
[2026-05-28 20:37:18,325][root][INFO] - Finished replay epoch 9044/10000
[2026-05-28 20:37:22,179][root][INFO] - Finished replay epoch 9045/10000
[2026-05-28 20:37:26,009][root][INFO] - Finished replay epoch 9046/10000
| pretrain       | Iter: 0 | T: 16:55:54 | BS: 3392 | Batched Update FPS: 4.9934
[2026-05-28 20:37:29,889][root][INFO] - Finished replay epoch 9047/10000
[2026-05-28 20:37:33,753][root][INFO] - Finished replay epoch 9048/10000
[2026-05-28 20:37:37,499][root][INFO] - Finished replay epoch 9049/10000
[2026-05-28 20:37:41,335][root][INFO] - Finished replay epoch 9050/10000
| pretrain       | Iter: 0 | T: 16:56:08 | BS: 3392 | Batched Update FPS: 5.0632
[2026-05-28 20:37:45,211][root][INFO] - Finished replay epoch 9051/10000
[2026-05-28 20:37:49,045][root][INFO] - Finished replay epoch 9052/10000
[2026-05-28 20:37:52,888][root][INFO] - Finished replay epoch 9053/10000
| pretrain       | Iter: 0 | T: 16:56:23 | BS: 3392 | Batched Update FPS: 5.0959
[2026-05-28 20:37:56,768][root][INFO] - Finished replay epoch 9054/10000
[2026-05-28 20:38:00,577][root][INFO] - Finished replay epoch 9055/10000
[2026-05-28 20:38:04,392][root][INFO] - Finished replay epoch 9056/10000
[2026-05-28 20:38:08,221][root][INFO] - Finished replay epoch 9057/10000
| pretrain       | Iter: 0 | T: 16:56:38 | BS: 3392 | Batched Update FPS: 5.1313
[2026-05-28 20:38:12,137][root][INFO] - Finished replay epoch 9058/10000
[2026-05-28 20:38:15,947][root][INFO] - Finished replay epoch 9059/10000
[2026-05-28 20:38:19,760][root][INFO] - Finished replay epoch 9060/10000
[2026-05-28 20:38:23,655][root][INFO] - Finished replay epoch 9061/10000
| pretrain       | Iter: 0 | T: 16:56:53 | BS: 3392 | Batched Update FPS: 4.9544
[2026-05-28 20:38:27,505][root][INFO] - Finished replay epoch 9062/10000
[2026-05-28 20:38:31,357][root][INFO] - Finished replay epoch 9063/10000
[2026-05-28 20:38:35,226][root][INFO] - Finished replay epoch 9064/10000
[2026-05-28 20:38:39,061][root][INFO] - Finished replay epoch 9065/10000
| pretrain       | Iter: 0 | T: 16:57:08 | BS: 3392 | Batched Update FPS: 4.8786
[2026-05-28 20:38:42,926][root][INFO] - Finished replay epoch 9066/10000
[2026-05-28 20:38:46,756][root][INFO] - Finished replay epoch 9067/10000
[2026-05-28 20:38:50,629][root][INFO] - Finished replay epoch 9068/10000
[2026-05-28 20:38:54,559][root][INFO] - Finished replay epoch 9069/10000
| pretrain       | Iter: 0 | T: 16:57:23 | BS: 3392 | Batched Update FPS: 5.1559
[2026-05-28 20:38:58,439][root][INFO] - Finished replay epoch 9070/10000
[2026-05-28 20:39:02,235][root][INFO] - Finished replay epoch 9071/10000
[2026-05-28 20:39:06,030][root][INFO] - Finished replay epoch 9072/10000
[2026-05-28 20:39:09,793][root][INFO] - Finished replay epoch 9073/10000
| pretrain       | Iter: 0 | T: 16:57:37 | BS: 3392 | Batched Update FPS: 4.9816
[2026-05-28 20:39:13,654][root][INFO] - Finished replay epoch 9074/10000
[2026-05-28 20:39:17,524][root][INFO] - Finished replay epoch 9075/10000
[2026-05-28 20:39:21,311][root][INFO] - Finished replay epoch 9076/10000
| pretrain       | Iter: 0 | T: 16:57:52 | BS: 3392 | Batched Update FPS: 5.9197
[2026-05-28 20:39:25,424][root][INFO] - Finished replay epoch 9077/10000
[2026-05-28 20:39:29,255][root][INFO] - Finished replay epoch 9078/10000
[2026-05-28 20:39:33,093][root][INFO] - Finished replay epoch 9079/10000
[2026-05-28 20:39:36,919][root][INFO] - Finished replay epoch 9080/10000
| pretrain       | Iter: 0 | T: 16:58:07 | BS: 3392 | Batched Update FPS: 5.0281
[2026-05-28 20:39:40,742][root][INFO] - Finished replay epoch 9081/10000
[2026-05-28 20:39:44,551][root][INFO] - Finished replay epoch 9082/10000
[2026-05-28 20:39:48,389][root][INFO] - Finished replay epoch 9083/10000
[2026-05-28 20:39:52,228][root][INFO] - Finished replay epoch 9084/10000
| pretrain       | Iter: 0 | T: 16:58:22 | BS: 3392 | Batched Update FPS: 4.9809
[2026-05-28 20:39:56,076][root][INFO] - Finished replay epoch 9085/10000
[2026-05-28 20:39:59,920][root][INFO] - Finished replay epoch 9086/10000
[2026-05-28 20:40:03,748][root][INFO] - Finished replay epoch 9087/10000
[2026-05-28 20:40:07,571][root][INFO] - Finished replay epoch 9088/10000
| pretrain       | Iter: 0 | T: 16:58:37 | BS: 3392 | Batched Update FPS: 4.9812
[2026-05-28 20:40:11,434][root][INFO] - Finished replay epoch 9089/10000
[2026-05-28 20:40:15,267][root][INFO] - Finished replay epoch 9090/10000
[2026-05-28 20:40:19,102][root][INFO] - Finished replay epoch 9091/10000
[2026-05-28 20:40:22,954][root][INFO] - Finished replay epoch 9092/10000
| pretrain       | Iter: 0 | T: 16:58:51 | BS: 3392 | Batched Update FPS: 4.9624
[2026-05-28 20:40:26,848][root][INFO] - Finished replay epoch 9093/10000
[2026-05-28 20:40:30,667][root][INFO] - Finished replay epoch 9094/10000
[2026-05-28 20:40:34,512][root][INFO] - Finished replay epoch 9095/10000
[2026-05-28 20:40:38,524][root][INFO] - Finished replay epoch 9096/10000
| pretrain       | Iter: 0 | T: 16:59:07 | BS: 3392 | Batched Update FPS: 3.7219
[2026-05-28 20:40:43,119][root][INFO] - Finished replay epoch 9097/10000
[2026-05-28 20:40:48,012][root][INFO] - Finished replay epoch 9098/10000
[2026-05-28 20:40:53,351][root][INFO] - Finished replay epoch 9099/10000
[2026-05-28 20:40:58,709][root][INFO] - Finished replay epoch 9100/10000
| pretrain       | Iter: 0 | T: 16:59:26 | BS: 3392 | Batched Update FPS: 4.1200
[2026-05-28 20:41:03,981][root][INFO] - Finished replay epoch 9101/10000
[2026-05-28 20:41:09,337][root][INFO] - Finished replay epoch 9102/10000
[2026-05-28 20:41:14,709][root][INFO] - Finished replay epoch 9103/10000
| pretrain       | Iter: 0 | T: 16:59:47 | BS: 3392 | Batched Update FPS: 2.9947
[2026-05-28 20:41:20,781][root][INFO] - Finished replay epoch 9104/10000
[2026-05-28 20:41:26,287][root][INFO] - Finished replay epoch 9105/10000
[2026-05-28 20:41:31,691][root][INFO] - Finished replay epoch 9106/10000
[2026-05-28 20:41:37,102][root][INFO] - Finished replay epoch 9107/10000
| pretrain       | Iter: 0 | T: 17:00:08 | BS: 3392 | Batched Update FPS: 3.1799
[2026-05-28 20:41:42,514][root][INFO] - Finished replay epoch 9108/10000
[2026-05-28 20:41:47,758][root][INFO] - Finished replay epoch 9109/10000
[2026-05-28 20:41:53,122][root][INFO] - Finished replay epoch 9110/10000
[2026-05-28 20:41:58,537][root][INFO] - Finished replay epoch 9111/10000
| pretrain       | Iter: 0 | T: 17:00:29 | BS: 3392 | Batched Update FPS: 3.2260
[2026-05-28 20:42:03,989][root][INFO] - Finished replay epoch 9112/10000
[2026-05-28 20:42:09,282][root][INFO] - Finished replay epoch 9113/10000
[2026-05-28 20:42:14,642][root][INFO] - Finished replay epoch 9114/10000
[2026-05-28 20:42:19,995][root][INFO] - Finished replay epoch 9115/10000
| pretrain       | Iter: 0 | T: 17:00:50 | BS: 3392 | Batched Update FPS: 5.6574
[2026-05-28 20:42:25,849][root][INFO] - Finished replay epoch 9116/10000
[2026-05-28 20:42:31,159][root][INFO] - Finished replay epoch 9117/10000
[2026-05-28 20:42:36,493][root][INFO] - Finished replay epoch 9118/10000
[2026-05-28 20:42:41,862][root][INFO] - Finished replay epoch 9119/10000
| pretrain       | Iter: 0 | T: 17:01:10 | BS: 3392 | Batched Update FPS: 4.2390
[2026-05-28 20:42:47,239][root][INFO] - Finished replay epoch 9120/10000
[2026-05-28 20:42:52,630][root][INFO] - Finished replay epoch 9121/10000
[2026-05-28 20:42:57,977][root][INFO] - Finished replay epoch 9122/10000
[2026-05-28 20:43:03,384][root][INFO] - Finished replay epoch 9123/10000
| pretrain       | Iter: 0 | T: 17:01:31 | BS: 3392 | Batched Update FPS: 3.0380
[2026-05-28 20:43:08,821][root][INFO] - Finished replay epoch 9124/10000
[2026-05-28 20:43:14,187][root][INFO] - Finished replay epoch 9125/10000
[2026-05-28 20:43:19,599][root][INFO] - Finished replay epoch 9126/10000
| pretrain       | Iter: 0 | T: 17:01:52 | BS: 3392 | Batched Update FPS: 4.1251
[2026-05-28 20:43:24,966][root][INFO] - Finished replay epoch 9127/10000
[2026-05-28 20:43:30,264][root][INFO] - Finished replay epoch 9128/10000
[2026-05-28 20:43:35,610][root][INFO] - Finished replay epoch 9129/10000
[2026-05-28 20:43:40,965][root][INFO] - Finished replay epoch 9130/10000
| pretrain       | Iter: 0 | T: 17:02:12 | BS: 3392 | Batched Update FPS: 4.0158
[2026-05-28 20:43:46,352][root][INFO] - Finished replay epoch 9131/10000
[2026-05-28 20:43:51,726][root][INFO] - Finished replay epoch 9132/10000
[2026-05-28 20:43:57,104][root][INFO] - Finished replay epoch 9133/10000
[2026-05-28 20:44:02,466][root][INFO] - Finished replay epoch 9134/10000
| pretrain       | Iter: 0 | T: 17:02:33 | BS: 3392 | Batched Update FPS: 3.1572
wandb: WARNING `format` argument was not provided, defaulting to `gif`. This parameter will be required in v0.20.0, please specify the format explicitly.
wandb: Encoding video...
| pretrain_eval  | Iter: 0 | S: 237500 | E: 0 | L: 200 | R: 0.0000 | T: 17:04:31
[2026-05-28 20:46:10,530][root][INFO] - Finished replay epoch 9135/10000
[2026-05-28 20:46:15,903][root][INFO] - Finished replay epoch 9136/10000
[2026-05-28 20:46:21,322][root][INFO] - Finished replay epoch 9137/10000
[2026-05-28 20:46:26,634][root][INFO] - Finished replay epoch 9138/10000
| pretrain       | Iter: 0 | T: 17:04:56 | BS: 3392 | Batched Update FPS: 3.0029
[2026-05-28 20:46:32,037][root][INFO] - Finished replay epoch 9139/10000
[2026-05-28 20:46:37,497][root][INFO] - Finished replay epoch 9140/10000
[2026-05-28 20:46:42,802][root][INFO] - Finished replay epoch 9141/10000
[2026-05-28 20:46:48,192][root][INFO] - Finished replay epoch 9142/10000
| pretrain       | Iter: 0 | T: 17:05:17 | BS: 3392 | Batched Update FPS: 4.2525
[2026-05-28 20:46:53,580][root][INFO] - Finished replay epoch 9143/10000
[2026-05-28 20:46:58,945][root][INFO] - Finished replay epoch 9144/10000
[2026-05-28 20:47:04,200][root][INFO] - Finished replay epoch 9145/10000
[2026-05-28 20:47:09,526][root][INFO] - Finished replay epoch 9146/10000
| pretrain       | Iter: 0 | T: 17:05:38 | BS: 3392 | Batched Update FPS: 4.4517
[2026-05-28 20:47:14,932][root][INFO] - Finished replay epoch 9147/10000
[2026-05-28 20:47:20,241][root][INFO] - Finished replay epoch 9148/10000
[2026-05-28 20:47:25,518][root][INFO] - Finished replay epoch 9149/10000
[2026-05-28 20:47:30,885][root][INFO] - Finished replay epoch 9150/10000
| pretrain       | Iter: 0 | T: 17:05:58 | BS: 3392 | Batched Update FPS: 3.6111
[2026-05-28 20:47:36,269][root][INFO] - Finished replay epoch 9151/10000
[2026-05-28 20:47:41,577][root][INFO] - Finished replay epoch 9152/10000
[2026-05-28 20:47:46,995][root][INFO] - Finished replay epoch 9153/10000
| pretrain       | Iter: 0 | T: 17:06:19 | BS: 3392 | Batched Update FPS: 6.2856
[2026-05-28 20:47:52,551][root][INFO] - Finished replay epoch 9154/10000
[2026-05-28 20:47:57,813][root][INFO] - Finished replay epoch 9155/10000
[2026-05-28 20:48:03,120][root][INFO] - Finished replay epoch 9156/10000
[2026-05-28 20:48:08,463][root][INFO] - Finished replay epoch 9157/10000
| pretrain       | Iter: 0 | T: 17:06:39 | BS: 3392 | Batched Update FPS: 3.2904
[2026-05-28 20:48:13,840][root][INFO] - Finished replay epoch 9158/10000
[2026-05-28 20:48:19,255][root][INFO] - Finished replay epoch 9159/10000
[2026-05-28 20:48:24,600][root][INFO] - Finished replay epoch 9160/10000
[2026-05-28 20:48:29,993][root][INFO] - Finished replay epoch 9161/10000
| pretrain       | Iter: 0 | T: 17:07:00 | BS: 3392 | Batched Update FPS: 4.4110
[2026-05-28 20:48:35,307][root][INFO] - Finished replay epoch 9162/10000
[2026-05-28 20:48:40,656][root][INFO] - Finished replay epoch 9163/10000
[2026-05-28 20:48:46,075][root][INFO] - Finished replay epoch 9164/10000
[2026-05-28 20:48:51,521][root][INFO] - Finished replay epoch 9165/10000
| pretrain       | Iter: 0 | T: 17:07:21 | BS: 3392 | Batched Update FPS: 3.2704
[2026-05-28 20:48:56,903][root][INFO] - Finished replay epoch 9166/10000
[2026-05-28 20:49:02,217][root][INFO] - Finished replay epoch 9167/10000
[2026-05-28 20:49:07,610][root][INFO] - Finished replay epoch 9168/10000
[2026-05-28 20:49:12,960][root][INFO] - Finished replay epoch 9169/10000
| pretrain       | Iter: 0 | T: 17:07:41 | BS: 3392 | Batched Update FPS: 3.8147
[2026-05-28 20:49:18,312][root][INFO] - Finished replay epoch 9170/10000
[2026-05-28 20:49:23,696][root][INFO] - Finished replay epoch 9171/10000
[2026-05-28 20:49:29,015][root][INFO] - Finished replay epoch 9172/10000
[2026-05-28 20:49:34,392][root][INFO] - Finished replay epoch 9173/10000
| pretrain       | Iter: 0 | T: 17:08:02 | BS: 3392 | Batched Update FPS: 3.1421
[2026-05-28 20:49:39,751][root][INFO] - Finished replay epoch 9174/10000
[2026-05-28 20:49:45,106][root][INFO] - Finished replay epoch 9175/10000
[2026-05-28 20:49:50,413][root][INFO] - Finished replay epoch 9176/10000
| pretrain       | Iter: 0 | T: 17:08:23 | BS: 3392 | Batched Update FPS: 3.1748
[2026-05-28 20:49:55,696][root][INFO] - Finished replay epoch 9177/10000
[2026-05-28 20:50:01,080][root][INFO] - Finished replay epoch 9178/10000
[2026-05-28 20:50:06,416][root][INFO] - Finished replay epoch 9179/10000
[2026-05-28 20:50:11,695][root][INFO] - Finished replay epoch 9180/10000
| pretrain       | Iter: 0 | T: 17:08:43 | BS: 3392 | Batched Update FPS: 3.1583
[2026-05-28 20:50:17,046][root][INFO] - Finished replay epoch 9181/10000
[2026-05-28 20:50:22,367][root][INFO] - Finished replay epoch 9182/10000
[2026-05-28 20:50:27,860][root][INFO] - Finished replay epoch 9183/10000
[2026-05-28 20:50:33,088][root][INFO] - Finished replay epoch 9184/10000
| pretrain       | Iter: 0 | T: 17:09:04 | BS: 3392 | Batched Update FPS: 4.0175
[2026-05-28 20:50:38,433][root][INFO] - Finished replay epoch 9185/10000
[2026-05-28 20:50:43,756][root][INFO] - Finished replay epoch 9186/10000
[2026-05-28 20:50:49,111][root][INFO] - Finished replay epoch 9187/10000
[2026-05-28 20:50:54,362][root][INFO] - Finished replay epoch 9188/10000
| pretrain       | Iter: 0 | T: 17:09:24 | BS: 3392 | Batched Update FPS: 4.0020
[2026-05-28 20:50:59,746][root][INFO] - Finished replay epoch 9189/10000
[2026-05-28 20:51:05,259][root][INFO] - Finished replay epoch 9190/10000
[2026-05-28 20:51:10,597][root][INFO] - Finished replay epoch 9191/10000
[2026-05-28 20:51:15,960][root][INFO] - Finished replay epoch 9192/10000
| pretrain       | Iter: 0 | T: 17:09:45 | BS: 3392 | Batched Update FPS: 3.4659
[2026-05-28 20:51:21,613][root][INFO] - Finished replay epoch 9193/10000
[2026-05-28 20:51:26,986][root][INFO] - Finished replay epoch 9194/10000
[2026-05-28 20:51:32,396][root][INFO] - Finished replay epoch 9195/10000
[2026-05-28 20:51:37,739][root][INFO] - Finished replay epoch 9196/10000
| pretrain       | Iter: 0 | T: 17:10:06 | BS: 3392 | Batched Update FPS: 3.9533
[2026-05-28 20:51:43,164][root][INFO] - Finished replay epoch 9197/10000
[2026-05-28 20:51:48,459][root][INFO] - Finished replay epoch 9198/10000
[2026-05-28 20:51:53,824][root][INFO] - Finished replay epoch 9199/10000
[2026-05-28 20:51:59,137][root][INFO] - Finished replay epoch 9200/10000
| pretrain       | Iter: 0 | T: 17:10:26 | BS: 3392 | Batched Update FPS: 4.8429
[2026-05-28 20:52:04,469][root][INFO] - Finished replay epoch 9201/10000
[2026-05-28 20:52:09,824][root][INFO] - Finished replay epoch 9202/10000
[2026-05-28 20:52:15,292][root][INFO] - Finished replay epoch 9203/10000
| pretrain       | Iter: 0 | T: 17:10:47 | BS: 3392 | Batched Update FPS: 3.5221
[2026-05-28 20:52:20,605][root][INFO] - Finished replay epoch 9204/10000
[2026-05-28 20:52:26,006][root][INFO] - Finished replay epoch 9205/10000
[2026-05-28 20:52:31,309][root][INFO] - Finished replay epoch 9206/10000
[2026-05-28 20:52:36,604][root][INFO] - Finished replay epoch 9207/10000
| pretrain       | Iter: 0 | T: 17:11:08 | BS: 3392 | Batched Update FPS: 3.2339
[2026-05-28 20:52:41,939][root][INFO] - Finished replay epoch 9208/10000
[2026-05-28 20:52:47,253][root][INFO] - Finished replay epoch 9209/10000
[2026-05-28 20:52:52,549][root][INFO] - Finished replay epoch 9210/10000
[2026-05-28 20:52:58,009][root][INFO] - Finished replay epoch 9211/10000
| pretrain       | Iter: 0 | T: 17:11:28 | BS: 3392 | Batched Update FPS: 3.9876
[2026-05-28 20:53:03,359][root][INFO] - Finished replay epoch 9212/10000
[2026-05-28 20:53:08,780][root][INFO] - Finished replay epoch 9213/10000
[2026-05-28 20:53:14,093][root][INFO] - Finished replay epoch 9214/10000
[2026-05-28 20:53:19,491][root][INFO] - Finished replay epoch 9215/10000
| pretrain       | Iter: 0 | T: 17:11:49 | BS: 3392 | Batched Update FPS: 3.0264
[2026-05-28 20:53:24,878][root][INFO] - Finished replay epoch 9216/10000
[2026-05-28 20:53:30,179][root][INFO] - Finished replay epoch 9217/10000
[2026-05-28 20:53:35,581][root][INFO] - Finished replay epoch 9218/10000
[2026-05-28 20:53:40,871][root][INFO] - Finished replay epoch 9219/10000
| pretrain       | Iter: 0 | T: 17:12:09 | BS: 3392 | Batched Update FPS: 3.1586
[2026-05-28 20:53:46,210][root][INFO] - Finished replay epoch 9220/10000
[2026-05-28 20:53:51,548][root][INFO] - Finished replay epoch 9221/10000
[2026-05-28 20:53:56,958][root][INFO] - Finished replay epoch 9222/10000
[2026-05-28 20:54:02,268][root][INFO] - Finished replay epoch 9223/10000
| pretrain       | Iter: 0 | T: 17:12:30 | BS: 3392 | Batched Update FPS: 4.1109
[2026-05-28 20:54:07,661][root][INFO] - Finished replay epoch 9224/10000
[2026-05-28 20:54:12,984][root][INFO] - Finished replay epoch 9225/10000
[2026-05-28 20:54:18,371][root][INFO] - Finished replay epoch 9226/10000
| pretrain       | Iter: 0 | T: 17:12:51 | BS: 3392 | Batched Update FPS: 2.9801
[2026-05-28 20:54:23,746][root][INFO] - Finished replay epoch 9227/10000
[2026-05-28 20:54:29,043][root][INFO] - Finished replay epoch 9228/10000
[2026-05-28 20:54:34,319][root][INFO] - Finished replay epoch 9229/10000
[2026-05-28 20:54:39,668][root][INFO] - Finished replay epoch 9230/10000
| pretrain       | Iter: 0 | T: 17:13:11 | BS: 3392 | Batched Update FPS: 5.9993
wandb: WARNING `format` argument was not provided, defaulting to `gif`. This parameter will be required in v0.20.0, please specify the format explicitly.
wandb: Encoding video...
| pretrain_eval  | Iter: 0 | S: 240000 | E: 0 | L: 200 | R: 0.0000 | T: 17:15:27
[2026-05-28 20:57:05,937][root][INFO] - Finished replay epoch 9231/10000
[2026-05-28 20:57:11,265][root][INFO] - Finished replay epoch 9232/10000
[2026-05-28 20:57:16,623][root][INFO] - Finished replay epoch 9233/10000
[2026-05-28 20:57:21,874][root][INFO] - Finished replay epoch 9234/10000
| pretrain       | Iter: 0 | T: 17:15:52 | BS: 3392 | Batched Update FPS: 4.3578
[2026-05-28 20:57:27,159][root][INFO] - Finished replay epoch 9235/10000
[2026-05-28 20:57:32,528][root][INFO] - Finished replay epoch 9236/10000
[2026-05-28 20:57:37,851][root][INFO] - Finished replay epoch 9237/10000
[2026-05-28 20:57:43,219][root][INFO] - Finished replay epoch 9238/10000
| pretrain       | Iter: 0 | T: 17:16:13 | BS: 3392 | Batched Update FPS: 3.2428
[2026-05-28 20:57:48,491][root][INFO] - Finished replay epoch 9239/10000
[2026-05-28 20:57:53,732][root][INFO] - Finished replay epoch 9240/10000
[2026-05-28 20:57:58,990][root][INFO] - Finished replay epoch 9241/10000
[2026-05-28 20:58:04,323][root][INFO] - Finished replay epoch 9242/10000
| pretrain       | Iter: 0 | T: 17:16:33 | BS: 3392 | Batched Update FPS: 3.6066
[2026-05-28 20:58:09,548][root][INFO] - Finished replay epoch 9243/10000
[2026-05-28 20:58:14,753][root][INFO] - Finished replay epoch 9244/10000
[2026-05-28 20:58:20,012][root][INFO] - Finished replay epoch 9245/10000
[2026-05-28 20:58:25,340][root][INFO] - Finished replay epoch 9246/10000
| pretrain       | Iter: 0 | T: 17:16:53 | BS: 3392 | Batched Update FPS: 3.9644
[2026-05-28 20:58:30,622][root][INFO] - Finished replay epoch 9247/10000
[2026-05-28 20:58:35,918][root][INFO] - Finished replay epoch 9248/10000
[2026-05-28 20:58:41,222][root][INFO] - Finished replay epoch 9249/10000
[2026-05-28 20:58:46,484][root][INFO] - Finished replay epoch 9250/10000
| pretrain       | Iter: 0 | T: 17:17:14 | BS: 3392 | Batched Update FPS: 3.6622
[2026-05-28 20:58:51,753][root][INFO] - Finished replay epoch 9251/10000
[2026-05-28 20:58:57,093][root][INFO] - Finished replay epoch 9252/10000
[2026-05-28 20:59:02,350][root][INFO] - Finished replay epoch 9253/10000
| pretrain       | Iter: 0 | T: 17:17:34 | BS: 3392 | Batched Update FPS: 3.0621
[2026-05-28 20:59:07,602][root][INFO] - Finished replay epoch 9254/10000
[2026-05-28 20:59:12,949][root][INFO] - Finished replay epoch 9255/10000
[2026-05-28 20:59:18,327][root][INFO] - Finished replay epoch 9256/10000
[2026-05-28 20:59:23,600][root][INFO] - Finished replay epoch 9257/10000
| pretrain       | Iter: 0 | T: 17:17:55 | BS: 3392 | Batched Update FPS: 4.2475
[2026-05-28 20:59:28,894][root][INFO] - Finished replay epoch 9258/10000
[2026-05-28 20:59:34,179][root][INFO] - Finished replay epoch 9259/10000
[2026-05-28 20:59:39,495][root][INFO] - Finished replay epoch 9260/10000
[2026-05-28 20:59:44,713][root][INFO] - Finished replay epoch 9261/10000
| pretrain       | Iter: 0 | T: 17:18:15 | BS: 3392 | Batched Update FPS: 3.5075
[2026-05-28 20:59:50,074][root][INFO] - Finished replay epoch 9262/10000
[2026-05-28 20:59:55,409][root][INFO] - Finished replay epoch 9263/10000
[2026-05-28 21:00:00,740][root][INFO] - Finished replay epoch 9264/10000
[2026-05-28 21:00:05,993][root][INFO] - Finished replay epoch 9265/10000
| pretrain       | Iter: 0 | T: 17:18:35 | BS: 3392 | Batched Update FPS: 3.1794
[2026-05-28 21:00:11,259][root][INFO] - Finished replay epoch 9266/10000
[2026-05-28 21:00:16,579][root][INFO] - Finished replay epoch 9267/10000
[2026-05-28 21:00:21,925][root][INFO] - Finished replay epoch 9268/10000
[2026-05-28 21:00:27,137][root][INFO] - Finished replay epoch 9269/10000
| pretrain       | Iter: 0 | T: 17:18:56 | BS: 3392 | Batched Update FPS: 6.1664
[2026-05-28 21:00:32,698][root][INFO] - Finished replay epoch 9270/10000
[2026-05-28 21:00:38,028][root][INFO] - Finished replay epoch 9271/10000
[2026-05-28 21:00:43,248][root][INFO] - Finished replay epoch 9272/10000
[2026-05-28 21:00:48,645][root][INFO] - Finished replay epoch 9273/10000
| pretrain       | Iter: 0 | T: 17:19:16 | BS: 3392 | Batched Update FPS: 3.4484
[2026-05-28 21:00:53,973][root][INFO] - Finished replay epoch 9274/10000
[2026-05-28 21:00:59,283][root][INFO] - Finished replay epoch 9275/10000
[2026-05-28 21:01:04,605][root][INFO] - Finished replay epoch 9276/10000
| pretrain       | Iter: 0 | T: 17:19:37 | BS: 3392 | Batched Update FPS: 3.3430
[2026-05-28 21:01:09,825][root][INFO] - Finished replay epoch 9277/10000
[2026-05-28 21:01:15,159][root][INFO] - Finished replay epoch 9278/10000
[2026-05-28 21:01:20,434][root][INFO] - Finished replay epoch 9279/10000
[2026-05-28 21:01:25,788][root][INFO] - Finished replay epoch 9280/10000
| pretrain       | Iter: 0 | T: 17:19:57 | BS: 3392 | Batched Update FPS: 4.1160
[2026-05-28 21:01:31,115][root][INFO] - Finished replay epoch 9281/10000
[2026-05-28 21:01:36,409][root][INFO] - Finished replay epoch 9282/10000
[2026-05-28 21:01:41,668][root][INFO] - Finished replay epoch 9283/10000
[2026-05-28 21:01:47,019][root][INFO] - Finished replay epoch 9284/10000
| pretrain       | Iter: 0 | T: 17:20:17 | BS: 3392 | Batched Update FPS: 4.3299
[2026-05-28 21:01:52,352][root][INFO] - Finished replay epoch 9285/10000
[2026-05-28 21:01:57,727][root][INFO] - Finished replay epoch 9286/10000
[2026-05-28 21:02:03,024][root][INFO] - Finished replay epoch 9287/10000
[2026-05-28 21:02:08,361][root][INFO] - Finished replay epoch 9288/10000
| pretrain       | Iter: 0 | T: 17:20:38 | BS: 3392 | Batched Update FPS: 3.0457
[2026-05-28 21:02:13,680][root][INFO] - Finished replay epoch 9289/10000
[2026-05-28 21:02:18,988][root][INFO] - Finished replay epoch 9290/10000
[2026-05-28 21:02:24,020][root][INFO] - Finished replay epoch 9291/10000
[2026-05-28 21:02:27,780][root][INFO] - Finished replay epoch 9292/10000
| pretrain       | Iter: 0 | T: 17:20:56 | BS: 3392 | Batched Update FPS: 5.0172
[2026-05-28 21:02:31,597][root][INFO] - Finished replay epoch 9293/10000
[2026-05-28 21:02:35,400][root][INFO] - Finished replay epoch 9294/10000
[2026-05-28 21:02:39,187][root][INFO] - Finished replay epoch 9295/10000
[2026-05-28 21:02:43,035][root][INFO] - Finished replay epoch 9296/10000
| pretrain       | Iter: 0 | T: 17:21:11 | BS: 3392 | Batched Update FPS: 5.0969
[2026-05-28 21:02:46,853][root][INFO] - Finished replay epoch 9297/10000
[2026-05-28 21:02:50,712][root][INFO] - Finished replay epoch 9298/10000
[2026-05-28 21:02:54,537][root][INFO] - Finished replay epoch 9299/10000
[2026-05-28 21:02:58,364][root][INFO] - Finished replay epoch 9300/10000
| pretrain       | Iter: 0 | T: 17:21:26 | BS: 3392 | Batched Update FPS: 4.8490
[2026-05-28 21:03:02,254][root][INFO] - Finished replay epoch 9301/10000
[2026-05-28 21:03:06,079][root][INFO] - Finished replay epoch 9302/10000
[2026-05-28 21:03:09,893][root][INFO] - Finished replay epoch 9303/10000
| pretrain       | Iter: 0 | T: 17:21:40 | BS: 3392 | Batched Update FPS: 5.2536
[2026-05-28 21:03:13,739][root][INFO] - Finished replay epoch 9304/10000
[2026-05-28 21:03:17,599][root][INFO] - Finished replay epoch 9305/10000
[2026-05-28 21:03:21,426][root][INFO] - Finished replay epoch 9306/10000
[2026-05-28 21:03:25,234][root][INFO] - Finished replay epoch 9307/10000
| pretrain       | Iter: 0 | T: 17:21:55 | BS: 3392 | Batched Update FPS: 6.0239
[2026-05-28 21:03:29,249][root][INFO] - Finished replay epoch 9308/10000
[2026-05-28 21:03:33,101][root][INFO] - Finished replay epoch 9309/10000
[2026-05-28 21:03:36,881][root][INFO] - Finished replay epoch 9310/10000
[2026-05-28 21:03:40,694][root][INFO] - Finished replay epoch 9311/10000
| pretrain       | Iter: 0 | T: 17:22:10 | BS: 3392 | Batched Update FPS: 4.9702
[2026-05-28 21:03:44,515][root][INFO] - Finished replay epoch 9312/10000
[2026-05-28 21:03:48,359][root][INFO] - Finished replay epoch 9313/10000
[2026-05-28 21:03:52,200][root][INFO] - Finished replay epoch 9314/10000
[2026-05-28 21:03:56,103][root][INFO] - Finished replay epoch 9315/10000
| pretrain       | Iter: 0 | T: 17:22:25 | BS: 3392 | Batched Update FPS: 5.0228
[2026-05-28 21:03:59,984][root][INFO] - Finished replay epoch 9316/10000
[2026-05-28 21:04:03,839][root][INFO] - Finished replay epoch 9317/10000
[2026-05-28 21:04:07,667][root][INFO] - Finished replay epoch 9318/10000
[2026-05-28 21:04:11,509][root][INFO] - Finished replay epoch 9319/10000
| pretrain       | Iter: 0 | T: 17:22:40 | BS: 3392 | Batched Update FPS: 4.9615
[2026-05-28 21:04:15,343][root][INFO] - Finished replay epoch 9320/10000
[2026-05-28 21:04:19,145][root][INFO] - Finished replay epoch 9321/10000
[2026-05-28 21:04:22,981][root][INFO] - Finished replay epoch 9322/10000
[2026-05-28 21:04:26,801][root][INFO] - Finished replay epoch 9323/10000
| pretrain       | Iter: 0 | T: 17:22:54 | BS: 3392 | Batched Update FPS: 4.8603
[2026-05-28 21:04:30,662][root][INFO] - Finished replay epoch 9324/10000
[2026-05-28 21:04:34,513][root][INFO] - Finished replay epoch 9325/10000
[2026-05-28 21:04:38,343][root][INFO] - Finished replay epoch 9326/10000
| pretrain       | Iter: 0 | T: 17:23:09 | BS: 3392 | Batched Update FPS: 5.0209
wandb: WARNING `format` argument was not provided, defaulting to `gif`. This parameter will be required in v0.20.0, please specify the format explicitly.
wandb: Encoding video...
| pretrain_eval  | Iter: 0 | S: 242500 | E: 0 | L: 200 | R: 0.0000 | T: 17:25:10
[2026-05-28 21:06:47,365][root][INFO] - Finished replay epoch 9327/10000
[2026-05-28 21:06:52,728][root][INFO] - Finished replay epoch 9328/10000
[2026-05-28 21:06:58,007][root][INFO] - Finished replay epoch 9329/10000
[2026-05-28 21:07:03,257][root][INFO] - Finished replay epoch 9330/10000
| pretrain       | Iter: 0 | T: 17:25:35 | BS: 3392 | Batched Update FPS: 3.2377
[2026-05-28 21:07:08,546][root][INFO] - Finished replay epoch 9331/10000
[2026-05-28 21:07:13,778][root][INFO] - Finished replay epoch 9332/10000
[2026-05-28 21:07:19,014][root][INFO] - Finished replay epoch 9333/10000
[2026-05-28 21:07:24,349][root][INFO] - Finished replay epoch 9334/10000
| pretrain       | Iter: 0 | T: 17:25:55 | BS: 3392 | Batched Update FPS: 3.1613
[2026-05-28 21:07:29,667][root][INFO] - Finished replay epoch 9335/10000
[2026-05-28 21:07:35,015][root][INFO] - Finished replay epoch 9336/10000
[2026-05-28 21:07:40,260][root][INFO] - Finished replay epoch 9337/10000
[2026-05-28 21:07:45,614][root][INFO] - Finished replay epoch 9338/10000
| pretrain       | Iter: 0 | T: 17:26:15 | BS: 3392 | Batched Update FPS: 3.3259
[2026-05-28 21:07:50,928][root][INFO] - Finished replay epoch 9339/10000
[2026-05-28 21:07:56,197][root][INFO] - Finished replay epoch 9340/10000
[2026-05-28 21:08:01,462][root][INFO] - Finished replay epoch 9341/10000
[2026-05-28 21:08:06,690][root][INFO] - Finished replay epoch 9342/10000
| pretrain       | Iter: 0 | T: 17:26:36 | BS: 3392 | Batched Update FPS: 3.4741
[2026-05-28 21:08:11,993][root][INFO] - Finished replay epoch 9343/10000
[2026-05-28 21:08:17,224][root][INFO] - Finished replay epoch 9344/10000
[2026-05-28 21:08:22,500][root][INFO] - Finished replay epoch 9345/10000
[2026-05-28 21:08:27,791][root][INFO] - Finished replay epoch 9346/10000
| pretrain       | Iter: 0 | T: 17:26:56 | BS: 3392 | Batched Update FPS: 5.3439
[2026-05-28 21:08:33,445][root][INFO] - Finished replay epoch 9347/10000
[2026-05-28 21:08:38,685][root][INFO] - Finished replay epoch 9348/10000
[2026-05-28 21:08:43,953][root][INFO] - Finished replay epoch 9349/10000
[2026-05-28 21:08:49,242][root][INFO] - Finished replay epoch 9350/10000
| pretrain       | Iter: 0 | T: 17:27:17 | BS: 3392 | Batched Update FPS: 3.5665
[2026-05-28 21:08:54,656][root][INFO] - Finished replay epoch 9351/10000
[2026-05-28 21:08:59,938][root][INFO] - Finished replay epoch 9352/10000
[2026-05-28 21:09:05,302][root][INFO] - Finished replay epoch 9353/10000
| pretrain       | Iter: 0 | T: 17:27:37 | BS: 3392 | Batched Update FPS: 3.0201
[2026-05-28 21:09:10,615][root][INFO] - Finished replay epoch 9354/10000
[2026-05-28 21:09:15,925][root][INFO] - Finished replay epoch 9355/10000
[2026-05-28 21:09:21,098][root][INFO] - Finished replay epoch 9356/10000
[2026-05-28 21:09:26,424][root][INFO] - Finished replay epoch 9357/10000
| pretrain       | Iter: 0 | T: 17:27:57 | BS: 3392 | Batched Update FPS: 3.8223
[2026-05-28 21:09:31,796][root][INFO] - Finished replay epoch 9358/10000
[2026-05-28 21:09:37,093][root][INFO] - Finished replay epoch 9359/10000
[2026-05-28 21:09:42,390][root][INFO] - Finished replay epoch 9360/10000
[2026-05-28 21:09:47,600][root][INFO] - Finished replay epoch 9361/10000
| pretrain       | Iter: 0 | T: 17:28:18 | BS: 3392 | Batched Update FPS: 4.5382
[2026-05-28 21:09:53,009][root][INFO] - Finished replay epoch 9362/10000
[2026-05-28 21:09:58,265][root][INFO] - Finished replay epoch 9363/10000
[2026-05-28 21:10:03,569][root][INFO] - Finished replay epoch 9364/10000
[2026-05-28 21:10:08,854][root][INFO] - Finished replay epoch 9365/10000
| pretrain       | Iter: 0 | T: 17:28:38 | BS: 3392 | Batched Update FPS: 4.0878
[2026-05-28 21:10:14,162][root][INFO] - Finished replay epoch 9366/10000
[2026-05-28 21:10:19,544][root][INFO] - Finished replay epoch 9367/10000
[2026-05-28 21:10:24,789][root][INFO] - Finished replay epoch 9368/10000
[2026-05-28 21:10:30,093][root][INFO] - Finished replay epoch 9369/10000
| pretrain       | Iter: 0 | T: 17:28:59 | BS: 3392 | Batched Update FPS: 3.3428
[2026-05-28 21:10:35,418][root][INFO] - Finished replay epoch 9370/10000
[2026-05-28 21:10:40,724][root][INFO] - Finished replay epoch 9371/10000
[2026-05-28 21:10:46,041][root][INFO] - Finished replay epoch 9372/10000
[2026-05-28 21:10:51,278][root][INFO] - Finished replay epoch 9373/10000
| pretrain       | Iter: 0 | T: 17:29:19 | BS: 3392 | Batched Update FPS: 3.2825
[2026-05-28 21:10:56,677][root][INFO] - Finished replay epoch 9374/10000
[2026-05-28 21:11:01,976][root][INFO] - Finished replay epoch 9375/10000
[2026-05-28 21:11:07,376][root][INFO] - Finished replay epoch 9376/10000
| pretrain       | Iter: 0 | T: 17:29:39 | BS: 3392 | Batched Update FPS: 4.4395
[2026-05-28 21:11:12,723][root][INFO] - Finished replay epoch 9377/10000
[2026-05-28 21:11:18,027][root][INFO] - Finished replay epoch 9378/10000
[2026-05-28 21:11:23,339][root][INFO] - Finished replay epoch 9379/10000
[2026-05-28 21:11:28,602][root][INFO] - Finished replay epoch 9380/10000
| pretrain       | Iter: 0 | T: 17:30:00 | BS: 3392 | Batched Update FPS: 4.0810
[2026-05-28 21:11:33,908][root][INFO] - Finished replay epoch 9381/10000
[2026-05-28 21:11:39,165][root][INFO] - Finished replay epoch 9382/10000
[2026-05-28 21:11:44,360][root][INFO] - Finished replay epoch 9383/10000
[2026-05-28 21:11:49,678][root][INFO] - Finished replay epoch 9384/10000
| pretrain       | Iter: 0 | T: 17:30:21 | BS: 3392 | Batched Update FPS: 6.0327
[2026-05-28 21:11:55,392][root][INFO] - Finished replay epoch 9385/10000
[2026-05-28 21:12:00,616][root][INFO] - Finished replay epoch 9386/10000
[2026-05-28 21:12:05,879][root][INFO] - Finished replay epoch 9387/10000
[2026-05-28 21:12:11,144][root][INFO] - Finished replay epoch 9388/10000
| pretrain       | Iter: 0 | T: 17:30:41 | BS: 3392 | Batched Update FPS: 3.2506
[2026-05-28 21:12:16,405][root][INFO] - Finished replay epoch 9389/10000
[2026-05-28 21:12:21,639][root][INFO] - Finished replay epoch 9390/10000
[2026-05-28 21:12:27,002][root][INFO] - Finished replay epoch 9391/10000
[2026-05-28 21:12:32,259][root][INFO] - Finished replay epoch 9392/10000
| pretrain       | Iter: 0 | T: 17:31:01 | BS: 3392 | Batched Update FPS: 3.3419
[2026-05-28 21:12:37,676][root][INFO] - Finished replay epoch 9393/10000
[2026-05-28 21:12:42,958][root][INFO] - Finished replay epoch 9394/10000
[2026-05-28 21:12:48,275][root][INFO] - Finished replay epoch 9395/10000
[2026-05-28 21:12:53,659][root][INFO] - Finished replay epoch 9396/10000
| pretrain       | Iter: 0 | T: 17:31:22 | BS: 3392 | Batched Update FPS: 2.9996
[2026-05-28 21:12:58,969][root][INFO] - Finished replay epoch 9397/10000
[2026-05-28 21:13:03,644][root][INFO] - Finished replay epoch 9398/10000
[2026-05-28 21:13:08,893][root][INFO] - Finished replay epoch 9399/10000
[2026-05-28 21:13:14,214][root][INFO] - Finished replay epoch 9400/10000
| pretrain       | Iter: 0 | T: 17:31:41 | BS: 3392 | Batched Update FPS: 3.7802
[2026-05-28 21:13:19,525][root][INFO] - Finished replay epoch 9401/10000
[2026-05-28 21:13:24,780][root][INFO] - Finished replay epoch 9402/10000
[2026-05-28 21:13:30,064][root][INFO] - Finished replay epoch 9403/10000
| pretrain       | Iter: 0 | T: 17:32:02 | BS: 3392 | Batched Update FPS: 3.1034
[2026-05-28 21:13:35,407][root][INFO] - Finished replay epoch 9404/10000
[2026-05-28 21:13:40,575][root][INFO] - Finished replay epoch 9405/10000
[2026-05-28 21:13:45,853][root][INFO] - Finished replay epoch 9406/10000
[2026-05-28 21:13:51,125][root][INFO] - Finished replay epoch 9407/10000
| pretrain       | Iter: 0 | T: 17:32:22 | BS: 3392 | Batched Update FPS: 4.0113
[2026-05-28 21:13:56,417][root][INFO] - Finished replay epoch 9408/10000
[2026-05-28 21:14:01,696][root][INFO] - Finished replay epoch 9409/10000
[2026-05-28 21:14:06,953][root][INFO] - Finished replay epoch 9410/10000
[2026-05-28 21:14:12,228][root][INFO] - Finished replay epoch 9411/10000
| pretrain       | Iter: 0 | T: 17:32:42 | BS: 3392 | Batched Update FPS: 3.9389
[2026-05-28 21:14:17,537][root][INFO] - Finished replay epoch 9412/10000
[2026-05-28 21:14:22,809][root][INFO] - Finished replay epoch 9413/10000
[2026-05-28 21:14:28,168][root][INFO] - Finished replay epoch 9414/10000
[2026-05-28 21:14:33,478][root][INFO] - Finished replay epoch 9415/10000
| pretrain       | Iter: 0 | T: 17:33:03 | BS: 3392 | Batched Update FPS: 4.4026
[2026-05-28 21:14:38,813][root][INFO] - Finished replay epoch 9416/10000
[2026-05-28 21:14:44,150][root][INFO] - Finished replay epoch 9417/10000
[2026-05-28 21:14:49,390][root][INFO] - Finished replay epoch 9418/10000
[2026-05-28 21:14:54,696][root][INFO] - Finished replay epoch 9419/10000
| pretrain       | Iter: 0 | T: 17:33:23 | BS: 3392 | Batched Update FPS: 4.0682
[2026-05-28 21:15:00,058][root][INFO] - Finished replay epoch 9420/10000
[2026-05-28 21:15:05,301][root][INFO] - Finished replay epoch 9421/10000
[2026-05-28 21:15:10,564][root][INFO] - Finished replay epoch 9422/10000
[2026-05-28 21:15:15,771][root][INFO] - Finished replay epoch 9423/10000
| pretrain       | Iter: 0 | T: 17:33:44 | BS: 3392 | Batched Update FPS: 6.1567
wandb: WARNING `format` argument was not provided, defaulting to `gif`. This parameter will be required in v0.20.0, please specify the format explicitly.
wandb: Encoding video...
| pretrain_eval  | Iter: 0 | S: 245000 | E: 0 | L: 200 | R: 0.0000 | T: 17:36:16
[2026-05-28 21:17:58,668][root][INFO] - Finished replay epoch 9424/10000
[2026-05-28 21:18:04,094][root][INFO] - Finished replay epoch 9425/10000
[2026-05-28 21:18:09,474][root][INFO] - Finished replay epoch 9426/10000
| pretrain       | Iter: 0 | T: 17:36:42 | BS: 3392 | Batched Update FPS: 3.7027
[2026-05-28 21:18:14,842][root][INFO] - Finished replay epoch 9427/10000
[2026-05-28 21:18:20,181][root][INFO] - Finished replay epoch 9428/10000
[2026-05-28 21:18:25,535][root][INFO] - Finished replay epoch 9429/10000
[2026-05-28 21:18:30,896][root][INFO] - Finished replay epoch 9430/10000
| pretrain       | Iter: 0 | T: 17:37:02 | BS: 3392 | Batched Update FPS: 4.0901
[2026-05-28 21:18:36,237][root][INFO] - Finished replay epoch 9431/10000
[2026-05-28 21:18:41,655][root][INFO] - Finished replay epoch 9432/10000
[2026-05-28 21:18:47,014][root][INFO] - Finished replay epoch 9433/10000
[2026-05-28 21:18:52,385][root][INFO] - Finished replay epoch 9434/10000
| pretrain       | Iter: 0 | T: 17:37:23 | BS: 3392 | Batched Update FPS: 3.2461
[2026-05-28 21:18:57,840][root][INFO] - Finished replay epoch 9435/10000
[2026-05-28 21:19:03,192][root][INFO] - Finished replay epoch 9436/10000
[2026-05-28 21:19:08,541][root][INFO] - Finished replay epoch 9437/10000
[2026-05-28 21:19:13,901][root][INFO] - Finished replay epoch 9438/10000
| pretrain       | Iter: 0 | T: 17:37:44 | BS: 3392 | Batched Update FPS: 3.0621
[2026-05-28 21:19:19,325][root][INFO] - Finished replay epoch 9439/10000
[2026-05-28 21:19:24,894][root][INFO] - Finished replay epoch 9440/10000
[2026-05-28 21:19:30,211][root][INFO] - Finished replay epoch 9441/10000
[2026-05-28 21:19:35,444][root][INFO] - Finished replay epoch 9442/10000
| pretrain       | Iter: 0 | T: 17:38:04 | BS: 3392 | Batched Update FPS: 3.3176
[2026-05-28 21:19:40,694][root][INFO] - Finished replay epoch 9443/10000
[2026-05-28 21:19:45,986][root][INFO] - Finished replay epoch 9444/10000
[2026-05-28 21:19:51,365][root][INFO] - Finished replay epoch 9445/10000
[2026-05-28 21:19:55,053][root][INFO] - Finished replay epoch 9446/10000
| pretrain       | Iter: 0 | T: 17:38:23 | BS: 3392 | Batched Update FPS: 5.0226
[2026-05-28 21:19:58,918][root][INFO] - Finished replay epoch 9447/10000
[2026-05-28 21:20:02,692][root][INFO] - Finished replay epoch 9448/10000
[2026-05-28 21:20:06,503][root][INFO] - Finished replay epoch 9449/10000
[2026-05-28 21:20:10,326][root][INFO] - Finished replay epoch 9450/10000
| pretrain       | Iter: 0 | T: 17:38:37 | BS: 3392 | Batched Update FPS: 5.3195
[2026-05-28 21:20:14,177][root][INFO] - Finished replay epoch 9451/10000
[2026-05-28 21:20:17,989][root][INFO] - Finished replay epoch 9452/10000
[2026-05-28 21:20:21,803][root][INFO] - Finished replay epoch 9453/10000
| pretrain       | Iter: 0 | T: 17:38:52 | BS: 3392 | Batched Update FPS: 4.9752
[2026-05-28 21:20:25,685][root][INFO] - Finished replay epoch 9454/10000
[2026-05-28 21:20:29,495][root][INFO] - Finished replay epoch 9455/10000
[2026-05-28 21:20:33,344][root][INFO] - Finished replay epoch 9456/10000
[2026-05-28 21:20:37,166][root][INFO] - Finished replay epoch 9457/10000
| pretrain       | Iter: 0 | T: 17:39:07 | BS: 3392 | Batched Update FPS: 4.8276
[2026-05-28 21:20:41,011][root][INFO] - Finished replay epoch 9458/10000
[2026-05-28 21:20:44,863][root][INFO] - Finished replay epoch 9459/10000
[2026-05-28 21:20:48,685][root][INFO] - Finished replay epoch 9460/10000
[2026-05-28 21:20:52,521][root][INFO] - Finished replay epoch 9461/10000
| pretrain       | Iter: 0 | T: 17:39:22 | BS: 3392 | Batched Update FPS: 6.0835
[2026-05-28 21:20:56,572][root][INFO] - Finished replay epoch 9462/10000
[2026-05-28 21:21:00,485][root][INFO] - Finished replay epoch 9463/10000
[2026-05-28 21:21:04,442][root][INFO] - Finished replay epoch 9464/10000
[2026-05-28 21:21:08,281][root][INFO] - Finished replay epoch 9465/10000
| pretrain       | Iter: 0 | T: 17:39:37 | BS: 3392 | Batched Update FPS: 5.0750
[2026-05-28 21:21:12,128][root][INFO] - Finished replay epoch 9466/10000
[2026-05-28 21:21:15,910][root][INFO] - Finished replay epoch 9467/10000
[2026-05-28 21:21:19,652][root][INFO] - Finished replay epoch 9468/10000
[2026-05-28 21:21:23,449][root][INFO] - Finished replay epoch 9469/10000
| pretrain       | Iter: 0 | T: 17:39:51 | BS: 3392 | Batched Update FPS: 4.9309
[2026-05-28 21:21:27,314][root][INFO] - Finished replay epoch 9470/10000
[2026-05-28 21:21:31,156][root][INFO] - Finished replay epoch 9471/10000
[2026-05-28 21:21:35,019][root][INFO] - Finished replay epoch 9472/10000
[2026-05-28 21:21:38,827][root][INFO] - Finished replay epoch 9473/10000
| pretrain       | Iter: 0 | T: 17:40:06 | BS: 3392 | Batched Update FPS: 5.0578
[2026-05-28 21:21:42,622][root][INFO] - Finished replay epoch 9474/10000
[2026-05-28 21:21:46,448][root][INFO] - Finished replay epoch 9475/10000
[2026-05-28 21:21:50,283][root][INFO] - Finished replay epoch 9476/10000
| pretrain       | Iter: 0 | T: 17:40:21 | BS: 3392 | Batched Update FPS: 5.1225
[2026-05-28 21:21:54,138][root][INFO] - Finished replay epoch 9477/10000
[2026-05-28 21:21:57,961][root][INFO] - Finished replay epoch 9478/10000
[2026-05-28 21:22:01,773][root][INFO] - Finished replay epoch 9479/10000
[2026-05-28 21:22:05,673][root][INFO] - Finished replay epoch 9480/10000
| pretrain       | Iter: 0 | T: 17:40:36 | BS: 3392 | Batched Update FPS: 5.0062
[2026-05-28 21:22:09,509][root][INFO] - Finished replay epoch 9481/10000
[2026-05-28 21:22:13,319][root][INFO] - Finished replay epoch 9482/10000
[2026-05-28 21:22:17,174][root][INFO] - Finished replay epoch 9483/10000
[2026-05-28 21:22:21,080][root][INFO] - Finished replay epoch 9484/10000
| pretrain       | Iter: 0 | T: 17:40:51 | BS: 3392 | Batched Update FPS: 4.8639
[2026-05-28 21:22:25,034][root][INFO] - Finished replay epoch 9485/10000
[2026-05-28 21:22:28,933][root][INFO] - Finished replay epoch 9486/10000
[2026-05-28 21:22:32,863][root][INFO] - Finished replay epoch 9487/10000
[2026-05-28 21:22:36,795][root][INFO] - Finished replay epoch 9488/10000
| pretrain       | Iter: 0 | T: 17:41:06 | BS: 3392 | Batched Update FPS: 4.8322
[2026-05-28 21:22:40,752][root][INFO] - Finished replay epoch 9489/10000
[2026-05-28 21:22:44,689][root][INFO] - Finished replay epoch 9490/10000
[2026-05-28 21:22:48,651][root][INFO] - Finished replay epoch 9491/10000
[2026-05-28 21:22:52,556][root][INFO] - Finished replay epoch 9492/10000
| pretrain       | Iter: 0 | T: 17:41:21 | BS: 3392 | Batched Update FPS: 4.8521
[2026-05-28 21:22:56,530][root][INFO] - Finished replay epoch 9493/10000
[2026-05-28 21:23:00,495][root][INFO] - Finished replay epoch 9494/10000
[2026-05-28 21:23:04,438][root][INFO] - Finished replay epoch 9495/10000
[2026-05-28 21:23:08,368][root][INFO] - Finished replay epoch 9496/10000
| pretrain       | Iter: 0 | T: 17:41:36 | BS: 3392 | Batched Update FPS: 4.9446
[2026-05-28 21:23:12,299][root][INFO] - Finished replay epoch 9497/10000
[2026-05-28 21:23:16,226][root][INFO] - Finished replay epoch 9498/10000
[2026-05-28 21:23:20,175][root][INFO] - Finished replay epoch 9499/10000
[2026-05-28 21:23:24,301][root][INFO] - Finished replay epoch 9500/10000
| pretrain       | Iter: 0 | T: 17:41:51 | BS: 3392 | Batched Update FPS: 6.0321
[2026-05-28 21:23:28,192][root][INFO] - Finished replay epoch 9501/10000
[2026-05-28 21:23:32,164][root][INFO] - Finished replay epoch 9502/10000
[2026-05-28 21:23:36,075][root][INFO] - Finished replay epoch 9503/10000
| pretrain       | Iter: 0 | T: 17:42:07 | BS: 3392 | Batched Update FPS: 4.1112
[2026-05-28 21:23:40,835][root][INFO] - Finished replay epoch 9504/10000
[2026-05-28 21:23:46,196][root][INFO] - Finished replay epoch 9505/10000
[2026-05-28 21:23:51,565][root][INFO] - Finished replay epoch 9506/10000
[2026-05-28 21:23:57,009][root][INFO] - Finished replay epoch 9507/10000
| pretrain       | Iter: 0 | T: 17:42:28 | BS: 3392 | Batched Update FPS: 3.2499
[2026-05-28 21:24:02,301][root][INFO] - Finished replay epoch 9508/10000
[2026-05-28 21:24:07,538][root][INFO] - Finished replay epoch 9509/10000
[2026-05-28 21:24:12,859][root][INFO] - Finished replay epoch 9510/10000
[2026-05-28 21:24:18,177][root][INFO] - Finished replay epoch 9511/10000
| pretrain       | Iter: 0 | T: 17:42:48 | BS: 3392 | Batched Update FPS: 3.0467
[2026-05-28 21:24:23,576][root][INFO] - Finished replay epoch 9512/10000
[2026-05-28 21:24:28,920][root][INFO] - Finished replay epoch 9513/10000
[2026-05-28 21:24:34,307][root][INFO] - Finished replay epoch 9514/10000
[2026-05-28 21:24:39,562][root][INFO] - Finished replay epoch 9515/10000
| pretrain       | Iter: 0 | T: 17:43:09 | BS: 3392 | Batched Update FPS: 4.2877
[2026-05-28 21:24:44,908][root][INFO] - Finished replay epoch 9516/10000
[2026-05-28 21:24:50,276][root][INFO] - Finished replay epoch 9517/10000
[2026-05-28 21:24:55,509][root][INFO] - Finished replay epoch 9518/10000
[2026-05-28 21:25:00,838][root][INFO] - Finished replay epoch 9519/10000
| pretrain       | Iter: 0 | T: 17:43:29 | BS: 3392 | Batched Update FPS: 4.0271
wandb: WARNING `format` argument was not provided, defaulting to `gif`. This parameter will be required in v0.20.0, please specify the format explicitly.
wandb: Encoding video...
| pretrain_eval  | Iter: 0 | S: 247500 | E: 0 | L: 200 | R: 0.0000 | T: 17:45:53
[2026-05-28 21:27:34,850][root][INFO] - Finished replay epoch 9520/10000
[2026-05-28 21:27:40,132][root][INFO] - Finished replay epoch 9521/10000
[2026-05-28 21:27:45,480][root][INFO] - Finished replay epoch 9522/10000
[2026-05-28 21:27:50,796][root][INFO] - Finished replay epoch 9523/10000
| pretrain       | Iter: 0 | T: 17:46:18 | BS: 3392 | Batched Update FPS: 4.7821
[2026-05-28 21:27:56,060][root][INFO] - Finished replay epoch 9524/10000
[2026-05-28 21:28:01,580][root][INFO] - Finished replay epoch 9525/10000
[2026-05-28 21:28:06,829][root][INFO] - Finished replay epoch 9526/10000
| pretrain       | Iter: 0 | T: 17:46:39 | BS: 3392 | Batched Update FPS: 3.2685
[2026-05-28 21:28:12,176][root][INFO] - Finished replay epoch 9527/10000
[2026-05-28 21:28:17,532][root][INFO] - Finished replay epoch 9528/10000
[2026-05-28 21:28:22,857][root][INFO] - Finished replay epoch 9529/10000
[2026-05-28 21:28:28,148][root][INFO] - Finished replay epoch 9530/10000
| pretrain       | Iter: 0 | T: 17:47:00 | BS: 3392 | Batched Update FPS: 3.3665
[2026-05-28 21:28:33,550][root][INFO] - Finished replay epoch 9531/10000
[2026-05-28 21:28:39,017][root][INFO] - Finished replay epoch 9532/10000
[2026-05-28 21:28:44,290][root][INFO] - Finished replay epoch 9533/10000
[2026-05-28 21:28:49,696][root][INFO] - Finished replay epoch 9534/10000
| pretrain       | Iter: 0 | T: 17:47:20 | BS: 3392 | Batched Update FPS: 3.0292
[2026-05-28 21:28:54,989][root][INFO] - Finished replay epoch 9535/10000
[2026-05-28 21:29:00,268][root][INFO] - Finished replay epoch 9536/10000
[2026-05-28 21:29:05,593][root][INFO] - Finished replay epoch 9537/10000
[2026-05-28 21:29:10,927][root][INFO] - Finished replay epoch 9538/10000
| pretrain       | Iter: 0 | T: 17:47:41 | BS: 3392 | Batched Update FPS: 6.4573
[2026-05-28 21:29:16,417][root][INFO] - Finished replay epoch 9539/10000
[2026-05-28 21:29:21,714][root][INFO] - Finished replay epoch 9540/10000
[2026-05-28 21:29:27,021][root][INFO] - Finished replay epoch 9541/10000
[2026-05-28 21:29:32,382][root][INFO] - Finished replay epoch 9542/10000
| pretrain       | Iter: 0 | T: 17:48:01 | BS: 3392 | Batched Update FPS: 3.4287
[2026-05-28 21:29:37,789][root][INFO] - Finished replay epoch 9543/10000
[2026-05-28 21:29:43,002][root][INFO] - Finished replay epoch 9544/10000
[2026-05-28 21:29:48,431][root][INFO] - Finished replay epoch 9545/10000
[2026-05-28 21:29:53,808][root][INFO] - Finished replay epoch 9546/10000
| pretrain       | Iter: 0 | T: 17:48:22 | BS: 3392 | Batched Update FPS: 4.4078
[2026-05-28 21:29:59,198][root][INFO] - Finished replay epoch 9547/10000
[2026-05-28 21:30:04,424][root][INFO] - Finished replay epoch 9548/10000
[2026-05-28 21:30:09,842][root][INFO] - Finished replay epoch 9549/10000
[2026-05-28 21:30:15,134][root][INFO] - Finished replay epoch 9550/10000
| pretrain       | Iter: 0 | T: 17:48:42 | BS: 3392 | Batched Update FPS: 3.6267
[2026-05-28 21:30:20,461][root][INFO] - Finished replay epoch 9551/10000
[2026-05-28 21:30:25,823][root][INFO] - Finished replay epoch 9552/10000
[2026-05-28 21:30:31,131][root][INFO] - Finished replay epoch 9553/10000
| pretrain       | Iter: 0 | T: 17:49:03 | BS: 3392 | Batched Update FPS: 3.2215
[2026-05-28 21:30:36,478][root][INFO] - Finished replay epoch 9554/10000
[2026-05-28 21:30:41,783][root][INFO] - Finished replay epoch 9555/10000
[2026-05-28 21:30:47,035][root][INFO] - Finished replay epoch 9556/10000
[2026-05-28 21:30:52,395][root][INFO] - Finished replay epoch 9557/10000
| pretrain       | Iter: 0 | T: 17:49:23 | BS: 3392 | Batched Update FPS: 3.0750
[2026-05-28 21:30:57,761][root][INFO] - Finished replay epoch 9558/10000
[2026-05-28 21:31:03,064][root][INFO] - Finished replay epoch 9559/10000
[2026-05-28 21:31:08,380][root][INFO] - Finished replay epoch 9560/10000
[2026-05-28 21:31:13,674][root][INFO] - Finished replay epoch 9561/10000
| pretrain       | Iter: 0 | T: 17:49:44 | BS: 3392 | Batched Update FPS: 3.9426
[2026-05-28 21:31:18,993][root][INFO] - Finished replay epoch 9562/10000
[2026-05-28 21:31:24,326][root][INFO] - Finished replay epoch 9563/10000
[2026-05-28 21:31:29,675][root][INFO] - Finished replay epoch 9564/10000
[2026-05-28 21:31:34,979][root][INFO] - Finished replay epoch 9565/10000
| pretrain       | Iter: 0 | T: 17:50:04 | BS: 3392 | Batched Update FPS: 4.0385
[2026-05-28 21:31:40,324][root][INFO] - Finished replay epoch 9566/10000
[2026-05-28 21:31:45,702][root][INFO] - Finished replay epoch 9567/10000
[2026-05-28 21:31:50,987][root][INFO] - Finished replay epoch 9568/10000
[2026-05-28 21:31:56,320][root][INFO] - Finished replay epoch 9569/10000
| pretrain       | Iter: 0 | T: 17:50:25 | BS: 3392 | Batched Update FPS: 4.3479
[2026-05-28 21:32:01,613][root][INFO] - Finished replay epoch 9570/10000
[2026-05-28 21:32:06,904][root][INFO] - Finished replay epoch 9571/10000
[2026-05-28 21:32:12,259][root][INFO] - Finished replay epoch 9572/10000
[2026-05-28 21:32:17,650][root][INFO] - Finished replay epoch 9573/10000
| pretrain       | Iter: 0 | T: 17:50:45 | BS: 3392 | Batched Update FPS: 3.1831
[2026-05-28 21:32:23,024][root][INFO] - Finished replay epoch 9574/10000
[2026-05-28 21:32:28,424][root][INFO] - Finished replay epoch 9575/10000
[2026-05-28 21:32:33,761][root][INFO] - Finished replay epoch 9576/10000
| pretrain       | Iter: 0 | T: 17:51:06 | BS: 3392 | Batched Update FPS: 3.3685
[2026-05-28 21:32:39,378][root][INFO] - Finished replay epoch 9577/10000
[2026-05-28 21:32:44,712][root][INFO] - Finished replay epoch 9578/10000
[2026-05-28 21:32:50,029][root][INFO] - Finished replay epoch 9579/10000
[2026-05-28 21:32:55,369][root][INFO] - Finished replay epoch 9580/10000
| pretrain       | Iter: 0 | T: 17:51:27 | BS: 3392 | Batched Update FPS: 3.9712
[2026-05-28 21:33:00,726][root][INFO] - Finished replay epoch 9581/10000
[2026-05-28 21:33:06,145][root][INFO] - Finished replay epoch 9582/10000
[2026-05-28 21:33:11,441][root][INFO] - Finished replay epoch 9583/10000
[2026-05-28 21:33:16,177][root][INFO] - Finished replay epoch 9584/10000
| pretrain       | Iter: 0 | T: 17:51:47 | BS: 3392 | Batched Update FPS: 3.9255
[2026-05-28 21:33:21,505][root][INFO] - Finished replay epoch 9585/10000
[2026-05-28 21:33:26,889][root][INFO] - Finished replay epoch 9586/10000
[2026-05-28 21:33:32,201][root][INFO] - Finished replay epoch 9587/10000
[2026-05-28 21:33:37,597][root][INFO] - Finished replay epoch 9588/10000
| pretrain       | Iter: 0 | T: 17:52:07 | BS: 3392 | Batched Update FPS: 3.5342
[2026-05-28 21:33:42,930][root][INFO] - Finished replay epoch 9589/10000
[2026-05-28 21:33:48,302][root][INFO] - Finished replay epoch 9590/10000
[2026-05-28 21:33:53,650][root][INFO] - Finished replay epoch 9591/10000
[2026-05-28 21:33:58,860][root][INFO] - Finished replay epoch 9592/10000
| pretrain       | Iter: 0 | T: 17:52:28 | BS: 3392 | Batched Update FPS: 4.0742
[2026-05-28 21:34:04,265][root][INFO] - Finished replay epoch 9593/10000
[2026-05-28 21:34:09,601][root][INFO] - Finished replay epoch 9594/10000
[2026-05-28 21:34:14,888][root][INFO] - Finished replay epoch 9595/10000
[2026-05-28 21:34:20,256][root][INFO] - Finished replay epoch 9596/10000
| pretrain       | Iter: 0 | T: 17:52:48 | BS: 3392 | Batched Update FPS: 4.4422
[2026-05-28 21:34:25,626][root][INFO] - Finished replay epoch 9597/10000
[2026-05-28 21:34:30,859][root][INFO] - Finished replay epoch 9598/10000
[2026-05-28 21:34:36,170][root][INFO] - Finished replay epoch 9599/10000
[2026-05-28 21:34:41,555][root][INFO] - Finished replay epoch 9600/10000
| pretrain       | Iter: 0 | T: 17:53:09 | BS: 3392 | Batched Update FPS: 4.9673
[2026-05-28 21:34:46,823][root][INFO] - Finished replay epoch 9601/10000
[2026-05-28 21:34:52,150][root][INFO] - Finished replay epoch 9602/10000
[2026-05-28 21:34:57,517][root][INFO] - Finished replay epoch 9603/10000
| pretrain       | Iter: 0 | T: 17:53:29 | BS: 3392 | Batched Update FPS: 4.4846
[2026-05-28 21:35:02,827][root][INFO] - Finished replay epoch 9604/10000
[2026-05-28 21:35:08,225][root][INFO] - Finished replay epoch 9605/10000
[2026-05-28 21:35:13,568][root][INFO] - Finished replay epoch 9606/10000
[2026-05-28 21:35:18,908][root][INFO] - Finished replay epoch 9607/10000
| pretrain       | Iter: 0 | T: 17:53:50 | BS: 3392 | Batched Update FPS: 3.8296
[2026-05-28 21:35:24,350][root][INFO] - Finished replay epoch 9608/10000
[2026-05-28 21:35:29,710][root][INFO] - Finished replay epoch 9609/10000
[2026-05-28 21:35:35,016][root][INFO] - Finished replay epoch 9610/10000
[2026-05-28 21:35:40,318][root][INFO] - Finished replay epoch 9611/10000
| pretrain       | Iter: 0 | T: 17:54:10 | BS: 3392 | Batched Update FPS: 3.9561
[2026-05-28 21:35:45,713][root][INFO] - Finished replay epoch 9612/10000
[2026-05-28 21:35:51,120][root][INFO] - Finished replay epoch 9613/10000
[2026-05-28 21:35:56,451][root][INFO] - Finished replay epoch 9614/10000
[2026-05-28 21:36:01,746][root][INFO] - Finished replay epoch 9615/10000
| pretrain       | Iter: 0 | T: 17:54:31 | BS: 3392 | Batched Update FPS: 4.0859
wandb: WARNING `format` argument was not provided, defaulting to `gif`. This parameter will be required in v0.20.0, please specify the format explicitly.
wandb: Encoding video...
| pretrain_eval  | Iter: 0 | S: 250000 | E: 0 | L: 200 | R: 0.0000 | T: 17:56:56
[2026-05-28 21:38:36,880][root][INFO] - Finished replay epoch 9616/10000
[2026-05-28 21:38:42,197][root][INFO] - Finished replay epoch 9617/10000
[2026-05-28 21:38:47,443][root][INFO] - Finished replay epoch 9618/10000
[2026-05-28 21:38:52,749][root][INFO] - Finished replay epoch 9619/10000
| pretrain       | Iter: 0 | T: 17:57:21 | BS: 3392 | Batched Update FPS: 4.0245
[2026-05-28 21:38:58,061][root][INFO] - Finished replay epoch 9620/10000
[2026-05-28 21:39:03,341][root][INFO] - Finished replay epoch 9621/10000
[2026-05-28 21:39:08,676][root][INFO] - Finished replay epoch 9622/10000
[2026-05-28 21:39:14,023][root][INFO] - Finished replay epoch 9623/10000
| pretrain       | Iter: 0 | T: 17:57:42 | BS: 3392 | Batched Update FPS: 3.9291
[2026-05-28 21:39:19,468][root][INFO] - Finished replay epoch 9624/10000
[2026-05-28 21:39:24,795][root][INFO] - Finished replay epoch 9625/10000
[2026-05-28 21:39:30,106][root][INFO] - Finished replay epoch 9626/10000
| pretrain       | Iter: 0 | T: 17:58:02 | BS: 3392 | Batched Update FPS: 3.2232
[2026-05-28 21:39:35,430][root][INFO] - Finished replay epoch 9627/10000
[2026-05-28 21:39:40,677][root][INFO] - Finished replay epoch 9628/10000
[2026-05-28 21:39:45,990][root][INFO] - Finished replay epoch 9629/10000
[2026-05-28 21:39:51,366][root][INFO] - Finished replay epoch 9630/10000
| pretrain       | Iter: 0 | T: 17:58:23 | BS: 3392 | Batched Update FPS: 4.4255
[2026-05-28 21:39:56,658][root][INFO] - Finished replay epoch 9631/10000
[2026-05-28 21:40:02,022][root][INFO] - Finished replay epoch 9632/10000
[2026-05-28 21:40:07,359][root][INFO] - Finished replay epoch 9633/10000
[2026-05-28 21:40:11,383][root][INFO] - Finished replay epoch 9634/10000
| pretrain       | Iter: 0 | T: 17:58:41 | BS: 3392 | Batched Update FPS: 4.9869
[2026-05-28 21:40:15,265][root][INFO] - Finished replay epoch 9635/10000
[2026-05-28 21:40:19,161][root][INFO] - Finished replay epoch 9636/10000
[2026-05-28 21:40:23,049][root][INFO] - Finished replay epoch 9637/10000
[2026-05-28 21:40:26,909][root][INFO] - Finished replay epoch 9638/10000
| pretrain       | Iter: 0 | T: 17:58:56 | BS: 3392 | Batched Update FPS: 5.1697
[2026-05-28 21:40:30,753][root][INFO] - Finished replay epoch 9639/10000
[2026-05-28 21:40:34,648][root][INFO] - Finished replay epoch 9640/10000
[2026-05-28 21:40:38,578][root][INFO] - Finished replay epoch 9641/10000
[2026-05-28 21:40:42,431][root][INFO] - Finished replay epoch 9642/10000
| pretrain       | Iter: 0 | T: 17:59:11 | BS: 3392 | Batched Update FPS: 4.9907
[2026-05-28 21:40:46,353][root][INFO] - Finished replay epoch 9643/10000
[2026-05-28 21:40:50,253][root][INFO] - Finished replay epoch 9644/10000
[2026-05-28 21:40:54,181][root][INFO] - Finished replay epoch 9645/10000
[2026-05-28 21:40:58,038][root][INFO] - Finished replay epoch 9646/10000
| pretrain       | Iter: 0 | T: 17:59:26 | BS: 3392 | Batched Update FPS: 4.8563
[2026-05-28 21:41:01,975][root][INFO] - Finished replay epoch 9647/10000
[2026-05-28 21:41:05,854][root][INFO] - Finished replay epoch 9648/10000
[2026-05-28 21:41:09,803][root][INFO] - Finished replay epoch 9649/10000
[2026-05-28 21:41:13,660][root][INFO] - Finished replay epoch 9650/10000
| pretrain       | Iter: 0 | T: 17:59:41 | BS: 3392 | Batched Update FPS: 5.2900
[2026-05-28 21:41:17,508][root][INFO] - Finished replay epoch 9651/10000
[2026-05-28 21:41:21,384][root][INFO] - Finished replay epoch 9652/10000
[2026-05-28 21:41:25,325][root][INFO] - Finished replay epoch 9653/10000
| pretrain       | Iter: 0 | T: 17:59:56 | BS: 3392 | Batched Update FPS: 6.1447
[2026-05-28 21:41:29,453][root][INFO] - Finished replay epoch 9654/10000
[2026-05-28 21:41:33,250][root][INFO] - Finished replay epoch 9655/10000
[2026-05-28 21:41:37,141][root][INFO] - Finished replay epoch 9656/10000
[2026-05-28 21:41:41,036][root][INFO] - Finished replay epoch 9657/10000
| pretrain       | Iter: 0 | T: 18:00:11 | BS: 3392 | Batched Update FPS: 4.9309
[2026-05-28 21:41:44,958][root][INFO] - Finished replay epoch 9658/10000
[2026-05-28 21:41:48,861][root][INFO] - Finished replay epoch 9659/10000
[2026-05-28 21:41:52,701][root][INFO] - Finished replay epoch 9660/10000
[2026-05-28 21:41:56,561][root][INFO] - Finished replay epoch 9661/10000
| pretrain       | Iter: 0 | T: 18:00:26 | BS: 3392 | Batched Update FPS: 4.9353
[2026-05-28 21:42:00,404][root][INFO] - Finished replay epoch 9662/10000
[2026-05-28 21:42:04,264][root][INFO] - Finished replay epoch 9663/10000
[2026-05-28 21:42:08,106][root][INFO] - Finished replay epoch 9664/10000
[2026-05-28 21:42:11,981][root][INFO] - Finished replay epoch 9665/10000
| pretrain       | Iter: 0 | T: 18:00:41 | BS: 3392 | Batched Update FPS: 5.0166
[2026-05-28 21:42:15,855][root][INFO] - Finished replay epoch 9666/10000
[2026-05-28 21:42:19,676][root][INFO] - Finished replay epoch 9667/10000
[2026-05-28 21:42:23,496][root][INFO] - Finished replay epoch 9668/10000
[2026-05-28 21:42:27,387][root][INFO] - Finished replay epoch 9669/10000
| pretrain       | Iter: 0 | T: 18:00:55 | BS: 3392 | Batched Update FPS: 4.9700
[2026-05-28 21:42:31,307][root][INFO] - Finished replay epoch 9670/10000
[2026-05-28 21:42:35,159][root][INFO] - Finished replay epoch 9671/10000
[2026-05-28 21:42:39,032][root][INFO] - Finished replay epoch 9672/10000
[2026-05-28 21:42:42,914][root][INFO] - Finished replay epoch 9673/10000
| pretrain       | Iter: 0 | T: 18:01:10 | BS: 3392 | Batched Update FPS: 5.1494
[2026-05-28 21:42:46,764][root][INFO] - Finished replay epoch 9674/10000
[2026-05-28 21:42:50,664][root][INFO] - Finished replay epoch 9675/10000
[2026-05-28 21:42:54,547][root][INFO] - Finished replay epoch 9676/10000
| pretrain       | Iter: 0 | T: 18:01:25 | BS: 3392 | Batched Update FPS: 5.0244
[2026-05-28 21:42:58,439][root][INFO] - Finished replay epoch 9677/10000
[2026-05-28 21:43:02,320][root][INFO] - Finished replay epoch 9678/10000
[2026-05-28 21:43:06,161][root][INFO] - Finished replay epoch 9679/10000
[2026-05-28 21:43:10,055][root][INFO] - Finished replay epoch 9680/10000
| pretrain       | Iter: 0 | T: 18:01:40 | BS: 3392 | Batched Update FPS: 4.9969
[2026-05-28 21:43:13,964][root][INFO] - Finished replay epoch 9681/10000
[2026-05-28 21:43:17,825][root][INFO] - Finished replay epoch 9682/10000
[2026-05-28 21:43:21,650][root][INFO] - Finished replay epoch 9683/10000
[2026-05-28 21:43:25,539][root][INFO] - Finished replay epoch 9684/10000
| pretrain       | Iter: 0 | T: 18:01:55 | BS: 3392 | Batched Update FPS: 5.2179
[2026-05-28 21:43:29,411][root][INFO] - Finished replay epoch 9685/10000
[2026-05-28 21:43:33,307][root][INFO] - Finished replay epoch 9686/10000
[2026-05-28 21:43:37,190][root][INFO] - Finished replay epoch 9687/10000
[2026-05-28 21:43:41,057][root][INFO] - Finished replay epoch 9688/10000
| pretrain       | Iter: 0 | T: 18:02:10 | BS: 3392 | Batched Update FPS: 4.8762
[2026-05-28 21:43:44,965][root][INFO] - Finished replay epoch 9689/10000
[2026-05-28 21:43:48,858][root][INFO] - Finished replay epoch 9690/10000
[2026-05-28 21:43:53,190][root][INFO] - Finished replay epoch 9691/10000
[2026-05-28 21:43:58,494][root][INFO] - Finished replay epoch 9692/10000
| pretrain       | Iter: 0 | T: 18:02:28 | BS: 3392 | Batched Update FPS: 6.0197
[2026-05-28 21:44:04,238][root][INFO] - Finished replay epoch 9693/10000
[2026-05-28 21:44:09,534][root][INFO] - Finished replay epoch 9694/10000
[2026-05-28 21:44:14,772][root][INFO] - Finished replay epoch 9695/10000
[2026-05-28 21:44:20,187][root][INFO] - Finished replay epoch 9696/10000
| pretrain       | Iter: 0 | T: 18:02:48 | BS: 3392 | Batched Update FPS: 4.0281
[2026-05-28 21:44:25,400][root][INFO] - Finished replay epoch 9697/10000
[2026-05-28 21:44:30,686][root][INFO] - Finished replay epoch 9698/10000
[2026-05-28 21:44:35,952][root][INFO] - Finished replay epoch 9699/10000
[2026-05-28 21:44:41,268][root][INFO] - Finished replay epoch 9700/10000
| pretrain       | Iter: 0 | T: 18:03:09 | BS: 3392 | Batched Update FPS: 6.4550
[2026-05-28 21:44:46,736][root][INFO] - Finished replay epoch 9701/10000
[2026-05-28 21:44:52,143][root][INFO] - Finished replay epoch 9702/10000
[2026-05-28 21:44:57,522][root][INFO] - Finished replay epoch 9703/10000
| pretrain       | Iter: 0 | T: 18:03:29 | BS: 3392 | Batched Update FPS: 3.0793
[2026-05-28 21:45:02,880][root][INFO] - Finished replay epoch 9704/10000
[2026-05-28 21:45:08,148][root][INFO] - Finished replay epoch 9705/10000
[2026-05-28 21:45:13,561][root][INFO] - Finished replay epoch 9706/10000
[2026-05-28 21:45:18,829][root][INFO] - Finished replay epoch 9707/10000
| pretrain       | Iter: 0 | T: 18:03:50 | BS: 3392 | Batched Update FPS: 3.2864
[2026-05-28 21:45:24,202][root][INFO] - Finished replay epoch 9708/10000
[2026-05-28 21:45:29,580][root][INFO] - Finished replay epoch 9709/10000
[2026-05-28 21:45:34,938][root][INFO] - Finished replay epoch 9710/10000
[2026-05-28 21:45:40,153][root][INFO] - Finished replay epoch 9711/10000
| pretrain       | Iter: 0 | T: 18:04:10 | BS: 3392 | Batched Update FPS: 3.2897
wandb: WARNING `format` argument was not provided, defaulting to `gif`. This parameter will be required in v0.20.0, please specify the format explicitly.
wandb: Encoding video...
| pretrain_eval  | Iter: 0 | S: 252500 | E: 0 | L: 200 | R: 0.0000 | T: 18:06:53
[2026-05-28 21:48:33,088][root][INFO] - Finished replay epoch 9712/10000
[2026-05-28 21:48:38,311][root][INFO] - Finished replay epoch 9713/10000
[2026-05-28 21:48:43,625][root][INFO] - Finished replay epoch 9714/10000
[2026-05-28 21:48:49,006][root][INFO] - Finished replay epoch 9715/10000
| pretrain       | Iter: 0 | T: 18:07:18 | BS: 3392 | Batched Update FPS: 3.9375
[2026-05-28 21:48:54,285][root][INFO] - Finished replay epoch 9716/10000
[2026-05-28 21:48:59,618][root][INFO] - Finished replay epoch 9717/10000
[2026-05-28 21:49:04,875][root][INFO] - Finished replay epoch 9718/10000
[2026-05-28 21:49:10,073][root][INFO] - Finished replay epoch 9719/10000
| pretrain       | Iter: 0 | T: 18:07:39 | BS: 3392 | Batched Update FPS: 3.1090
[2026-05-28 21:49:15,343][root][INFO] - Finished replay epoch 9720/10000
[2026-05-28 21:49:20,624][root][INFO] - Finished replay epoch 9721/10000
[2026-05-28 21:49:25,855][root][INFO] - Finished replay epoch 9722/10000
[2026-05-28 21:49:31,192][root][INFO] - Finished replay epoch 9723/10000
| pretrain       | Iter: 0 | T: 18:07:59 | BS: 3392 | Batched Update FPS: 4.3902
[2026-05-28 21:49:36,506][root][INFO] - Finished replay epoch 9724/10000
[2026-05-28 21:49:41,749][root][INFO] - Finished replay epoch 9725/10000
[2026-05-28 21:49:47,076][root][INFO] - Finished replay epoch 9726/10000
| pretrain       | Iter: 0 | T: 18:08:19 | BS: 3392 | Batched Update FPS: 4.2757
[2026-05-28 21:49:52,429][root][INFO] - Finished replay epoch 9727/10000
[2026-05-28 21:49:57,728][root][INFO] - Finished replay epoch 9728/10000
[2026-05-28 21:50:02,972][root][INFO] - Finished replay epoch 9729/10000
[2026-05-28 21:50:08,311][root][INFO] - Finished replay epoch 9730/10000
| pretrain       | Iter: 0 | T: 18:08:40 | BS: 3392 | Batched Update FPS: 5.9300
[2026-05-28 21:50:14,050][root][INFO] - Finished replay epoch 9731/10000
[2026-05-28 21:50:19,298][root][INFO] - Finished replay epoch 9732/10000
[2026-05-28 21:50:24,658][root][INFO] - Finished replay epoch 9733/10000
[2026-05-28 21:50:29,895][root][INFO] - Finished replay epoch 9734/10000
| pretrain       | Iter: 0 | T: 18:09:00 | BS: 3392 | Batched Update FPS: 4.1611
[2026-05-28 21:50:35,276][root][INFO] - Finished replay epoch 9735/10000
[2026-05-28 21:50:40,095][root][INFO] - Finished replay epoch 9736/10000
[2026-05-28 21:50:45,361][root][INFO] - Finished replay epoch 9737/10000
[2026-05-28 21:50:50,641][root][INFO] - Finished replay epoch 9738/10000
| pretrain       | Iter: 0 | T: 18:09:20 | BS: 3392 | Batched Update FPS: 3.9922
[2026-05-28 21:50:56,039][root][INFO] - Finished replay epoch 9739/10000
[2026-05-28 21:51:01,331][root][INFO] - Finished replay epoch 9740/10000
[2026-05-28 21:51:06,606][root][INFO] - Finished replay epoch 9741/10000
[2026-05-28 21:51:11,936][root][INFO] - Finished replay epoch 9742/10000
| pretrain       | Iter: 0 | T: 18:09:41 | BS: 3392 | Batched Update FPS: 3.5911
[2026-05-28 21:51:17,224][root][INFO] - Finished replay epoch 9743/10000
[2026-05-28 21:51:22,510][root][INFO] - Finished replay epoch 9744/10000
[2026-05-28 21:51:27,771][root][INFO] - Finished replay epoch 9745/10000
[2026-05-28 21:51:33,050][root][INFO] - Finished replay epoch 9746/10000
| pretrain       | Iter: 0 | T: 18:10:01 | BS: 3392 | Batched Update FPS: 3.9341
[2026-05-28 21:51:38,514][root][INFO] - Finished replay epoch 9747/10000
[2026-05-28 21:51:43,761][root][INFO] - Finished replay epoch 9748/10000
[2026-05-28 21:51:49,095][root][INFO] - Finished replay epoch 9749/10000
[2026-05-28 21:51:54,376][root][INFO] - Finished replay epoch 9750/10000
| pretrain       | Iter: 0 | T: 18:10:22 | BS: 3392 | Batched Update FPS: 4.3689
[2026-05-28 21:51:59,726][root][INFO] - Finished replay epoch 9751/10000
[2026-05-28 21:52:05,055][root][INFO] - Finished replay epoch 9752/10000
[2026-05-28 21:52:10,328][root][INFO] - Finished replay epoch 9753/10000
| pretrain       | Iter: 0 | T: 18:10:42 | BS: 3392 | Batched Update FPS: 4.3630
[2026-05-28 21:52:15,570][root][INFO] - Finished replay epoch 9754/10000
[2026-05-28 21:52:20,919][root][INFO] - Finished replay epoch 9755/10000
[2026-05-28 21:52:26,194][root][INFO] - Finished replay epoch 9756/10000
[2026-05-28 21:52:31,424][root][INFO] - Finished replay epoch 9757/10000
| pretrain       | Iter: 0 | T: 18:11:02 | BS: 3392 | Batched Update FPS: 3.9696
[2026-05-28 21:52:36,797][root][INFO] - Finished replay epoch 9758/10000
[2026-05-28 21:52:42,106][root][INFO] - Finished replay epoch 9759/10000
[2026-05-28 21:52:47,450][root][INFO] - Finished replay epoch 9760/10000
[2026-05-28 21:52:52,627][root][INFO] - Finished replay epoch 9761/10000
| pretrain       | Iter: 0 | T: 18:11:23 | BS: 3392 | Batched Update FPS: 4.0387
[2026-05-28 21:52:57,955][root][INFO] - Finished replay epoch 9762/10000
[2026-05-28 21:53:03,300][root][INFO] - Finished replay epoch 9763/10000
[2026-05-28 21:53:08,641][root][INFO] - Finished replay epoch 9764/10000
[2026-05-28 21:53:13,868][root][INFO] - Finished replay epoch 9765/10000
| pretrain       | Iter: 0 | T: 18:11:43 | BS: 3392 | Batched Update FPS: 4.2276
[2026-05-28 21:53:19,185][root][INFO] - Finished replay epoch 9766/10000
[2026-05-28 21:53:24,541][root][INFO] - Finished replay epoch 9767/10000
[2026-05-28 21:53:29,764][root][INFO] - Finished replay epoch 9768/10000
[2026-05-28 21:53:35,059][root][INFO] - Finished replay epoch 9769/10000
| pretrain       | Iter: 0 | T: 18:12:04 | BS: 3392 | Batched Update FPS: 3.4189
[2026-05-28 21:53:40,932][root][INFO] - Finished replay epoch 9770/10000
[2026-05-28 21:53:46,236][root][INFO] - Finished replay epoch 9771/10000
[2026-05-28 21:53:51,499][root][INFO] - Finished replay epoch 9772/10000
[2026-05-28 21:53:56,802][root][INFO] - Finished replay epoch 9773/10000
| pretrain       | Iter: 0 | T: 18:12:24 | BS: 3392 | Batched Update FPS: 3.1246
[2026-05-28 21:54:02,120][root][INFO] - Finished replay epoch 9774/10000
[2026-05-28 21:54:07,275][root][INFO] - Finished replay epoch 9775/10000
[2026-05-28 21:54:12,577][root][INFO] - Finished replay epoch 9776/10000
| pretrain       | Iter: 0 | T: 18:12:45 | BS: 3392 | Batched Update FPS: 4.0497
[2026-05-28 21:54:17,857][root][INFO] - Finished replay epoch 9777/10000
[2026-05-28 21:54:23,076][root][INFO] - Finished replay epoch 9778/10000
[2026-05-28 21:54:28,405][root][INFO] - Finished replay epoch 9779/10000
[2026-05-28 21:54:33,788][root][INFO] - Finished replay epoch 9780/10000
| pretrain       | Iter: 0 | T: 18:13:05 | BS: 3392 | Batched Update FPS: 4.4221
[2026-05-28 21:54:39,118][root][INFO] - Finished replay epoch 9781/10000
[2026-05-28 21:54:44,356][root][INFO] - Finished replay epoch 9782/10000
[2026-05-28 21:54:49,747][root][INFO] - Finished replay epoch 9783/10000
[2026-05-28 21:54:55,023][root][INFO] - Finished replay epoch 9784/10000
| pretrain       | Iter: 0 | T: 18:13:25 | BS: 3392 | Batched Update FPS: 5.0328
[2026-05-28 21:55:00,286][root][INFO] - Finished replay epoch 9785/10000
[2026-05-28 21:55:05,605][root][INFO] - Finished replay epoch 9786/10000
[2026-05-28 21:55:10,970][root][INFO] - Finished replay epoch 9787/10000
[2026-05-28 21:55:16,263][root][INFO] - Finished replay epoch 9788/10000
| pretrain       | Iter: 0 | T: 18:13:46 | BS: 3392 | Batched Update FPS: 3.6498
[2026-05-28 21:55:21,618][root][INFO] - Finished replay epoch 9789/10000
[2026-05-28 21:55:26,940][root][INFO] - Finished replay epoch 9790/10000
[2026-05-28 21:55:32,210][root][INFO] - Finished replay epoch 9791/10000
[2026-05-28 21:55:37,478][root][INFO] - Finished replay epoch 9792/10000
| pretrain       | Iter: 0 | T: 18:14:06 | BS: 3392 | Batched Update FPS: 3.9254
[2026-05-28 21:55:42,823][root][INFO] - Finished replay epoch 9793/10000
[2026-05-28 21:55:48,202][root][INFO] - Finished replay epoch 9794/10000
[2026-05-28 21:55:53,570][root][INFO] - Finished replay epoch 9795/10000
[2026-05-28 21:55:58,846][root][INFO] - Finished replay epoch 9796/10000
| pretrain       | Iter: 0 | T: 18:14:27 | BS: 3392 | Batched Update FPS: 3.0557
[2026-05-28 21:56:04,167][root][INFO] - Finished replay epoch 9797/10000
[2026-05-28 21:56:09,534][root][INFO] - Finished replay epoch 9798/10000
[2026-05-28 21:56:14,702][root][INFO] - Finished replay epoch 9799/10000
[2026-05-28 21:56:20,039][root][INFO] - Finished replay epoch 9800/10000
| pretrain       | Iter: 0 | T: 18:14:47 | BS: 3392 | Batched Update FPS: 3.2515
[2026-05-28 21:56:25,390][root][INFO] - Finished replay epoch 9801/10000
[2026-05-28 21:56:30,621][root][INFO] - Finished replay epoch 9802/10000
[2026-05-28 21:56:35,942][root][INFO] - Finished replay epoch 9803/10000
| pretrain       | Iter: 0 | T: 18:15:08 | BS: 3392 | Batched Update FPS: 3.5318
[2026-05-28 21:56:41,288][root][INFO] - Finished replay epoch 9804/10000
[2026-05-28 21:56:46,497][root][INFO] - Finished replay epoch 9805/10000
[2026-05-28 21:56:51,777][root][INFO] - Finished replay epoch 9806/10000
[2026-05-28 21:56:57,095][root][INFO] - Finished replay epoch 9807/10000
| pretrain       | Iter: 0 | T: 18:15:28 | BS: 3392 | Batched Update FPS: 3.8356
wandb: WARNING `format` argument was not provided, defaulting to `gif`. This parameter will be required in v0.20.0, please specify the format explicitly.
wandb: Encoding video...
| pretrain_eval  | Iter: 0 | S: 255000 | E: 0 | L: 200 | R: 0.0000 | T: 18:17:53
[2026-05-28 21:59:31,960][root][INFO] - Finished replay epoch 9808/10000
[2026-05-28 21:59:37,288][root][INFO] - Finished replay epoch 9809/10000
[2026-05-28 21:59:42,589][root][INFO] - Finished replay epoch 9810/10000
[2026-05-28 21:59:47,849][root][INFO] - Finished replay epoch 9811/10000
| pretrain       | Iter: 0 | T: 18:18:18 | BS: 3392 | Batched Update FPS: 3.2738
[2026-05-28 21:59:53,247][root][INFO] - Finished replay epoch 9812/10000
[2026-05-28 21:59:58,449][root][INFO] - Finished replay epoch 9813/10000
[2026-05-28 22:00:03,801][root][INFO] - Finished replay epoch 9814/10000
[2026-05-28 22:00:09,007][root][INFO] - Finished replay epoch 9815/10000
| pretrain       | Iter: 0 | T: 18:18:38 | BS: 3392 | Batched Update FPS: 4.4231
[2026-05-28 22:00:14,373][root][INFO] - Finished replay epoch 9816/10000
[2026-05-28 22:00:19,746][root][INFO] - Finished replay epoch 9817/10000
[2026-05-28 22:00:24,992][root][INFO] - Finished replay epoch 9818/10000
[2026-05-28 22:00:30,352][root][INFO] - Finished replay epoch 9819/10000
| pretrain       | Iter: 0 | T: 18:18:59 | BS: 3392 | Batched Update FPS: 3.2380
[2026-05-28 22:00:35,678][root][INFO] - Finished replay epoch 9820/10000
[2026-05-28 22:00:40,994][root][INFO] - Finished replay epoch 9821/10000
[2026-05-28 22:00:46,291][root][INFO] - Finished replay epoch 9822/10000
[2026-05-28 22:00:51,546][root][INFO] - Finished replay epoch 9823/10000
| pretrain       | Iter: 0 | T: 18:19:19 | BS: 3392 | Batched Update FPS: 3.3776
[2026-05-28 22:00:56,879][root][INFO] - Finished replay epoch 9824/10000
[2026-05-28 22:01:02,122][root][INFO] - Finished replay epoch 9825/10000
[2026-05-28 22:01:07,492][root][INFO] - Finished replay epoch 9826/10000
| pretrain       | Iter: 0 | T: 18:19:40 | BS: 3392 | Batched Update FPS: 4.2418
[2026-05-28 22:01:12,893][root][INFO] - Finished replay epoch 9827/10000
[2026-05-28 22:01:18,097][root][INFO] - Finished replay epoch 9828/10000
[2026-05-28 22:01:23,380][root][INFO] - Finished replay epoch 9829/10000
[2026-05-28 22:01:28,653][root][INFO] - Finished replay epoch 9830/10000
| pretrain       | Iter: 0 | T: 18:20:00 | BS: 3392 | Batched Update FPS: 4.1419
[2026-05-28 22:01:33,935][root][INFO] - Finished replay epoch 9831/10000
[2026-05-28 22:01:39,256][root][INFO] - Finished replay epoch 9832/10000
[2026-05-28 22:01:44,624][root][INFO] - Finished replay epoch 9833/10000
[2026-05-28 22:01:49,933][root][INFO] - Finished replay epoch 9834/10000
| pretrain       | Iter: 0 | T: 18:20:20 | BS: 3392 | Batched Update FPS: 4.5673
[2026-05-28 22:01:55,256][root][INFO] - Finished replay epoch 9835/10000
[2026-05-28 22:02:00,614][root][INFO] - Finished replay epoch 9836/10000
[2026-05-28 22:02:05,941][root][INFO] - Finished replay epoch 9837/10000
[2026-05-28 22:02:11,188][root][INFO] - Finished replay epoch 9838/10000
| pretrain       | Iter: 0 | T: 18:20:41 | BS: 3392 | Batched Update FPS: 4.2341
[2026-05-28 22:02:16,555][root][INFO] - Finished replay epoch 9839/10000
[2026-05-28 22:02:21,912][root][INFO] - Finished replay epoch 9840/10000
[2026-05-28 22:02:27,212][root][INFO] - Finished replay epoch 9841/10000
[2026-05-28 22:02:32,537][root][INFO] - Finished replay epoch 9842/10000
| pretrain       | Iter: 0 | T: 18:21:01 | BS: 3392 | Batched Update FPS: 4.1533
[2026-05-28 22:02:37,867][root][INFO] - Finished replay epoch 9843/10000
[2026-05-28 22:02:43,132][root][INFO] - Finished replay epoch 9844/10000
[2026-05-28 22:02:48,495][root][INFO] - Finished replay epoch 9845/10000
[2026-05-28 22:02:53,776][root][INFO] - Finished replay epoch 9846/10000
| pretrain       | Iter: 0 | T: 18:21:22 | BS: 3392 | Batched Update FPS: 5.6659
[2026-05-28 22:02:59,344][root][INFO] - Finished replay epoch 9847/10000
[2026-05-28 22:03:04,603][root][INFO] - Finished replay epoch 9848/10000
[2026-05-28 22:03:09,966][root][INFO] - Finished replay epoch 9849/10000
[2026-05-28 22:03:15,235][root][INFO] - Finished replay epoch 9850/10000
| pretrain       | Iter: 0 | T: 18:21:42 | BS: 3392 | Batched Update FPS: 4.2484
[2026-05-28 22:03:20,482][root][INFO] - Finished replay epoch 9851/10000
[2026-05-28 22:03:25,834][root][INFO] - Finished replay epoch 9852/10000
[2026-05-28 22:03:31,182][root][INFO] - Finished replay epoch 9853/10000
| pretrain       | Iter: 0 | T: 18:22:03 | BS: 3392 | Batched Update FPS: 4.2590
[2026-05-28 22:03:36,452][root][INFO] - Finished replay epoch 9854/10000
[2026-05-28 22:03:41,707][root][INFO] - Finished replay epoch 9855/10000
[2026-05-28 22:03:47,049][root][INFO] - Finished replay epoch 9856/10000
[2026-05-28 22:03:52,347][root][INFO] - Finished replay epoch 9857/10000
| pretrain       | Iter: 0 | T: 18:22:23 | BS: 3392 | Batched Update FPS: 4.0982
[2026-05-28 22:03:57,635][root][INFO] - Finished replay epoch 9858/10000
[2026-05-28 22:04:02,928][root][INFO] - Finished replay epoch 9859/10000
[2026-05-28 22:04:08,252][root][INFO] - Finished replay epoch 9860/10000
[2026-05-28 22:04:13,593][root][INFO] - Finished replay epoch 9861/10000
| pretrain       | Iter: 0 | T: 18:22:44 | BS: 3392 | Batched Update FPS: 3.1128
[2026-05-28 22:04:18,980][root][INFO] - Finished replay epoch 9862/10000
[2026-05-28 22:04:24,255][root][INFO] - Finished replay epoch 9863/10000
[2026-05-28 22:04:29,588][root][INFO] - Finished replay epoch 9864/10000
[2026-05-28 22:04:34,916][root][INFO] - Finished replay epoch 9865/10000
| pretrain       | Iter: 0 | T: 18:23:04 | BS: 3392 | Batched Update FPS: 3.0788
[2026-05-28 22:04:40,205][root][INFO] - Finished replay epoch 9866/10000
[2026-05-28 22:04:45,528][root][INFO] - Finished replay epoch 9867/10000
[2026-05-28 22:04:50,811][root][INFO] - Finished replay epoch 9868/10000
[2026-05-28 22:04:56,165][root][INFO] - Finished replay epoch 9869/10000
| pretrain       | Iter: 0 | T: 18:23:25 | BS: 3392 | Batched Update FPS: 3.1186
[2026-05-28 22:05:01,483][root][INFO] - Finished replay epoch 9870/10000
[2026-05-28 22:05:06,793][root][INFO] - Finished replay epoch 9871/10000
[2026-05-28 22:05:10,715][root][INFO] - Finished replay epoch 9872/10000
[2026-05-28 22:05:14,591][root][INFO] - Finished replay epoch 9873/10000
| pretrain       | Iter: 0 | T: 18:23:42 | BS: 3392 | Batched Update FPS: 4.9926
[2026-05-28 22:05:18,495][root][INFO] - Finished replay epoch 9874/10000
[2026-05-28 22:05:22,368][root][INFO] - Finished replay epoch 9875/10000
[2026-05-28 22:05:26,471][root][INFO] - Finished replay epoch 9876/10000
| pretrain       | Iter: 0 | T: 18:23:57 | BS: 3392 | Batched Update FPS: 4.8946
[2026-05-28 22:05:30,394][root][INFO] - Finished replay epoch 9877/10000
[2026-05-28 22:05:34,328][root][INFO] - Finished replay epoch 9878/10000
[2026-05-28 22:05:38,187][root][INFO] - Finished replay epoch 9879/10000
[2026-05-28 22:05:42,063][root][INFO] - Finished replay epoch 9880/10000
| pretrain       | Iter: 0 | T: 18:24:12 | BS: 3392 | Batched Update FPS: 4.9490
[2026-05-28 22:05:45,968][root][INFO] - Finished replay epoch 9881/10000
[2026-05-28 22:05:49,875][root][INFO] - Finished replay epoch 9882/10000
[2026-05-28 22:05:53,710][root][INFO] - Finished replay epoch 9883/10000
[2026-05-28 22:05:57,537][root][INFO] - Finished replay epoch 9884/10000
| pretrain       | Iter: 0 | T: 18:24:27 | BS: 3392 | Batched Update FPS: 5.9382
[2026-05-28 22:06:01,656][root][INFO] - Finished replay epoch 9885/10000
[2026-05-28 22:06:05,499][root][INFO] - Finished replay epoch 9886/10000
[2026-05-28 22:06:09,350][root][INFO] - Finished replay epoch 9887/10000
[2026-05-28 22:06:13,230][root][INFO] - Finished replay epoch 9888/10000
| pretrain       | Iter: 0 | T: 18:24:42 | BS: 3392 | Batched Update FPS: 4.8954
[2026-05-28 22:06:17,124][root][INFO] - Finished replay epoch 9889/10000
[2026-05-28 22:06:20,974][root][INFO] - Finished replay epoch 9890/10000
[2026-05-28 22:06:24,868][root][INFO] - Finished replay epoch 9891/10000
[2026-05-28 22:06:28,703][root][INFO] - Finished replay epoch 9892/10000
| pretrain       | Iter: 0 | T: 18:24:57 | BS: 3392 | Batched Update FPS: 4.8591
[2026-05-28 22:06:32,581][root][INFO] - Finished replay epoch 9893/10000
[2026-05-28 22:06:36,444][root][INFO] - Finished replay epoch 9894/10000
[2026-05-28 22:06:40,321][root][INFO] - Finished replay epoch 9895/10000
[2026-05-28 22:06:44,147][root][INFO] - Finished replay epoch 9896/10000
| pretrain       | Iter: 0 | T: 18:25:12 | BS: 3392 | Batched Update FPS: 4.9549
[2026-05-28 22:06:48,041][root][INFO] - Finished replay epoch 9897/10000
[2026-05-28 22:06:51,941][root][INFO] - Finished replay epoch 9898/10000
[2026-05-28 22:06:55,789][root][INFO] - Finished replay epoch 9899/10000
[2026-05-28 22:06:59,653][root][INFO] - Finished replay epoch 9900/10000
| pretrain       | Iter: 0 | T: 18:25:27 | BS: 3392 | Batched Update FPS: 5.0153
[2026-05-28 22:07:03,562][root][INFO] - Finished replay epoch 9901/10000
[2026-05-28 22:07:07,441][root][INFO] - Finished replay epoch 9902/10000
[2026-05-28 22:07:11,364][root][INFO] - Finished replay epoch 9903/10000
| pretrain       | Iter: 0 | T: 18:25:42 | BS: 3392 | Batched Update FPS: 4.9667
wandb: WARNING `format` argument was not provided, defaulting to `gif`. This parameter will be required in v0.20.0, please specify the format explicitly.
wandb: Encoding video...
| pretrain_eval  | Iter: 0 | S: 257500 | E: 0 | L: 200 | R: 0.0000 | T: 18:27:45
[2026-05-28 22:09:23,064][root][INFO] - Finished replay epoch 9904/10000
[2026-05-28 22:09:28,355][root][INFO] - Finished replay epoch 9905/10000
[2026-05-28 22:09:33,689][root][INFO] - Finished replay epoch 9906/10000
[2026-05-28 22:09:39,044][root][INFO] - Finished replay epoch 9907/10000
| pretrain       | Iter: 0 | T: 18:28:10 | BS: 3392 | Batched Update FPS: 4.8169
[2026-05-28 22:09:44,317][root][INFO] - Finished replay epoch 9908/10000
[2026-05-28 22:09:49,623][root][INFO] - Finished replay epoch 9909/10000
[2026-05-28 22:09:54,931][root][INFO] - Finished replay epoch 9910/10000
[2026-05-28 22:10:00,235][root][INFO] - Finished replay epoch 9911/10000
| pretrain       | Iter: 0 | T: 18:28:30 | BS: 3392 | Batched Update FPS: 3.5931
[2026-05-28 22:10:05,544][root][INFO] - Finished replay epoch 9912/10000
[2026-05-28 22:10:10,864][root][INFO] - Finished replay epoch 9913/10000
[2026-05-28 22:10:16,184][root][INFO] - Finished replay epoch 9914/10000
[2026-05-28 22:10:21,460][root][INFO] - Finished replay epoch 9915/10000
| pretrain       | Iter: 0 | T: 18:28:51 | BS: 3392 | Batched Update FPS: 3.1255
[2026-05-28 22:10:26,975][root][INFO] - Finished replay epoch 9916/10000
[2026-05-28 22:10:32,319][root][INFO] - Finished replay epoch 9917/10000
[2026-05-28 22:10:37,646][root][INFO] - Finished replay epoch 9918/10000
[2026-05-28 22:10:43,017][root][INFO] - Finished replay epoch 9919/10000
| pretrain       | Iter: 0 | T: 18:29:12 | BS: 3392 | Batched Update FPS: 3.2277
[2026-05-28 22:10:48,343][root][INFO] - Finished replay epoch 9920/10000
[2026-05-28 22:10:53,657][root][INFO] - Finished replay epoch 9921/10000
[2026-05-28 22:10:58,921][root][INFO] - Finished replay epoch 9922/10000
[2026-05-28 22:11:04,231][root][INFO] - Finished replay epoch 9923/10000
| pretrain       | Iter: 0 | T: 18:29:32 | BS: 3392 | Batched Update FPS: 6.0882
[2026-05-28 22:11:09,851][root][INFO] - Finished replay epoch 9924/10000
[2026-05-28 22:11:15,240][root][INFO] - Finished replay epoch 9925/10000
[2026-05-28 22:11:20,615][root][INFO] - Finished replay epoch 9926/10000
| pretrain       | Iter: 0 | T: 18:29:53 | BS: 3392 | Batched Update FPS: 3.1302
[2026-05-28 22:11:25,931][root][INFO] - Finished replay epoch 9927/10000
[2026-05-28 22:11:31,291][root][INFO] - Finished replay epoch 9928/10000
[2026-05-28 22:11:36,549][root][INFO] - Finished replay epoch 9929/10000
[2026-05-28 22:11:41,855][root][INFO] - Finished replay epoch 9930/10000
| pretrain       | Iter: 0 | T: 18:30:13 | BS: 3392 | Batched Update FPS: 3.3878
[2026-05-28 22:11:47,299][root][INFO] - Finished replay epoch 9931/10000
[2026-05-28 22:11:52,616][root][INFO] - Finished replay epoch 9932/10000
[2026-05-28 22:11:57,947][root][INFO] - Finished replay epoch 9933/10000
[2026-05-28 22:12:03,282][root][INFO] - Finished replay epoch 9934/10000
| pretrain       | Iter: 0 | T: 18:30:34 | BS: 3392 | Batched Update FPS: 4.0160
[2026-05-28 22:12:08,673][root][INFO] - Finished replay epoch 9935/10000
[2026-05-28 22:12:14,087][root][INFO] - Finished replay epoch 9936/10000
[2026-05-28 22:12:19,322][root][INFO] - Finished replay epoch 9937/10000
[2026-05-28 22:12:24,711][root][INFO] - Finished replay epoch 9938/10000
| pretrain       | Iter: 0 | T: 18:30:54 | BS: 3392 | Batched Update FPS: 3.1023
[2026-05-28 22:12:30,100][root][INFO] - Finished replay epoch 9939/10000
[2026-05-28 22:12:35,462][root][INFO] - Finished replay epoch 9940/10000
[2026-05-28 22:12:40,750][root][INFO] - Finished replay epoch 9941/10000
[2026-05-28 22:12:46,072][root][INFO] - Finished replay epoch 9942/10000
| pretrain       | Iter: 0 | T: 18:31:15 | BS: 3392 | Batched Update FPS: 3.8639
[2026-05-28 22:12:51,467][root][INFO] - Finished replay epoch 9943/10000
[2026-05-28 22:12:56,705][root][INFO] - Finished replay epoch 9944/10000
[2026-05-28 22:13:02,079][root][INFO] - Finished replay epoch 9945/10000
[2026-05-28 22:13:07,416][root][INFO] - Finished replay epoch 9946/10000
| pretrain       | Iter: 0 | T: 18:31:35 | BS: 3392 | Batched Update FPS: 4.1225
[2026-05-28 22:13:12,714][root][INFO] - Finished replay epoch 9947/10000
[2026-05-28 22:13:18,011][root][INFO] - Finished replay epoch 9948/10000
[2026-05-28 22:13:23,298][root][INFO] - Finished replay epoch 9949/10000
[2026-05-28 22:13:28,628][root][INFO] - Finished replay epoch 9950/10000
| pretrain       | Iter: 0 | T: 18:31:56 | BS: 3392 | Batched Update FPS: 3.4984
[2026-05-28 22:13:33,985][root][INFO] - Finished replay epoch 9951/10000
[2026-05-28 22:13:39,390][root][INFO] - Finished replay epoch 9952/10000
[2026-05-28 22:13:44,724][root][INFO] - Finished replay epoch 9953/10000
| pretrain       | Iter: 0 | T: 18:32:16 | BS: 3392 | Batched Update FPS: 3.3145
[2026-05-28 22:13:50,088][root][INFO] - Finished replay epoch 9954/10000
[2026-05-28 22:13:55,422][root][INFO] - Finished replay epoch 9955/10000
[2026-05-28 22:14:00,785][root][INFO] - Finished replay epoch 9956/10000
[2026-05-28 22:14:06,048][root][INFO] - Finished replay epoch 9957/10000
| pretrain       | Iter: 0 | T: 18:32:37 | BS: 3392 | Batched Update FPS: 3.1329
[2026-05-28 22:14:11,446][root][INFO] - Finished replay epoch 9958/10000
[2026-05-28 22:14:16,752][root][INFO] - Finished replay epoch 9959/10000
[2026-05-28 22:14:22,101][root][INFO] - Finished replay epoch 9960/10000
[2026-05-28 22:14:27,372][root][INFO] - Finished replay epoch 9961/10000
| pretrain       | Iter: 0 | T: 18:32:58 | BS: 3392 | Batched Update FPS: 3.4660
[2026-05-28 22:14:32,991][root][INFO] - Finished replay epoch 9962/10000
[2026-05-28 22:14:38,234][root][INFO] - Finished replay epoch 9963/10000
[2026-05-28 22:14:43,581][root][INFO] - Finished replay epoch 9964/10000
[2026-05-28 22:14:48,915][root][INFO] - Finished replay epoch 9965/10000
| pretrain       | Iter: 0 | T: 18:33:18 | BS: 3392 | Batched Update FPS: 3.4764
[2026-05-28 22:14:54,240][root][INFO] - Finished replay epoch 9966/10000
[2026-05-28 22:14:59,552][root][INFO] - Finished replay epoch 9967/10000
[2026-05-28 22:15:04,842][root][INFO] - Finished replay epoch 9968/10000
[2026-05-28 22:15:10,171][root][INFO] - Finished replay epoch 9969/10000
| pretrain       | Iter: 0 | T: 18:33:39 | BS: 3392 | Batched Update FPS: 4.0894
[2026-05-28 22:15:15,505][root][INFO] - Finished replay epoch 9970/10000
[2026-05-28 22:15:20,794][root][INFO] - Finished replay epoch 9971/10000
[2026-05-28 22:15:26,144][root][INFO] - Finished replay epoch 9972/10000
[2026-05-28 22:15:30,890][root][INFO] - Finished replay epoch 9973/10000
| pretrain       | Iter: 0 | T: 18:33:58 | BS: 3392 | Batched Update FPS: 4.0557
[2026-05-28 22:15:36,215][root][INFO] - Finished replay epoch 9974/10000
[2026-05-28 22:15:41,523][root][INFO] - Finished replay epoch 9975/10000
[2026-05-28 22:15:46,893][root][INFO] - Finished replay epoch 9976/10000
| pretrain       | Iter: 0 | T: 18:34:19 | BS: 3392 | Batched Update FPS: 4.1141
[2026-05-28 22:15:52,220][root][INFO] - Finished replay epoch 9977/10000
[2026-05-28 22:15:57,519][root][INFO] - Finished replay epoch 9978/10000
[2026-05-28 22:16:02,858][root][INFO] - Finished replay epoch 9979/10000
[2026-05-28 22:16:08,298][root][INFO] - Finished replay epoch 9980/10000
| pretrain       | Iter: 0 | T: 18:34:40 | BS: 3392 | Batched Update FPS: 3.0797
[2026-05-28 22:16:13,659][root][INFO] - Finished replay epoch 9981/10000
[2026-05-28 22:16:18,937][root][INFO] - Finished replay epoch 9982/10000
[2026-05-28 22:16:24,215][root][INFO] - Finished replay epoch 9983/10000
[2026-05-28 22:16:29,553][root][INFO] - Finished replay epoch 9984/10000
| pretrain       | Iter: 0 | T: 18:35:00 | BS: 3392 | Batched Update FPS: 3.2015
[2026-05-28 22:16:34,961][root][INFO] - Finished replay epoch 9985/10000
[2026-05-28 22:16:40,265][root][INFO] - Finished replay epoch 9986/10000
[2026-05-28 22:16:45,624][root][INFO] - Finished replay epoch 9987/10000
[2026-05-28 22:16:51,019][root][INFO] - Finished replay epoch 9988/10000
| pretrain       | Iter: 0 | T: 18:35:21 | BS: 3392 | Batched Update FPS: 3.9798
[2026-05-28 22:16:56,371][root][INFO] - Finished replay epoch 9989/10000
[2026-05-28 22:17:01,669][root][INFO] - Finished replay epoch 9990/10000
[2026-05-28 22:17:06,971][root][INFO] - Finished replay epoch 9991/10000
[2026-05-28 22:17:12,227][root][INFO] - Finished replay epoch 9992/10000
| pretrain       | Iter: 0 | T: 18:35:41 | BS: 3392 | Batched Update FPS: 3.1414
[2026-05-28 22:17:17,574][root][INFO] - Finished replay epoch 9993/10000
[2026-05-28 22:17:22,903][root][INFO] - Finished replay epoch 9994/10000
[2026-05-28 22:17:28,244][root][INFO] - Finished replay epoch 9995/10000
[2026-05-28 22:17:33,543][root][INFO] - Finished replay epoch 9996/10000
| pretrain       | Iter: 0 | T: 18:36:02 | BS: 3392 | Batched Update FPS: 3.3106
[2026-05-28 22:17:38,828][root][INFO] - Finished replay epoch 9997/10000
[2026-05-28 22:17:44,168][root][INFO] - Finished replay epoch 9998/10000
[2026-05-28 22:17:49,429][root][INFO] - Finished replay epoch 9999/10000
[2026-05-28 22:17:54,996][root][INFO] - Finished replay epoch 10000/10000
[shutdown] starting
[shutdown] closing eval_env
[shutdown] closing train_envs
[shutdown] shutting down replay_buffer
[2026-05-28 22:17:55,350][root][INFO] - Clearing disk replay buffer.
[shutdown] finishing wandb
wandb: updating run metadata
wandb: uploading output.log; uploading wandb-summary.json; uploading config.yaml
wandb: uploading output.log
wandb: 
wandb: Run history:
wandb:                    pretrain/actor_kl_loss █▆▃▅▂▁▂▂▂▁▂▁▁▁▂▂▁▁▂▁▁▁▁▁▁▁▁▁▁▁▁▁▂▁▁▁▁▁▁▁
wandb:                    pretrain/actor_l1_loss █▆▅▅▄▃▃▃▂▂▂▂▂▂▂▂▂▂▁▁▁▁▁▁▁▁▁▁▁▁▁▁▁▁▁▁▁▁▁▁
wandb:                       pretrain/actor_loss █▆▆▅▄▄▃▄▃▃▃▃▃▃▃▃▂▂▂▂▂▂▂▂▂▂▁▂▂▂▁▁▁▁▁▁▁▁▁▁
wandb:      pretrain/actor_valid_action_fraction ▄▅▆▃▅▄▆▆▁▃▅▅▃▆▅▆▄▄▆▂▆▂▅▃▃▅▅▇▅▆▃▅▄▅▃▄▂▃▄█
wandb: pretrain/agent_batched_updates_per_second ▁▁▂▁▁▂▃▃▅▁▅▅▂▇▃▄▃▅▃▁▇▁█▅▁▃▃▃▄▁▃▅▁▅▁▄▅▂▅▃
wandb:         pretrain/agent_updates_per_second ▅▂▅▃▄█▃▃▄█▅▄▃▆▂▅▂▇▂▃▄▃▃▄▄▄▃▂▂▃▄▄▃▆▆▃▁▄▄▂
wandb:                     pretrain/batch_reward ▁▁██▆█▃▃▆▃▃▆▃▃▃▆▁█▆▆▃▃▁▆▁▃▁▁▃▁█▆▁▃▃▁▁▁▃▆
wandb:                      pretrain/buffer_size ▁▁▁▁▁▁▁▁▁▁▁▁▁▁▁▁▁▁▁▁▁▁▁▁▁▁▁▁▁▁▁▁▁▁▁▁▁▁▁▁
wandb:                     pretrain/env_episodes ▁▁▁▁▁▁▁▁▁▁▁▁▁▁▁▁▁▁▁▁▁▁▁▁▁▁▁▁▁▁▁▁▁▁▁▁▁▁▁▁
wandb:                        pretrain/env_steps ▁▁▁▁▁▂▂▂▂▂▂▃▃▃▃▄▅▅▅▅▅▅▅▅▅▆▆▆▇▇▇▇▇▇▇█████
wandb:                                       +32 ...
wandb: 
wandb: Run summary:
wandb:                    pretrain/actor_kl_loss 0.0
wandb:                    pretrain/actor_l1_loss 0.00428
wandb:                       pretrain/actor_loss 0.0043
wandb:      pretrain/actor_valid_action_fraction 0.91797
wandb: pretrain/agent_batched_updates_per_second 3.31063
wandb:         pretrain/agent_updates_per_second 423.76037
wandb:                     pretrain/batch_reward 0
wandb:                      pretrain/buffer_size 3392
wandb:                     pretrain/env_episodes 0
wandb:                        pretrain/env_steps 259900
wandb:                                       +32 ...
wandb: 
wandb: 🚀 View run act_epoch40_fs4_lr3e5_kl20 at: https://wandb.ai/nixsuperdai/act_bigym/runs/7sg50q6f
wandb: ⭐️ View project at: https://wandb.ai/nixsuperdai/act_bigym
wandb: Synced 5 W&B file(s), 104 media file(s), 0 artifact file(s) and 0 other file(s)
wandb: Find logs at: ./wandb/run-20260528_034112-7sg50q6f/logs
[shutdown] done
